Dosya_Adi,Boyut_Bayt,Sifir_Orani,Ortalama_Entropi,Toplam_API,Supheli_API,Etiket
ember_cb54e99508da.exe,245659,3.48,4.911,154,0,0
ember_3698afd37cd5.exe,1787392,12.61,4.451,11,0,0
ember_e8f60f6fce42.exe,286536,17.21,3.928,1,0,0
ember_38a2020fc99e.exe,53248,32.75,4.625,66,2,0
ember_e0c7568352d0.exe,387128,25.03,4.836,260,0,0
ember_21b7f7b5504a.exe,5003907,0.78,4.752,100,2,0
ember_8557da1477df.exe,116824,25.81,4.063,76,1,0
ember_cf974b2b5249.exe,8192,20.03,1.258,0,0,0
ember_a4c547d054de.exe,279552,18.01,4.702,128,1,0
ember_03c8e273551e.exe,1945837,0.81,4.539,126,0,0
ember_0e3738e5a150.exe,21688,23.68,3.56,61,1,0
ember_573ed0603270.exe,344064,21.92,4.955,82,0,0
ember_41c82b322d98.exe,808148,14.18,1.098,0,0,0
ember_8aaee1bb2e97.exe,1304168,16.02,5.004,390,1,0
ember_38c774841186.exe,230524,8.93,5.736,104,1,0
ember_cf5e185f050d.exe,1196544,2.05,4.687,1,0,0
ember_05b6217d143a.exe,1050572,10.53,1.322,0,0,0
ember_32f6a1506063.exe,1091997,4.79,5.552,149,1,0
ember_ae0f3d4cdae3.exe,1839616,14.01,4.897,1981,1,0
ember_f7ffac97a1eb.exe,119296,28.56,3.954,1,0,0
ember_de19fa8ddd4e.exe,8776,17.13,3.316,0,0,0
ember_315172621bf4.exe,10485760,0.78,4.578,171,0,0
ember_1a3c4d0f2366.exe,200083,9.31,1.114,0,0,0
ember_b00ebe9829af.exe,1612352,21.9,5.762,156,2,0
ember_155a604fbbff.exe,10480054,0.65,4.531,125,1,0
ember_281756845f4a.exe,1155185,17.57,5.213,524,2,0
ember_9cccad5ea7b0.exe,822272,10.8,6.439,0,0,0
ember_8f25be195002.exe,85696,27.75,3.404,1,0,0
ember_a730aac6b854.exe,89600,28.88,4.164,2,0,0
ember_e57b0cb1945c.exe,140873,82.47,4.911,69,0,0
ember_2e6efdd4d767.exe,10483225,0.54,5.175,158,0,0
ember_884eb0ac178e.exe,1378648,37.26,1.383,0,0,0
ember_efb14841492e.exe,10482165,0.79,4.551,165,0,0
ember_0659989f0309.exe,4703728,14.82,6.383,373,2,0
ember_e61cfa616967.exe,51544,46.36,4.301,38,1,0
ember_1ce42bdd7646.exe,423944,11.32,3.759,1,0,0
ember_dff9413c0adb.exe,86016,31.37,4.492,80,2,0
ember_1551fc43b156.exe,30118,63.29,2.032,49,0,0
ember_18e18c38165c.exe,5002260,0.46,7.945,6,0,0
ember_1168481e85ef.exe,283579,3.4,3.798,78,0,0
ember_41433dca3a0d.exe,803748,14.25,1.096,0,0,0
ember_086e078fb74b.exe,544768,47.59,3.04,1,0,0
ember_16f6739db8e4.exe,657515,13.87,1.099,0,0,0
ember_88c0f3b67e5d.exe,5001648,1.1,4.357,120,2,0
ember_d223573d3bb9.exe,21040,10.72,5.099,0,0,0
ember_080afb88eb98.exe,2482184,13.46,5.153,191,2,0
ember_b72e9013a620.exe,102400,13.04,5.705,98,0,0
ember_221eaacf9efc.exe,10485060,19.75,2.916,0,0,0
ember_103579547723.exe,325632,5.79,4.171,1,0,0
ember_f441916a4964.exe,970752,61.96,3.485,428,1,0
ember_335a42d3bac1.exe,247808,4.53,4.716,1,0,0
ember_73af535f0402.exe,10349056,4.15,5.379,26,0,0
ember_aba0d2f948c2.exe,440320,19.17,5.173,636,1,0
ember_1d6c9cd9ae34.exe,10485760,0.72,5.535,133,2,0
ember_12515e7046f8.exe,28160,26.72,5.341,55,1,0
ember_72e010c0e3a8.exe,150016,28.97,3.585,1,0,0
ember_11bf0fc55c2a.exe,22344,25.39,3.438,1,0,0
ember_040b595bba9d.exe,24576,31.76,2.556,0,0,0
ember_ba581830b33f.exe,232140,0.33,0.0,0,0,0
ember_e84ea581debd.exe,637992,9.46,5.513,195,1,0
ember_0ab7c04769ee.exe,5003048,1.58,3.718,119,2,0
ember_dd2f851da9fc.exe,20499,47.47,3.431,50,0,0
ember_7fb6313ecfc6.exe,221184,26.03,3.025,82,0,0
ember_f94ee37181a6.exe,99288,11.81,5.24,187,1,0
ember_fc54865cb889.exe,163328,12.6,4.539,1,0,0
ember_18d5285e0069.exe,4354048,1.0,5.798,16,1,0
ember_4c058e113257.exe,2973696,25.06,4.551,521,3,0
ember_b26cfae22a10.exe,9592080,34.54,5.424,565,2,0
ember_85486af68cdb.exe,254464,27.03,3.463,1,0,0
ember_bf37ec46b0c7.exe,4849664,2.74,5.561,106,2,0
ember_87b3721a3ec7.exe,1434275,16.88,4.799,210,2,0
ember_dc6c483137a1.exe,120320,24.62,2.797,138,1,0
ember_71071a68b12e.exe,5000932,1.93,4.616,194,0,0
ember_17165d830518.exe,934944,19.48,3.976,2477,1,0
ember_f18722681a72.exe,64512,25.72,3.724,1,0,0
ember_e251328ca65f.exe,233472,21.97,3.905,1,0,0
ember_745affb656be.exe,188264,13.65,5.027,1,0,0
ember_ba5f67bb8134.exe,43895,17.91,2.601,0,0,0
ember_180c37bbfcd8.exe,2509824,17.32,5.099,374,0,0
ember_a329c7728e95.exe,9504000,0.56,6.154,158,0,0
ember_062f6759630b.exe,300533,1.53,5.652,7,0,0
ember_0b4343acc202.exe,95232,23.12,4.442,101,1,0
ember_949384ec6b40.exe,818398,14.0,1.099,0,0,0
ember_641ddca35257.exe,1587293,2.22,5.366,59,0,0
ember_aa78ff6d0d8a.exe,7680,50.64,3.488,1,0,0
ember_cacd911352ff.exe,5002207,0.99,5.078,22,0,0
ember_77510648d73f.exe,1246720,31.63,3.299,1,0,0
ember_a39010b7056d.exe,1460080,20.69,4.599,191,2,0
ember_c36854828cbc.exe,245760,23.21,4.997,86,0,0
ember_d9317516163c.exe,529724,9.43,1.088,0,0,0
ember_08197bc6727a.exe,105984,8.42,2.832,1,0,0
ember_504353970390.exe,647168,10.02,1.666,0,0,0
ember_f695b5ad3f91.exe,74752,12.22,4.556,1,0,0
ember_69eb3d8b25ec.exe,8192,37.17,3.203,1,0,0
ember_4e3328f9213a.exe,5002564,1.23,4.773,167,0,0
ember_3d386b0a0a62.exe,4453888,0.82,6.222,12,0,0
ember_a87b1d2577f8.exe,19616,12.94,3.519,1,0,0
ember_e611eaaf4e80.exe,5000784,1.48,5.299,154,0,0
ember_389d5a2e6e49.exe,807550,14.19,1.097,0,0,0
ember_9ec773f117f8.exe,4505291,2.4,3.945,2,0,0
ember_4dea797e77c9.exe,13824,34.4,4.828,0,0,0
ember_b811e3c6f836.exe,1540096,0.12,3.542,0,0,0
ember_3497215df563.exe,13312,42.5,3.325,1,0,0
ember_e4c159aba63a.exe,27648,36.06,4.27,61,0,0
ember_af53c63313a2.exe,782848,0.86,0.0,0,0,0
ember_df8e10ad4026.exe,5003415,0.8,5.513,154,0,0
ember_5dc36a4dcbff.exe,5003967,0.7,5.175,158,0,0
ember_21eeeb374c33.exe,1574096,14.71,5.17,210,2,0
ember_533d8460cbfb.exe,332288,19.38,4.585,317,2,0
ember_0f7006d6d36f.exe,189952,14.39,5.319,100,1,0
ember_af3477ae72e9.exe,2736128,26.03,3.818,1,0,0
ember_c883b3d40192.exe,21004,22.9,5.322,27,1,0
ember_0404c08f7420.exe,12800,55.84,3.885,0,0,0
ember_cea54ab3749c.exe,352256,4.87,3.726,90,1,0
ember_c448ccbadee2.exe,15212520,57.75,2.062,0,0,0
ember_2b2a72c241a5.exe,29472,15.89,5.769,91,1,0
ember_c5a915247c35.exe,802881,14.27,1.096,0,0,0
ember_7b5e1a4e26ed.exe,1130840,95.64,0.825,0,0,0
ember_c7a104dfcf62.exe,97792,26.44,3.771,153,1,0
ember_1be66fd37b51.exe,1574438,19.1,4.136,125,0,0
ember_d585fe2421c8.exe,1921536,24.69,2.836,862,1,0
ember_9d571eb8a52d.exe,3649377,0.83,5.537,159,0,0
ember_b08e254baf90.exe,5001508,0.63,4.202,8,0,0
ember_beb8a2ab5e8f.exe,135737,4.26,4.203,8,0,0
ember_3150acd8d609.exe,2570316,15.55,5.79,268,2,0
ember_85da8e35b59c.exe,653076,2.05,4.426,83,0,0
ember_25a6d2ccb0b8.exe,1150876,23.47,5.048,311,2,0
ember_e6201fb76179.exe,559729,10.85,6.828,10,0,0
ember_7f93a93855f0.exe,803328,17.52,5.651,3068,0,0
ember_c37d66446e84.exe,15360,30.31,3.24,1,0,0
ember_313ec9d1f483.exe,69832,20.58,3.61,1,0,0
ember_1877b50fec08.exe,53456,22.8,4.028,47,0,0
ember_d1cff7d95053.exe,100472,25.6,3.461,1,0,0
ember_12524f9cd2c0.exe,168960,33.84,3.353,1,0,0
ember_c689b8a7cd0a.exe,28753,19.79,0.966,0,0,0
ember_dd96497acecf.exe,32768,40.91,3.97,46,1,0
ember_dc5ef3e77fbb.exe,67248,24.96,5.049,50,1,0
ember_520ea6087750.exe,334848,26.63,3.586,1,0,0
ember_50e7f4f51c5a.exe,367888,4.65,6.435,11,0,0
ember_feae90be78cc.exe,1921024,16.87,4.461,1,0,0
ember_927f261ee59f.exe,5002568,0.53,5.189,154,0,0
ember_5c08382a98c9.exe,1155185,17.57,5.213,524,2,0
ember_2a1d6c755e33.exe,799951,14.32,1.095,0,0,0
ember_095750d0d026.exe,280576,4.51,4.693,1,0,0
ember_1ebc01270ee6.exe,41176,24.16,3.792,1,0,0
ember_2c6b7f8e63ac.exe,1320532,3.03,3.804,171,0,0
ember_7677a63315db.exe,430592,20.46,5.144,194,2,0
ember_3e409b01af63.exe,887960,17.1,5.042,479,4,0
ember_35421dcd1d6f.exe,3072,54.65,4.006,0,0,0
ember_ecb8e20ee63f.exe,1071616,21.17,5.959,0,0,0
ember_181e0b7f4f6b.exe,555520,2.03,6.146,1,0,0
ember_02c59f8f96d5.exe,217088,8.82,6.51,143,1,0
ember_ef9ca9c6e4ce.exe,209920,2.8,6.291,20,0,0
ember_7dfeb5ae3a54.exe,237736,15.61,5.848,117,1,0
ember_2673abb0bc30.exe,1695822,5.81,3.293,62,0,0
ember_0ce6a96d0c00.exe,14336,34.21,3.697,1,0,0
ember_ecbbe4f17409.exe,5003577,0.78,4.746,154,0,0
ember_51821ca7f4f3.exe,2672032,13.5,5.502,282,2,0
ember_0c46daef033d.exe,458752,23.92,5.17,219,0,0
ember_a5d281756b7f.exe,32768,69.58,1.735,49,0,0
ember_9a722d349217.exe,1666232,14.02,5.625,148,1,0
ember_e6ee9cee4f52.exe,41984,35.3,2.716,42,1,0
ember_6c045f19d2b0.exe,228864,26.36,5.588,0,0,0
ember_f3db2509ee7f.exe,5001979,2.78,4.547,8,0,0
ember_e08b7bcb97f4.exe,1307648,29.83,3.219,1,0,0
ember_a3e6e83c8392.exe,275846,16.72,1.553,0,0,0
ember_b08d357dfeb5.exe,9728,32.85,3.249,1,0,0
ember_04da4dea02be.exe,23552,39.35,4.033,50,1,0
ember_65480079b4ad.exe,1689089,5.81,5.92,349,2,0
ember_a20101605370.exe,6144,64.79,3.85,10,0,0
ember_f3cb2b362a09.exe,183808,25.59,4.016,271,0,0
ember_8c62eb63788c.exe,461473,15.21,0.816,0,0,0
ember_582918bb21b3.exe,53248,41.95,3.233,1,0,0
ember_72cbe899803c.exe,4096,93.53,0.0,0,0,0
ember_adcd039c4e78.exe,7168,54.19,3.97,10,0,0
ember_49bbd1b3a300.exe,2020680,13.69,4.996,322,2,0
ember_cfc63331744f.exe,800814,14.31,1.095,0,0,0
ember_8ef54005d306.exe,950704,0.23,0.0,0,0,0
ember_6dd93861c97b.exe,24514408,1.08,4.841,108,0,0
ember_1a2257206778.exe,20584,14.3,3.469,1,0,0
ember_d30837397c34.exe,654569,13.94,1.099,0,0,0
ember_3052b78e912f.exe,131072,29.03,3.547,89,0,0
ember_b3dc1b430595.exe,10485760,0.78,4.384,122,2,0
ember_c900f43db244.exe,359424,20.21,4.675,229,1,0
ember_f883f38765da.exe,131584,13.94,5.402,383,1,0
ember_ac0d362b524f.exe,5003913,0.96,5.303,146,0,0
ember_57f247887bf9.exe,28160,50.83,3.737,0,0,0
ember_8b31991c24dd.exe,2568552,11.81,5.501,98,1,0
ember_833e7c934429.exe,11056,31.75,3.665,1,0,0
ember_5e421db6984b.exe,233984,26.11,3.652,1,0,0
ember_c5b876c107c8.exe,1321984,15.57,4.831,1,0,0
ember_4500cf261b7d.exe,701596,20.36,5.233,1,0,0
ember_6c73ab28e607.exe,681840,26.63,4.894,164,0,0
ember_422ed54ddd3b.exe,2241232,15.94,5.005,769,1,0
ember_602db70eaf17.exe,267264,34.85,4.204,1389,0,0
ember_aaac19ca4bad.exe,491520,19.98,5.005,112,0,0
ember_c43ac657c161.exe,20480,73.28,3.368,1,0,0
ember_9324505da679.exe,5000556,0.67,5.286,204,1,0
ember_d8bb4c63c16f.exe,81920,30.2,3.475,1,0,0
ember_13533601f8b1.exe,1153966,11.26,1.257,0,0,0
ember_49739064d92e.exe,1655857,6.4,2.554,0,0,0
ember_384f7bbb6a4c.exe,458752,23.17,3.897,697,0,0
ember_1c1c37cd5095.exe,39648,25.83,3.297,0,0,0
ember_fdb9359c7b0f.exe,103352,24.9,3.458,1,0,0
ember_8274218da209.exe,203384,20.87,4.226,7,0,0
ember_0f6c7efc12b3.exe,1777160,22.97,4.677,1854,1,0
ember_fecbf817dd5d.exe,10480822,0.54,5.548,154,0,0
ember_960e39752d33.exe,37376,55.09,3.845,0,0,0
ember_5b813db9fee9.exe,478120,17.36,4.394,125,2,0
ember_cae8512fc823.exe,10752,62.51,2.051,0,0,0
ember_9da3f1062774.exe,141828,24.98,4.57,177,1,0
ember_bb9219c2285e.exe,301568,31.63,3.186,1,0,0
ember_d16ae9cb94e5.exe,22357904,11.02,5.1,647,2,0
ember_4ea802312e61.exe,83776,27.24,4.614,146,0,0
ember_ddad3b90c8ff.exe,136192,21.37,3.766,237,0,0
ember_b968da45602c.exe,12288,17.77,1.295,0,0,0
ember_ab2c77c44b48.exe,5032099,1.63,5.028,134,1,0
ember_5ddd2e466eee.exe,96256,20.49,3.901,167,1,0
ember_7cdabd88a0a9.exe,29696,23.33,1.122,0,0,0
ember_73f218131177.exe,893128,19.64,4.853,180,1,0
ember_cf2402bea49a.exe,11480803,16.9,4.185,658,3,0
ember_c8f82af9b5bc.exe,16896,48.75,2.607,43,1,0
ember_77610b014929.exe,28677,12.32,1.289,0,0,0
ember_ff8a042fa164.exe,96233,25.38,4.786,118,1,0
ember_dd2b5928747a.exe,2479104,1.28,4.669,1,0,0
ember_cf9396501688.exe,5001140,1.53,5.398,126,2,0
ember_1537643fa115.exe,10485414,0.56,5.204,158,0,0
ember_0e8b1c7d2f6c.exe,45056,65.76,4.132,69,0,0
ember_ee0d6eb6fcf8.exe,3649536,10.84,5.359,1,0,0
ember_7304f05a5cb1.exe,1462272,40.53,4.464,0,0,0
ember_45085a149f11.exe,35848,21.26,3.625,1,0,0
ember_e4cba4e6ec9c.exe,10485323,0.64,5.737,164,0,0
ember_0519eae24101.exe,1896448,0.62,5.858,98,0,0
ember_88ba79692d81.exe,807507,14.19,1.097,0,0,0
ember_e7d577769151.exe,120320,5.46,7.421,3,0,0
ember_d6135c38944a.exe,26416,12.49,4.081,0,0,0
ember_7fc9aa476ffe.exe,183027,38.97,4.142,120,2,0
ember_e83f63833b3d.exe,5003079,0.69,5.183,151,0,0
ember_e07a799a1646.exe,51112,40.45,3.568,1,0,0
ember_d3aa8d903148.exe,4224,18.77,6.153,0,0,0
ember_f1aa913bb490.exe,899584,18.09,4.352,1,0,0
ember_15e6d286ee69.exe,5000514,6.33,4.799,303,2,0
ember_21858dbd7186.exe,685576,11.35,3.973,284,0,0
ember_df7a15c7c97f.exe,8821907,18.35,4.326,382,1,0
ember_fc3eeafd8e39.exe,204224,20.39,4.55,83,1,0
ember_2d3d726433f9.exe,815745,14.05,1.1,0,0,0
ember_ef04c77dab2e.exe,826510,13.86,1.103,0,0,0
ember_457e3e0f1822.exe,7680,46.63,4.828,34,1,0
ember_ac9ea909e0c1.exe,1219584,18.19,3.606,1,0,0
ember_72bd2f9ba52d.exe,11776,34.26,3.255,1,0,0
ember_f3a5f43aa8a9.exe,10481060,0.92,4.42,250,2,0
ember_3218d0025164.exe,5001972,0.67,5.286,204,1,0
ember_7498a48b59fc.exe,17408,52.57,3.916,0,0,0
ember_66287059136c.exe,5002054,23.77,5.625,256,1,0
ember_34242758365f.exe,249344,2.62,4.959,1,0,0
ember_f644b1c75ce7.exe,229376,13.48,1.272,0,0,0
ember_59f42479c9a9.exe,11264,32.87,3.501,1,0,0
ember_8bc536b7258c.exe,117434,15.78,1.621,0,0,0
ember_3f9c90293250.exe,2059745,8.79,3.925,128,0,0
ember_100c9f0927cd.exe,146432,50.4,3.469,0,0,0
ember_a20399af5006.exe,119808,24.33,3.617,1,0,0
ember_127dacb64b42.exe,2668820,19.0,4.233,111,0,0
ember_dfaf23bf9f16.exe,107520,25.44,3.62,1,0,0
ember_47be0d81d2d2.exe,46958,32.58,3.192,17,0,0
ember_cb71eedf2413.exe,11666644,0.5,4.423,8,0,0
ember_91b28cc1548a.exe,5003392,0.64,5.473,154,0,0
ember_54cc771367eb.exe,4001104,1.27,4.424,135,2,0
ember_5b9b09f7f485.exe,621620,18.63,3.955,367,1,0
ember_7436ab098fb6.exe,1939780,3.48,6.912,22,0,0
ember_8ca41b1c1a9d.exe,143360,6.54,3.852,1,0,0
ember_84e7dab37127.exe,250760,15.57,4.547,188,1,0
ember_527b950aa16f.exe,5002659,0.71,4.677,8,0,0
ember_de28483631a2.exe,2025472,29.86,4.59,1,0,0
ember_85ca907a7021.exe,621620,18.63,3.955,367,1,0
ember_479c1b454aa0.exe,712704,22.42,3.943,1,0,0
ember_e58c9583e785.exe,1627968,18.27,4.99,570,2,0
ember_2d8c8979d250.exe,376832,9.95,5.41,176,2,0
ember_99968291fab6.exe,4096,25.39,1.573,0,0,0
ember_87cd69ef4aba.exe,6629121,0.98,3.83,129,1,0
ember_2fb26ea49ed3.exe,108544,20.0,3.38,206,1,0
ember_077395356bfb.exe,8192,43.65,3.297,1,0,0
ember_71b98be452fb.exe,13824,42.57,3.878,42,0,0
ember_4f2bf071253d.exe,1814528,23.11,4.169,153,0,0
ember_7612c044c01e.exe,319944,11.29,4.291,80,1,0
ember_cd1185db64e2.exe,65544,19.11,4.103,104,1,0
ember_0f49b74af04c.exe,380416,26.18,5.433,1,0,0
ember_b0833cf051e4.exe,151552,1.39,3.962,0,0,0
ember_b812831d12f6.exe,445952,38.66,4.219,88,0,0
ember_8c536189f805.exe,355344,14.02,4.278,223,1,0
ember_58cacbe0b4ef.exe,82239,21.57,4.776,162,1,0
ember_02bbd4ed7202.exe,5822376,5.61,3.947,272,5,0
ember_5666d9da3f0e.exe,1130840,4.11,5.376,98,1,0
ember_7b314372f029.exe,50480,16.45,4.759,101,0,0
ember_3cc28aa0e717.exe,962560,9.3,5.724,13,0,0
ember_5f626c254d88.exe,5000864,0.61,4.602,167,0,0
ember_35c6501ac420.exe,28672,58.82,3.662,1,0,0
ember_65a34e76f79d.exe,804026,14.25,1.096,0,0,0
ember_050f3deb78bd.exe,5001929,0.85,5.303,146,0,0
ember_ed7007c96828.exe,14848,33.3,3.541,1,0,0
ember_b5b3a8cfecd8.exe,36864,10.72,1.315,0,0,0
ember_603caaf103e4.exe,3072,62.34,3.12,1,0,0
ember_7ee1ab3b3b5c.exe,14336,34.91,3.088,0,0,0
ember_127cfebc4021.exe,3040256,1.6,5.9,10,0,0
ember_3fb319ba698b.exe,707688,3.47,4.824,1,0,0
ember_05618ff0e999.exe,156745,37.99,3.502,70,0,0
ember_ddab9b00803e.exe,62464,25.04,3.732,1,0,0
ember_c8d1f07111ef.exe,139264,18.53,4.455,166,1,0
ember_cea4645a42a6.exe,4096,55.25,3.96,0,0,0
ember_c05c7aef163d.exe,637992,9.46,5.513,195,1,0
ember_cb948c0a59e2.exe,83768,38.35,4.317,0,0,0
ember_bc21831358c1.exe,2220656,19.17,1.741,359,3,0
ember_409a5110d442.exe,2584576,19.29,4.929,371,1,0
ember_422d4f6ecf75.exe,801089,14.3,1.095,0,0,0
ember_de6e825ed46d.exe,205824,24.1,3.681,1,0,0
ember_343440682620.exe,802325,14.28,1.096,0,0,0
ember_53beb8135c81.exe,2474993,1.57,6.975,22,1,0
ember_ba519e618105.exe,154624,38.92,2.497,83,1,0
ember_1cf1ef5b701a.exe,4096,93.53,0.0,0,0,0
ember_3dfd28793194.exe,956416,18.76,4.646,304,1,0
ember_5bb8a5cb60eb.exe,783843,12.01,1.285,0,0,0
ember_922a1901abcc.exe,10495936,20.99,5.425,658,5,0
ember_0658bb706666.exe,12288,37.65,3.759,1,0,0
ember_a4d6355a2621.exe,2741075,28.08,3.098,350,3,0
ember_3f58ebd27197.exe,43520,21.44,5.086,80,1,0
ember_abf30e92d578.exe,8192,44.89,3.73,1,0,0
ember_d67868fd4ad0.exe,18944,31.99,3.207,1,0,0
ember_f2a6245e7ea6.exe,236032,1.19,6.917,26,0,0
ember_18dfe89abe4c.exe,1774592,21.65,4.053,1,0,0
ember_66560f6b9ac6.exe,2306048,94.6,4.387,243,1,0
ember_6997383081b9.exe,32768,57.15,3.98,61,1,0
ember_b46e20444c88.exe,409600,17.98,4.452,1,0,0
ember_7c14b55d6d70.exe,539317,13.57,1.633,0,0,0
ember_be6851f49193.exe,637992,9.46,5.513,195,1,0
ember_2e79e309b0bc.exe,270336,23.03,4.993,86,0,0
ember_be1fbe3fd10c.exe,5003468,1.01,3.811,130,1,0
ember_8336c4bb00d3.exe,597504,7.33,4.634,1,0,0
ember_99f2ea1ca0fd.exe,138220,13.13,1.713,0,0,0
ember_1eb4ad90d796.exe,411136,21.85,4.123,697,0,0
ember_46bba8ae06cd.exe,292224,12.73,5.936,117,1,0
ember_31601ba07952.exe,616960,26.24,3.669,1,0,0
ember_db206fe50b0d.exe,1756160,27.71,5.618,401,1,0
ember_9676850bd12a.exe,81744,23.83,3.479,1,0,0
ember_3bb0cecdb009.exe,5000557,0.86,4.467,115,1,0
ember_29418aed0c52.exe,595749,0.97,2.646,0,0,0
ember_98db37d21e0f.exe,1220207,2.74,4.644,12,0,0
ember_f9bf494afb75.exe,24576,85.57,3.558,16,0,0
ember_3851132cec72.exe,7680,39.23,3.76,1,0,0
ember_1d955f7aa41f.exe,22528,15.18,3.846,1,0,0
ember_5f6766c6440f.exe,801996,14.29,1.096,0,0,0
ember_5330b7354f17.exe,1114624,18.83,4.444,423,3,0
ember_f70decb6656d.exe,452096,11.4,4.917,1,0,0
ember_5b9e34a35138.exe,61952,24.68,3.727,1,0,0
ember_ca9613754be3.exe,21504,35.18,4.093,68,1,0
ember_ba8e89fed59e.exe,3679840,17.41,4.331,940,2,0
ember_2d66f1a5158c.exe,1532928,31.11,3.902,1,0,0
ember_32658680b4ba.exe,62211,22.9,3.868,138,0,0
ember_15724c621907.exe,1010688,1.52,5.278,7,0,0
ember_a9de9b88dee6.exe,2522573,11.61,4.223,412,5,0
ember_cc1bbef59f76.exe,757760,27.75,4.029,1,0,0
ember_b384686e2b47.exe,23048,17.74,3.82,39,0,0
ember_63f39a325ca3.exe,10481664,0.71,4.279,122,2,0
ember_4ed7670a5490.exe,811536,12.94,4.791,80,1,0
ember_933f215aab5b.exe,7623368,10.12,5.336,532,2,0
ember_77146dcedcf3.exe,69968,17.23,5.213,389,1,0
ember_ef96ec8db5fb.exe,84480,27.56,3.581,1,0,0
ember_6baa45b2aafc.exe,235880,7.54,4.025,167,0,0
ember_d15fdb13782a.exe,167936,22.04,4.047,195,0,0
ember_88ba0b1a7a00.exe,2263040,14.97,3.955,1,0,0
ember_0e8b4d9fe393.exe,1400520,30.23,4.518,189,1,0
ember_ccb9a10116a6.exe,15997,28.84,1.777,0,0,0
ember_417b21d01291.exe,232095,27.76,4.277,144,1,0
ember_f83ddbd78a74.exe,238080,17.84,5.491,149,1,0
ember_b7fd0fa0ef59.exe,10483999,21.13,1.248,0,0,0
ember_22599119472f.exe,10485760,0.81,4.346,122,2,0
ember_62e04b0e61d2.exe,192512,5.05,4.572,1,0,0
ember_bab48cb7cc21.exe,105776,38.65,3.482,1,0,0
ember_fbd2b343f2d8.exe,66560,50.95,3.786,0,0,0
ember_15e54acc6c1f.exe,754688,1.17,4.73,1,0,0
ember_570c8c32237e.exe,865672,15.34,5.602,131,1,0
ember_fbbcf9f6274b.exe,808279,14.17,1.097,0,0,0
ember_a0d952ec24dc.exe,33280,31.83,3.358,1,0,0
ember_b3fdd629075c.exe,410280,17.52,5.186,95,1,0
ember_41ef5c8807e9.exe,93184,15.11,4.359,1,0,0
ember_763973410609.exe,5120,29.08,4.092,0,0,0
ember_9a31e64d6c26.exe,1444159,16.77,4.799,210,2,0
ember_2056dbefca7f.exe,21004,22.99,5.34,26,1,0
ember_c997e4e96228.exe,1507328,0.82,3.541,0,0,0
ember_9afd5a965662.exe,196296,53.03,2.668,0,0,0
ember_d59198429f52.exe,195072,19.89,4.46,552,1,0
ember_57adbac5159e.exe,12800,23.12,5.592,7,0,0
ember_91a02d6597c8.exe,729088,84.86,0.555,0,0,0
ember_72f902336d57.exe,47664,17.56,3.633,1,0,0
ember_cdc9ebb820a8.exe,82912,19.42,3.188,0,0,0
ember_62666394485b.exe,43520,14.19,4.405,1,0,0
ember_6032c8900c1a.exe,637992,9.46,5.513,195,1,0
ember_02e8651665b4.exe,4898816,1.07,4.717,101,1,0
ember_f72a5b9df10d.exe,5001945,0.72,3.536,122,0,0
ember_fed1424e942f.exe,25088,32.93,3.499,1,0,0
ember_c6ea4755b214.exe,9728,33.33,4.086,0,0,0
ember_1561b323137b.exe,1048576,1.28,3.757,0,0,0
ember_95068d5a8835.exe,5000954,2.61,4.549,167,0,0
ember_19627391a79a.exe,6448,18.94,4.07,0,0,0
ember_14a253f1010d.exe,126976,25.33,4.55,205,2,0
ember_50d73f922a40.exe,157696,5.26,6.177,7,0,0
ember_0ae552c1a096.exe,242176,24.75,4.432,268,2,0
ember_a50f78bf2fc3.exe,49050,4.81,5.747,3,0,0
ember_9f4d845d274c.exe,523568,13.09,5.578,81,1,0
ember_44be3787b2a7.exe,92952,20.17,4.328,135,1,0
ember_1de27550bbed.exe,552960,10.13,4.349,59,1,0
ember_d35a40b21100.exe,284672,25.84,4.355,183,0,0
ember_b8632e2f783e.exe,488960,2.4,2.599,1,0,0
ember_9ddbba2106c1.exe,5632,51.08,3.442,1,0,0
ember_542cb9096513.exe,185968,31.48,5.037,215,1,0
ember_65196d8cb5b4.exe,142336,32.48,3.927,81,2,0
ember_25bd375454b9.exe,803998,14.25,1.096,0,0,0
ember_61d89b7159c3.exe,263984,16.2,4.41,109,1,0
ember_8daf02e64deb.exe,329728,20.59,4.633,223,1,0
ember_2f2d376f7f3f.exe,69632,43.85,4.06,80,0,0
ember_5becc780dbe1.exe,10481930,0.46,7.647,2,0,0
ember_ec09ac96dd8c.exe,5002076,5.11,4.7,357,2,0
ember_7da24037ec73.exe,463672,13.64,4.375,203,2,0
ember_d1ae092df458.exe,1483776,17.53,4.142,325,1,0
ember_b12d9d3dee50.exe,186368,11.55,7.289,0,0,0
ember_a44f9ca50793.exe,200704,30.09,4.475,273,1,0
ember_da3b8182bb31.exe,75264,24.83,3.919,110,2,0
ember_a31811f75610.exe,400896,22.35,3.794,1,0,0
ember_923e5f70d71b.exe,10484586,0.5,5.593,154,0,0
ember_57e4c8f7f6a5.exe,816131,14.04,1.1,0,0,0
ember_65e2ae5e7e2c.exe,1160704,17.87,3.7,168,2,0
ember_c3a8209880d7.exe,822784,17.54,5.125,460,1,0
ember_8fcdda987dc8.exe,188416,19.37,4.422,135,2,0
ember_ebc320afe24b.exe,36864,57.44,2.676,59,0,0
ember_4bd792a975ad.exe,1200000,4.04,4.193,103,1,0
ember_32fcd625bb57.exe,521216,22.88,4.875,1,0,0
ember_7fc8d6485d2d.exe,40960,49.49,3.857,57,0,0
ember_50fb99a52d87.exe,29320,24.4,4.751,0,0,0
ember_ac97ee31f7f4.exe,5000331,0.85,4.168,155,0,0
ember_825d7e29ed46.exe,10752,36.34,3.208,1,0,0
ember_39c671218be0.exe,29376,26.72,3.86,96,0,0
ember_e44289b6e3a0.exe,1064448,20.28,3.895,308,0,0
ember_48e633a36d0a.exe,406016,1.49,5.705,12,0,0
ember_50038cdbc4ba.exe,1190400,19.11,3.818,235,5,0
ember_e0cfd6742a0a.exe,225769,29.11,4.457,102,1,0
ember_4eccd1db325d.exe,173056,11.73,5.983,146,0,0
ember_7efb64d12ee2.exe,145920,15.31,4.223,85,2,0
ember_0b135fc34c27.exe,240640,3.66,4.7,1,0,0
ember_b2fbaebd8174.exe,1611776,30.19,5.226,570,0,0
ember_3d45d0c7cf07.exe,16384,19.06,1.605,0,0,0
ember_755c3b6f61e4.exe,574848,7.36,5.942,117,1,0
ember_b2d9e6d84cde.exe,1739510,3.38,6.274,21,0,0
ember_236bac0d91fa.exe,133448,30.91,4.765,118,2,0
ember_4e1bcf5a2dba.exe,266240,32.2,3.837,1,0,0
ember_8e6945872332.exe,778926,45.92,4.776,167,0,0
ember_136ee667b253.exe,13312,24.86,3.483,1,0,0
ember_be66e59085a7.exe,7348872,17.09,4.59,677,2,0
ember_65eb1eed7c4a.exe,332048,14.94,4.862,170,2,0
ember_c815f945ea42.exe,282642,24.3,1.239,0,0,0
ember_6fec06efbce4.exe,5003430,2.87,6.131,10,0,0
ember_9b3120c8c5e3.exe,2606592,6.52,5.685,475,4,0
ember_a751722e24df.exe,668672,29.97,3.615,1,0,0
ember_50e160619cc1.exe,804526,14.24,1.097,0,0,0
ember_bdffd6c0be6e.exe,30380,30.13,1.852,0,0,0
ember_794e9a679af0.exe,1416704,16.53,4.415,464,1,0
ember_b39e10b12c81.exe,61440,11.97,4.442,1,0,0
ember_0582f95f0deb.exe,30440,21.25,3.711,52,0,0
ember_4e4ab98a6d64.exe,803171,14.26,1.096,0,0,0
ember_76316bfaeade.exe,1656672,17.69,5.311,134,1,0
ember_de3474596d38.exe,615936,29.81,4.499,1,0,0
ember_59a54fbb75d5.exe,1610296,15.65,5.776,159,1,0
ember_39888642c68f.exe,270336,69.76,3.041,211,0,0
ember_8b2ca7534e52.exe,591872,18.41,3.888,346,1,0
ember_98521a027d70.exe,2064384,13.95,3.688,296,1,0
ember_9cfd30c4ea35.exe,16384,19.07,1.601,0,0,0
ember_e8da4fc31b04.exe,210944,30.54,3.489,1,0,0
ember_657efbe1cabc.exe,5000474,0.89,5.303,146,0,0
ember_76395624b006.exe,31064,17.68,3.313,1,0,0
ember_9559256f9e6b.exe,165336,19.43,4.498,102,2,0
ember_8d5883ece6ec.exe,806005,14.21,1.097,0,0,0
ember_0a2ec6c0a52c.exe,783696,13.18,4.971,324,1,0
ember_077904fcba2f.exe,1558778,2.75,4.508,53,1,0
ember_b095dfb370ca.exe,379904,6.18,4.671,1,0,0
ember_44b230cc2d43.exe,3039232,19.33,3.606,141,0,0
ember_cc4add805136.exe,19456,18.89,5.784,7,0,0
ember_c04035ba2c39.exe,5002752,0.64,4.387,8,0,0
ember_74afc68b957f.exe,235520,29.38,4.718,201,2,0
ember_6b78a01e144c.exe,743816,16.08,5.203,310,1,0
ember_5cd272fe7369.exe,209408,15.88,5.697,148,1,0
ember_95f152a419bb.exe,720896,0.08,3.094,0,0,0
ember_48bcfcf17f6e.exe,265728,5.81,5.895,9,0,0
ember_9367350e2e97.exe,26432000,18.04,5.263,539,2,0
ember_995d57cbf069.exe,377344,14.61,5.685,189,2,0
ember_feb299f47337.exe,2744320,5.33,4.828,329,1,0
ember_23e3d137203e.exe,1977856,19.19,4.572,1,0,0
ember_ce163005a4c1.exe,2560,68.63,3.047,1,0,0
ember_12279f62e37b.exe,49152,43.24,3.827,56,0,0
ember_e1f984138429.exe,1184361,7.4,2.479,0,0,0
ember_de3798656972.exe,637992,9.46,5.513,195,1,0
ember_2942d3911fa8.exe,36904,18.08,3.726,1,0,0
ember_6f6814bed218.exe,1363968,9.63,5.714,557,1,0
ember_7760ab798b37.exe,847461,1.57,4.923,84,0,0
ember_6258ad2ba37a.exe,722597,15.14,4.727,19,0,0
ember_d97255668c53.exe,69533,9.82,1.328,0,0,0
ember_301b33fcd7a2.exe,12022,15.57,2.215,0,0,0
ember_6df1581d05ac.exe,152576,94.99,3.701,21,1,0
ember_c97dc2b2117d.exe,253952,22.62,4.957,82,0,0
ember_da460208286e.exe,8376,15.58,4.112,0,0,0
ember_bc2de35ad637.exe,56320,24.13,5.069,139,1,0
ember_7043969de116.exe,2048,69.34,1.619,0,0,0
ember_ad0fa38690e5.exe,186368,9.52,3.257,1,0,0
ember_6887baed92ff.exe,37888,31.75,3.841,105,0,0
ember_3d5acfab258d.exe,507664,14.91,4.703,420,2,0
ember_759e1ba430c6.exe,518240,20.39,4.225,79,1,0
ember_b1fc038e5351.exe,51712,29.8,3.464,1,0,0
ember_1119e92490f7.exe,971056,21.25,4.519,318,2,0
ember_69d2e98a6dad.exe,794112,25.42,5.317,393,1,0
ember_0e4aa9e86da1.exe,1139568,3.45,5.948,117,1,0
ember_ded74984516d.exe,22176,22.62,4.168,0,0,0
ember_dcf10ee3301e.exe,56552,47.55,4.174,38,1,0
ember_34b93d7495a1.exe,16384,80.74,3.345,1,0,0
ember_5d65bc75d0f2.exe,802291,14.28,1.096,0,0,0
ember_deecd1638b40.exe,15371840,0.64,5.445,154,0,0
ember_7bd05c4e5533.exe,13824,41.66,3.425,76,0,0
ember_3169ecd0b1a1.exe,50688,20.02,5.511,0,0,0
ember_211912018a6e.exe,22656,15.61,3.645,1,0,0
ember_96ca57876dcc.exe,29691,28.39,4.567,111,0,0
ember_b842936e46f2.exe,405376,36.11,4.727,182,1,0
ember_6cd290e5f2f2.exe,120320,24.98,4.261,144,1,0
ember_217b54f2fc28.exe,5223216,26.17,3.79,1,0,0
ember_a87e9532fd56.exe,1130840,4.11,5.376,98,1,0
ember_a58440494e9b.exe,10752,53.99,3.325,33,0,0
ember_3030199b7940.exe,621620,18.63,3.955,367,1,0
ember_255faf12106f.exe,4736,30.41,2.514,0,0,0
ember_78cb2c7f6811.exe,2574771,3.92,5.354,18,0,0
ember_9bd441af19e9.exe,131072,14.21,4.929,133,0,0
ember_4c7ff7b08174.exe,8814592,7.23,2.569,0,0,0
ember_35a2a51a4627.exe,804170,14.25,1.096,0,0,0
ember_6b8d3f353ad7.exe,16384,42.43,3.344,50,1,0
ember_c799ba4dd2e4.exe,5003071,0.64,4.399,8,0,0
ember_7613f121b3e4.exe,826107,13.87,1.102,0,0,0
ember_55241b7f5e90.exe,4960256,16.18,4.731,231,1,0
ember_98c038458703.exe,3584,52.76,3.354,1,0,0
ember_0140696090d8.exe,5632,51.76,3.032,1,0,0
ember_37a7fc89af8e.exe,94720,22.81,5.014,80,2,0
ember_d54175f9c261.exe,14992,21.16,3.433,1,0,0
ember_5e19a8172f51.exe,354304,20.94,3.865,290,1,0
ember_ad27ec19c5e6.exe,28672,62.76,3.202,1,0,0
ember_7993d7b164ee.exe,233472,40.89,3.771,1,0,0
ember_0e8630d4754a.exe,916784,19.31,4.992,340,1,0
ember_198aff8459c1.exe,809496,4.75,5.35,135,2,0
ember_661644a8faeb.exe,2348544,10.82,5.592,1,0,0
ember_e8ffdafe7b00.exe,249856,29.23,4.792,174,0,0
ember_23e98c6846d5.exe,3577029,1.55,4.733,135,2,0
ember_70b2efb73c62.exe,26624,32.41,3.53,1,0,0
ember_80a53bce09e8.exe,4628480,16.12,4.636,641,2,0
ember_781d54088aa4.exe,1059880,17.3,5.346,165,0,0
ember_63a55477d537.exe,1111657,10.58,4.486,254,1,0
ember_2078ff0f2775.exe,204288,12.68,4.453,1,0,0
ember_d36e2ba360c3.exe,244978,22.24,4.386,286,0,0
ember_b2e848a574a9.exe,49664,33.96,4.312,285,1,0
ember_feaef98166f6.exe,1347072,1.27,4.204,1,0,0
ember_d76b21f739d1.exe,593920,28.29,1.546,0,0,0
ember_a55fca333cfd.exe,5000095,0.61,4.602,167,0,0
ember_102d02d45922.exe,825968,13.87,1.102,0,0,0
ember_79beb1985e22.exe,9120,15.95,5.703,0,0,0
ember_d8975b6746a0.exe,131072,17.27,5.303,146,0,0
ember_d0e560b9a6cc.exe,1029632,4.53,4.983,1,0,0
ember_8f54501dcaa1.exe,7680,42.01,3.394,1,0,0
ember_ee8d6192f555.exe,60416,14.92,1.168,0,0,0
ember_c9c5ac393606.exe,2481152,14.7,4.688,400,1,0
ember_06dd7147b690.exe,2977280,4.5,4.752,1,0,0
ember_75d5d61f69cc.exe,11040200,1.35,5.659,301,2,0
ember_e68ed50174ed.exe,921600,3.2,5.653,154,0,0
ember_650988b03cf9.exe,120932,1.31,3.958,0,0,0
ember_af4dff76755a.exe,5003311,6.48,3.857,261,3,0
ember_b5ebd1c0c6ff.exe,438272,20.38,3.852,225,1,0
ember_ca9c200d1a53.exe,61952,30.28,3.405,1,0,0
ember_635a3ab8daa1.exe,17408,33.0,3.768,1,0,0
ember_56c4f7d49a4b.exe,192640,98.98,0.043,0,0,0
ember_f1d2af2bfe50.exe,45056,10.52,1.316,0,0,0
ember_dad0e9d0b87b.exe,124928,30.35,3.518,1,0,0
ember_a2d54d4ac5f0.exe,393728,1.86,4.685,1,0,0
ember_895a8a644038.exe,10478091,2.0,5.386,158,0,0
ember_9c4135415c45.exe,51712,10.33,4.741,1,0,0
ember_f939e561c203.exe,42400,23.81,4.344,0,0,0
ember_9aad2d7e5426.exe,655360,2.09,4.507,8,0,0
ember_c1c5198d8d9d.exe,180337,6.38,3.02,1,0,0
ember_307eb157448c.exe,114688,34.75,3.664,1,0,0
ember_f26dc74b8611.exe,375544,18.63,4.795,288,1,0
ember_9b69752a930e.exe,66242,28.56,3.833,65,0,0
ember_a14f956305be.exe,2678868,7.37,6.276,338,2,0
ember_212da7ecb182.exe,29184,30.98,3.749,0,0,0
ember_2ae2c5a17038.exe,5003517,0.77,4.494,165,0,0
ember_f4bb0306d53a.exe,68096,29.81,3.573,1,0,0
ember_f303d1ebf78f.exe,2133744,10.35,5.081,10,0,0
ember_d1e69f2fd601.exe,20480,58.38,4.85,0,0,0
ember_346f4584851c.exe,367740,19.97,5.539,14,0,0
ember_9990f1a65a8f.exe,647168,15.68,3.949,158,0,0
ember_76412f736bd5.exe,1473624,2.25,6.263,124,1,0
ember_88093391ec7a.exe,5002153,0.64,4.397,8,0,0
ember_89f6d99d7efa.exe,20499,46.77,3.406,54,0,0
ember_6bfcf7ba7354.exe,4096,57.42,3.554,1,0,0
ember_d7993bcb1d5d.exe,1868456,22.18,5.299,381,1,0
ember_d8ef50da2722.exe,265904,12.2,5.211,199,2,0
ember_92fe3214f2fc.exe,14304,27.9,3.639,0,0,0
ember_c955466f368b.exe,1039784,12.25,5.313,157,2,0
ember_dc989bb0213b.exe,248296,28.68,4.747,201,2,0
ember_6cdc9e396614.exe,283668,26.48,5.406,179,1,0
ember_ed752e8ff756.exe,185967,31.48,5.037,215,1,0
ember_f5450da7bae9.exe,17920,21.93,4.317,1,0,0
ember_cf15b75603c9.exe,386560,22.44,3.657,1,0,0
ember_77305ad8c9da.exe,430806,16.21,0.71,0,0,0
ember_736e708ddc70.exe,3907326,0.56,7.304,22,1,0
ember_99bcbe2a545f.exe,13040,27.1,3.349,1,0,0
ember_6585ae14ff27.exe,10485497,0.74,4.358,120,2,0
ember_26d1b270e5ad.exe,799422,14.33,1.095,0,0,0
ember_0493f44f259d.exe,1785856,16.3,1.404,0,0,0
ember_e00a9337a06e.exe,708608,26.01,3.546,0,0,0
ember_9a5e1fdf6bc0.exe,3639348,1.31,4.932,135,2,0
ember_9851add18a1a.exe,524288,24.15,3.709,1,0,0
ember_0520ed92af39.exe,2048,67.77,3.01,1,0,0
ember_8bc8481159ab.exe,10479128,0.78,5.042,137,2,0
ember_b8437d5eae83.exe,320104,3.06,7.647,2,0,0
ember_fa3ef94f5406.exe,1470464,28.56,3.631,1,0,0
ember_0c45aef34440.exe,1388544,21.92,4.448,197,0,0
ember_bf22f3ba2297.exe,1456728,14.34,5.261,0,0,0
ember_440dc366964b.exe,31744,32.3,3.81,90,0,0
ember_90cbf1f3999c.exe,24576,74.03,4.848,10,0,0
ember_658dd396953c.exe,425304,17.37,5.607,202,2,0
ember_9fd8b7ead1fd.exe,6921239,8.67,1.105,0,0,0
ember_28fb46de0da9.exe,9728,31.73,3.342,1,0,0
ember_fa54c47937da.exe,19688,13.22,3.653,1,0,0
ember_285e23707ed6.exe,20807168,18.06,6.49,38,1,0
ember_a455079ddf7c.exe,133616,19.97,5.152,152,1,0
ember_6d2ba5f586f7.exe,12296,22.87,3.501,1,0,0
ember_c0ffcc12d800.exe,91648,14.27,4.489,1,0,0
ember_18e3a7824cad.exe,3353600,16.93,2.6,1,0,0
ember_ada6b9418475.exe,135168,19.92,4.91,87,0,0
ember_b358167d7f2f.exe,3400704,37.66,4.793,250,0,0
ember_ff5919402b88.exe,15872,31.99,2.25,0,0,0
ember_c0a67c8a1a0b.exe,28541752,0.64,4.497,233,2,0
ember_983948b034e2.exe,244660,22.72,4.676,120,2,0
ember_bf492900e66d.exe,45056,58.65,2.119,0,0,0
ember_38b41d1d56a4.exe,4915200,0.93,5.303,146,0,0
ember_2d81c30c7fb7.exe,28672,15.76,1.315,0,0,0
ember_0f62a45ee5da.exe,60728,19.21,3.462,82,1,0
ember_da4659d08574.exe,1251658,1.01,4.539,7,0,0
ember_05716632fff1.exe,842844,13.59,1.105,0,0,0
ember_a174cb2c7d45.exe,2394624,15.91,6.099,0,0,0
ember_ce60513ef0c5.exe,8192,17.91,5.193,0,0,0
ember_ede3283743a4.exe,122880,37.28,3.929,166,1,0
ember_f1287a7b14d2.exe,621620,18.63,3.955,367,1,0
ember_6bbad927d677.exe,312320,18.68,5.313,241,0,0
ember_926957e9f70c.exe,265744,11.55,4.686,118,1,0
ember_637664489de7.exe,9928263,15.44,1.876,0,0,0
ember_4b939ab156eb.exe,8752,20.69,4.066,0,0,0
ember_d8bddea87660.exe,839400,13.51,4.326,355,3,0
ember_fac39f222e8c.exe,219120,21.67,4.942,130,2,0
ember_c6bf183fabe8.exe,21504,19.41,3.508,1,0,0
ember_53d6adb9f31d.exe,569799,4.69,4.42,63,0,0
ember_1149da92e53f.exe,5324560,12.26,3.866,614,1,0
ember_85a6daf31047.exe,577576,15.99,5.471,855,1,0
ember_aa56b2a6b37f.exe,122880,1.21,7.959,0,0,0
ember_ffb2639d3fc3.exe,11264,48.72,4.152,29,0,0
ember_130d43e1094f.exe,803107,14.27,1.096,0,0,0
ember_16b8363b3680.exe,715138,11.64,5.285,161,0,0
ember_65af889fe3c4.exe,4472072,0.89,4.528,171,0,0
ember_2fc524cbd391.exe,5002522,1.16,4.359,120,2,0
ember_a85be59f9bcb.exe,791392,2.94,5.445,158,1,0
ember_c0064099f71b.exe,256816,16.5,4.12,1,0,0
ember_f8f7a6e98f5c.exe,446720,11.72,0.944,0,0,0
ember_492cf58f9938.exe,2489856,16.35,4.749,659,2,0
ember_dc25bc5b8601.exe,1607680,25.34,5.735,0,0,0
ember_b2d5e2292724.exe,680368,0.17,0.0,0,0,0
ember_4baf8cbd0b49.exe,2059745,8.79,3.925,128,0,0
ember_ac0d7eeffb63.exe,558592,26.59,3.695,1,0,0
ember_d0fe7ce97d58.exe,46592,43.32,4.535,74,0,0
ember_140493a4c981.exe,38400,25.15,4.832,164,0,0
ember_0c1b8388bc57.exe,41153,41.49,4.48,71,1,0
ember_89f3c1bfa88d.exe,290816,22.85,5.582,172,2,0
ember_fbfa57059b40.exe,807493,14.19,1.097,0,0,0
ember_8a975234dfc6.exe,13312,34.48,3.262,1,0,0
ember_0d610d243519.exe,788480,6.16,4.605,1,0,0
ember_0a801a9bd31a.exe,5000335,3.28,5.057,164,0,0
ember_51050f967f13.exe,823808,23.19,4.828,173,0,0
ember_a0d55bda2387.exe,58368,23.76,4.907,49,1,0
ember_8dc2d40ac54a.exe,45819,38.17,3.983,73,0,0
ember_9b9cf0531092.exe,576067,0.87,3.963,0,0,0
ember_cf33ac144b79.exe,31232,15.32,4.432,1,0,0
ember_a06a20721480.exe,539136,26.64,5.156,0,0,0
ember_8cde646c31ac.exe,1130840,92.05,1.844,0,0,0
ember_a2f77d0c93e2.exe,46592,5.07,6.893,26,0,0
ember_12e5a8a35cff.exe,90112,50.97,3.055,97,0,0
ember_95bf855f80e9.exe,3108864,7.9,4.941,1,0,0
ember_6a565bb00890.exe,580216,19.64,5.199,0,0,0
ember_7ed518ba4959.exe,482304,28.13,4.234,186,1,0
ember_f4dc9f228705.exe,157847,29.87,4.779,0,0,0
ember_0f490cc1ed7a.exe,364032,12.63,5.072,148,0,0
ember_dade7edfee84.exe,584885,3.57,4.689,38,0,0
ember_6c9a85e975fc.exe,194048,19.6,4.165,390,0,0
ember_a74e31ab4cd6.exe,136310,12.88,1.276,0,0,0
ember_3b1472cd4522.exe,476508,6.68,4.549,67,1,0
ember_1b71102dbdbe.exe,808293,14.17,1.097,0,0,0
ember_cb3e9a9b7c10.exe,73728,41.67,3.338,1,0,0
ember_fcf066f3e333.exe,26624,52.72,3.808,0,0,0
ember_0203a8551ebf.exe,1488624,2.59,4.35,120,2,0
ember_b0129bbff260.exe,6656,48.51,3.321,1,0,0
ember_9c3c1f9161da.exe,1848592,13.65,5.722,481,3,0
ember_4fdb940ad514.exe,9216,55.44,3.501,41,0,0
ember_3ab7c6138e5f.exe,16504320,23.25,5.523,0,0,0
ember_2157ce32142c.exe,381952,40.42,3.094,1,0,0
ember_f77afa640b8e.exe,7168,41.7,3.335,1,0,0
ember_efde0f9ce331.exe,27155,40.61,3.471,66,0,0
ember_4cefe31a7ccc.exe,13824,29.47,3.284,1,0,0
ember_349bbf6f025a.exe,7318,30.9,3.441,1,0,0
ember_e20022eac718.exe,1846049,10.3,5.864,324,1,0
ember_08995b9e80af.exe,4273232,12.89,6.265,691,1,0
ember_9d751c59de88.exe,450264,18.68,4.505,292,0,0
ember_8329c4416b27.exe,1454951,21.66,5.785,80,2,0
ember_7e514c789327.exe,2715172,5.5,5.232,1,0,0
ember_00f5f9425a2d.exe,22528,14.65,6.236,5,0,0
ember_f5d341fd0032.exe,1070352,34.37,4.436,168,1,0
ember_50eb32524ea8.exe,4096,27.59,1.035,0,0,0
ember_b3dca173c3d8.exe,16512,23.63,3.477,1,0,0
ember_5a354e9a93eb.exe,464376,19.82,4.021,1,0,0
ember_fc8518934885.exe,637992,9.46,5.513,195,1,0
ember_7d23c5096fc5.exe,123904,32.34,3.678,1,0,0
ember_c4b7a4cc7c91.exe,4343,53.03,1.865,0,0,0
ember_653a0d879b39.exe,311992,22.73,4.282,98,1,0
ember_99c65694bbe0.exe,992798,1.5,5.249,8,0,0
ember_0170f391564a.exe,2095616,19.13,5.007,245,1,0
ember_93963378fddd.exe,803217,14.26,1.096,0,0,0
ember_c21ec206d5b8.exe,3660904,18.79,4.491,158,2,0
ember_18e0a0ad96d6.exe,5001556,0.5,5.217,154,0,0
ember_27ab2d3418e4.exe,1291264,16.72,5.248,523,2,0
ember_2dc048a7f654.exe,1048365,29.84,5.363,165,0,0
ember_3f11a918e0e3.exe,2048,63.33,1.512,0,0,0
ember_65c4daa6e7e2.exe,1005568,30.89,4.11,1,0,0
ember_689b66f29bc4.exe,6656,48.8,3.248,1,0,0
ember_ed7ccd0b2618.exe,98304,23.43,4.995,4,0,0
ember_e273b653628a.exe,3145728,2.95,6.481,128,1,0
ember_3e438e25bf7e.exe,15997,28.84,1.777,0,0,0
ember_3927ca5f7d8a.exe,185968,31.48,5.037,215,1,0
ember_48dc2133a8cb.exe,174416,1.29,7.929,0,0,0
ember_4e7e31737488.exe,264032,11.16,5.453,81,1,0
ember_771506e89971.exe,1311232,15.2,5.201,17,0,0
ember_b3e89d26252b.exe,936120,25.42,4.9,162,0,0
ember_14474a72e5e8.exe,174416,1.56,7.913,0,0,0
ember_9c90a976aaea.exe,46325,45.85,4.352,34,0,0
ember_1032c02d54ec.exe,589864,13.51,5.722,195,1,0
ember_20202206cf46.exe,142340,8.98,5.521,108,1,0
ember_53fa60561452.exe,1536,90.3,0.576,1,0,0
ember_16bb06ebaa7a.exe,5002406,0.82,4.5,167,0,0
ember_644fbc53a1fa.exe,276480,19.71,4.976,121,2,0
ember_4654b69d1330.exe,6144,48.99,3.267,1,0,0
ember_0a9836f31deb.exe,173568,21.31,3.645,122,1,0
ember_f23700f35808.exe,807868,14.18,1.097,0,0,0
ember_1074a42773f1.exe,133120,33.99,4.832,0,0,0
ember_4cd5f1edff87.exe,395848,0.75,7.988,0,0,0
ember_71ad31ed0b23.exe,28007040,0.51,3.866,77,0,0
ember_105e4527547d.exe,51200,33.94,3.467,1,0,0
ember_717ad9912957.exe,836983,13.69,1.103,0,0,0
ember_5a8e06e843ac.exe,99320,33.84,4.82,89,0,0
ember_85baadf735af.exe,44544,19.97,4.16,118,1,0
ember_0b57e5021fcf.exe,1319936,1.29,6.152,1,0,0
ember_21e161754428.exe,402432,37.58,4.079,177,2,0
ember_c7d5029cd015.exe,320410,35.81,5.213,154,0,0
ember_17c7b23966c6.exe,964496,11.15,5.026,78,1,0
ember_ee61f1bcfedb.exe,2824439,1.58,4.622,135,2,0
ember_aa38afb75c36.exe,172560,16.45,4.575,23,0,0
ember_90d2b4f4101a.exe,666112,11.95,5.174,271,1,0
ember_9690ab6fafa7.exe,196096,20.63,5.472,4,0,0
ember_fdf96d9c281e.exe,409600,12.06,3.54,1,0,0
ember_2c47de152448.exe,1822208,1.58,6.259,125,0,0
ember_9a449b3ddc44.exe,155648,19.81,4.49,10,0,0
ember_a9dbbe991e65.exe,1721468,6.91,5.005,237,1,0
ember_eb014ed419f3.exe,17240,26.38,3.828,39,0,0
ember_097a9175cc42.exe,126768,18.51,5.265,51,0,0
ember_15d17cb08cee.exe,949448,21.88,4.911,344,2,0
ember_5e28fe5c5029.exe,1570261,14.85,1.259,0,0,0
ember_0deba1b54158.exe,37319,13.28,1.326,0,0,0
ember_4893590f5cf4.exe,7356416,10.84,5.345,1,0,0
ember_206a62740eac.exe,540350,26.21,1.82,0,0,0
ember_a97c045dd3db.exe,16384,88.06,3.239,1,0,0
ember_b0cf495b34c6.exe,270336,10.82,5.782,115,1,0
ember_4251b0380af8.exe,466536,26.39,3.614,1,0,0
ember_0498491e990e.exe,5001836,0.86,4.467,115,1,0
ember_aad81acd3540.exe,822784,24.56,3.436,163,1,0
ember_6b976ffbd051.exe,635904,5.12,5.526,80,2,0
ember_e5c026232c6f.exe,53934,29.29,4.21,0,0,0
ember_d4b1f9b8429e.exe,10484968,0.73,4.354,120,2,0
ember_6e3e6ded39db.exe,10485760,0.53,5.361,151,0,0
ember_52f4d670caea.exe,969728,16.27,5.606,475,4,0
ember_5bc52d9a4ba1.exe,30208,28.37,4.289,81,0,0
ember_701a9354bb83.exe,1651200,1.17,6.548,10,0,0
ember_b94bc8b2da96.exe,207947,5.02,5.131,168,1,0
ember_737bf5183c27.exe,14424632,26.08,5.369,204,0,0
ember_1633520df188.exe,367872,4.66,6.435,11,0,0
ember_fcaac80623ef.exe,807104,14.2,1.097,0,0,0
ember_1dd0d7798165.exe,1320960,6.25,4.578,81,0,0
ember_1cbce921222c.exe,8192,46.26,3.973,18,0,0
ember_3005b72f04b4.exe,5003254,0.78,5.009,154,0,0
ember_9d0e67d18d1c.exe,17920,24.32,4.153,29,1,0
ember_03af3acf7e60.exe,2560,64.77,3.736,0,0,0
ember_6dc7ac6f446a.exe,532992,24.62,3.06,1,0,0
ember_ea667aaffd58.exe,20216,38.14,3.823,0,0,0
ember_9792336ce841.exe,94828,14.74,0.905,0,0,0
ember_5f5e33de5516.exe,155648,20.96,4.882,220,2,0
ember_305e7fa32e6e.exe,13312,41.21,3.373,1,0,0
ember_df4f823d62ae.exe,12656,18.5,4.113,0,0,0
ember_0bd0c245ad11.exe,2232320,43.09,3.138,1,0,0
ember_270320cd2e13.exe,32768,56.03,3.379,1,0,0
ember_1818e250c428.exe,832000,12.85,4.839,350,0,0
ember_800b4641db28.exe,637992,9.46,5.513,195,1,0
ember_ff3d99c84b86.exe,828995,13.82,1.103,0,0,0
ember_0a81d7d38968.exe,1632624,3.4,5.518,121,1,0
ember_0e5f722b93aa.exe,32768,48.44,3.545,17,0,0
ember_5200351546bc.exe,57344,33.33,6.476,0,0,0
ember_9a61f6f559ea.exe,801267,14.3,1.095,0,0,0
ember_d124411a90cd.exe,258560,12.5,3.833,1,0,0
ember_ffa64eeca249.exe,1433600,34.55,4.215,7,0,0
ember_f9a5c6e3fb7b.exe,71680,26.41,2.934,0,0,0
ember_36fe36633de8.exe,761872,1.8,6.63,10,0,0
ember_80c79ec18c92.exe,262144,26.83,3.284,0,0,0
ember_99e64d6e9341.exe,4640544,7.78,5.098,334,2,0
ember_5fe969a34f3c.exe,1474511,8.46,5.766,4,1,0
ember_83a9385f5730.exe,2038272,29.89,4.589,1,0,0
ember_d3b8bb001e33.exe,2208957,15.37,5.785,547,2,0
ember_e35d02f875bb.exe,5000861,9.26,0.951,0,0,0
ember_ccba375acfef.exe,49152,43.51,3.287,1,0,0
ember_424d10f64b69.exe,16896,30.69,3.844,1,0,0
ember_930fecf7fb46.exe,1223408,1.32,5.489,157,0,0
ember_87dac0e48e1d.exe,208896,33.02,3.117,158,0,0
ember_b01ec38ab469.exe,3146008,14.53,4.78,69,1,0
ember_80bc7f785939.exe,539247,18.64,5.338,285,0,0
ember_01b71aaf96c8.exe,805466,14.22,1.097,0,0,0
ember_29f0b9da4dc4.exe,3322440,15.65,5.988,300,2,0
ember_3ec3a9783a91.exe,1185020,9.22,5.114,61,0,0
ember_3682692e522d.exe,375936,32.11,3.641,1,0,0
ember_106c629c7f15.exe,73216,25.21,3.797,1,0,0
ember_5a600a30a648.exe,1859584,6.11,4.475,1,0,0
ember_7744ba54e9a1.exe,270928,36.21,4.918,102,2,0
ember_4698302380d7.exe,8192,54.97,3.857,0,0,0
ember_970eb8b89e06.exe,1170568,13.51,2.159,171,0,0
ember_de62f9af78cf.exe,806583,14.2,1.097,0,0,0
ember_24b2c6d1e693.exe,298126,15.52,1.599,0,0,0
ember_2647c125e094.exe,540672,2.3,4.177,154,0,0
ember_42241cfd48a0.exe,1380864,29.14,5.665,210,0,0
ember_927367075699.exe,511281,3.77,6.243,125,0,0
ember_114921e645dc.exe,1155185,17.57,5.213,524,2,0
ember_2b96ca41656d.exe,96768,27.58,5.408,0,0,0
ember_16a3eebc9436.exe,600576,26.24,3.699,1,0,0
ember_c2e566b559e5.exe,5001450,3.17,6.028,376,3,0
ember_73b2ef9c9e12.exe,67280,51.0,2.165,0,0,0
ember_2346853f3416.exe,116232,24.16,4.086,1,0,0
ember_126ef4e914ad.exe,185344,15.93,3.876,204,2,0
ember_c01a92578219.exe,5000434,1.01,3.811,130,1,0
ember_409462c268af.exe,4096,93.53,0.0,0,0,0
ember_8f410576cace.exe,81923,31.79,4.631,56,0,0
ember_500482222206.exe,92160,12.68,1.176,0,0,0
ember_ebadcddcd013.exe,6848512,31.22,4.437,660,3,0
ember_bd7942f4db58.exe,1106432,20.06,2.598,1,0,0
ember_a96c1775ada5.exe,63885,12.38,4.305,88,0,0
ember_33cc4aa04de0.exe,1181184,15.99,6.264,0,0,0
ember_6ea1fa587119.exe,3105792,16.21,4.531,1744,0,0
ember_c7fb2ada2aaf.exe,598016,9.9,4.58,1,0,0
ember_3c3d42da13c1.exe,109056,26.75,3.713,1,0,0
ember_ea46eda40f11.exe,2328436,3.71,4.881,14,0,0
ember_215a5b211918.exe,5003792,3.35,3.453,171,0,0
ember_8a9e65235653.exe,1646592,1.34,7.306,57,0,0
ember_5aa2b1f30a44.exe,695812,6.23,4.237,63,0,0
ember_88ecc590f0bd.exe,25672,14.89,3.491,1,0,0
ember_6b44526b2e2a.exe,113664,37.34,4.582,86,0,0
ember_ae4c9c0b8d42.exe,12856,26.03,3.182,1,0,0
ember_a0989c1048c3.exe,1313280,22.43,3.799,1,0,0
ember_5351e5244430.exe,3072,54.17,4.062,0,0,0
ember_acefcde143be.exe,5001074,1.93,4.616,194,0,0
ember_f1eb728af6aa.exe,149822,25.51,5.007,9,0,0
ember_1cb95bf33fd2.exe,382464,43.91,4.316,178,0,0
ember_ccf93ca03619.exe,749568,93.65,0.474,0,0,0
ember_0287cdc68e00.exe,5002646,2.61,4.549,167,0,0
ember_2f1e05a8ba6a.exe,1264720,14.57,5.915,436,2,0
ember_2f618b7adbf3.exe,774144,8.81,3.769,1,0,0
ember_a6cfee8630f9.exe,348160,22.67,5.995,119,1,0
ember_b746ae6986c6.exe,686592,22.38,4.025,1,0,0
ember_79dd69c1ce10.exe,5000456,0.74,5.28,168,0,0
ember_9d26999b496a.exe,7039836,10.95,5.764,166,2,0
ember_7418908ff7c1.exe,5003550,0.67,5.284,204,1,0
ember_5661507882d1.exe,34240,16.78,0.773,0,0,0
ember_10662d651e2e.exe,232043,27.76,4.277,144,1,0
ember_e4473d9de3d4.exe,522944,7.62,4.865,165,0,0
ember_648b5bb5e675.exe,92672,39.23,3.286,1,0,0
ember_f690cbb5501d.exe,713728,17.23,3.024,148,3,0
ember_15dda5637308.exe,32394,17.92,1.319,0,0,0
ember_0354a8566d2c.exe,1108480,25.56,4.668,1,0,0
ember_8371647e9e0c.exe,1835520,61.55,2.657,1,0,0
ember_ed1c05e46a2d.exe,11264,20.64,1.875,0,0,0
ember_8e99b7916707.exe,1226400,0.97,5.292,151,0,0
ember_66da40e7a858.exe,188976,22.66,3.77,1,0,0
ember_1bab22e1516c.exe,19456,15.5,5.802,1,0,0
ember_cdd349361a7e.exe,63676,1.94,3.946,0,0,0
ember_d825919dc279.exe,1167360,36.18,5.015,7,0,0
ember_1b657edfdc1d.exe,264192,2.5,5.859,6,0,0
ember_f42f5303f9db.exe,270336,27.2,2.625,0,0,0
ember_c7db9ac9a452.exe,337272,19.09,5.443,264,2,0
ember_f7a65567c2fc.exe,8777728,20.95,4.498,172,1,0
ember_48b13a20f226.exe,250368,21.35,3.484,1,0,0
ember_6434f5c7f1fb.exe,6656,48.44,3.261,1,0,0
ember_2aad6fe9f16f.exe,606208,80.07,1.322,0,0,0
ember_4ba157a033f2.exe,3293184,13.04,5.567,316,2,0
ember_72395d15b40e.exe,24083,41.34,3.515,60,0,0
ember_93c5ca6b8415.exe,995840,16.7,4.77,18,0,0
ember_5a35a67abf3c.exe,344064,25.42,4.148,339,1,0
ember_caea9e9ac29f.exe,29192,22.0,3.629,1,0,0
ember_4de39ed5e37a.exe,1065984,36.52,4.401,310,2,0
ember_26a24b027ca8.exe,619008,0.83,3.748,1,0,0
ember_878dbf06ca6b.exe,2015032,10.49,4.896,125,0,0
ember_1e6458fb8787.exe,808176,14.18,1.097,0,0,0
ember_7e4dcce9d4b7.exe,1081243,2.93,5.034,161,0,0
ember_8e1b9eeec696.exe,3588,55.18,3.861,0,0,0
ember_cea834f72551.exe,19456,20.07,4.318,1,0,0
ember_8ef23bad4c6f.exe,670208,45.64,3.669,1,0,0
ember_d60373037f7a.exe,46688,15.86,6.091,0,0,0
ember_4472cfd2674f.exe,1130840,94.72,0.945,0,0,0
ember_030494441b27.exe,5001900,2.6,5.564,319,2,0
ember_68d22badbd17.exe,16384,90.41,4.576,28,0,0
ember_8312fc949416.exe,1371648,21.29,4.984,523,2,0
ember_07443967320d.exe,621590,18.63,3.955,367,1,0
ember_0740d1dac342.exe,29696,24.76,4.676,64,0,0
ember_97c3eeda8e1e.exe,1277440,42.22,3.003,1,0,0
ember_306287397eea.exe,10484943,31.48,0.426,0,0,0
ember_ae9f64a2bdaa.exe,208896,29.11,3.031,147,0,0
ember_5489db23b037.exe,167936,35.58,3.827,155,0,0
ember_934d518f00e3.exe,236832,21.81,4.248,89,0,0
ember_6d2adcc4969b.exe,52736,12.0,4.474,1,0,0
ember_bd15e09c6635.exe,107008,25.21,3.62,1,0,0
ember_dbb9d2d20097.exe,46744,56.27,1.528,0,0,0
ember_166ba78ef6a2.exe,5517,22.93,1.611,0,0,0
ember_c67d33d2f069.exe,14848,35.88,3.467,1,0,0
ember_05afde537ffd.exe,138752,27.43,5.209,210,0,0
ember_d897c4ed3312.exe,37888,32.12,2.949,40,1,0
ember_61521118198d.exe,218624,21.72,4.534,34,0,0
ember_2af9b298c9f9.exe,5002536,3.86,4.825,216,2,0
ember_c0dd163ef469.exe,399329,5.03,4.258,36,0,0
ember_bdee28d70aaa.exe,482440,40.08,4.581,135,2,0
ember_1a40a9a03e35.exe,2048,63.96,1.303,0,0,0
ember_5f87beff92a2.exe,740716,12.37,2.408,0,0,0
ember_6cf76302ffd7.exe,31552,20.97,3.732,30,1,0
ember_1a76e44cce7e.exe,13824,36.88,3.248,1,0,0
ember_ef7ea436341f.exe,1709568,22.87,4.496,189,3,0
ember_bd55a725d4ee.exe,5000161,0.63,4.399,8,0,0
ember_fa46b01d3959.exe,47396564,1.47,4.441,536,0,0
ember_ae6b7c918416.exe,315528,21.39,5.095,368,1,0
ember_215076f2e8d5.exe,1114624,24.34,3.762,1,0,0
ember_2dc0ff742208.exe,638976,21.0,5.172,509,2,0
ember_51237f9032ed.exe,5632,49.34,3.135,1,0,0
ember_267f641350d1.exe,1259104,17.26,5.147,523,2,0
ember_5c07476214dd.exe,1268882,53.09,4.47,0,0,0
ember_8349b2f64d1c.exe,65536,43.15,4.262,50,1,0
ember_dacb417fc88d.exe,803468,14.26,1.096,0,0,0
ember_55ed0cd053dc.exe,10752,37.97,3.398,1,0,0
ember_82a088e75151.exe,64736,25.59,4.36,66,1,0
ember_331a3cb17251.exe,699632,12.18,4.901,106,0,0
ember_aecd56c8cd6e.exe,712704,20.3,2.965,164,0,0
ember_cdd868ee6439.exe,524288,23.17,6.324,8,0,0
ember_38e62ad52ea5.exe,1494016,26.59,5.029,451,1,0
ember_127be797ca68.exe,97016,16.62,4.425,99,1,0
ember_115da39d60a1.exe,247808,4.48,6.106,9,0,0
ember_f0d84f2089e2.exe,225280,13.35,4.395,50,1,0
ember_f1b84344fdbd.exe,319118,0.63,4.0,0,0,0
ember_028b2ac11129.exe,10120,17.55,3.779,0,0,0
ember_b15102d424ec.exe,22016,28.33,4.354,48,0,0
ember_e334fb0a9cc9.exe,10485288,0.44,4.959,154,0,0
ember_1566131506a7.exe,1306016,5.02,6.781,15,0,0
ember_8de6b9ad35f9.exe,757720,8.22,3.915,1,0,0
ember_e73f7962eade.exe,55808,20.98,3.56,1,0,0
ember_2d20e2662817.exe,192000,4.87,4.572,1,0,0
ember_3ac53728a77c.exe,811514,14.12,1.099,0,0,0
ember_242069b3fc1c.exe,55808,21.22,4.723,99,1,0
ember_736d876513ee.exe,22016,31.65,3.217,50,0,0
ember_02599a1f79bf.exe,26816,39.98,3.746,0,0,0
ember_973273619831.exe,2512384,12.13,4.894,230,0,0
ember_5443401c1eb5.exe,266240,2.69,5.773,9,0,0
ember_c3ec80ca542e.exe,4096,59.59,3.13,1,0,0
ember_42d16e76fb6e.exe,188208,24.15,3.725,1,0,0
ember_0e5c4ffc795a.exe,43288,8.95,5.026,0,0,0
ember_344e61cc4957.exe,155136,32.62,4.094,174,1,0
ember_4057793995cb.exe,9216,25.47,4.148,0,0,0
ember_abe2ad5654aa.exe,5001072,1.4,4.893,141,1,0
ember_c1e9add14ebd.exe,200704,5.63,4.558,1,0,0
ember_7b3c5915c7b6.exe,403968,16.46,4.252,466,0,0
ember_0a667f8b5733.exe,13312,40.08,2.343,0,0,0
ember_d11447b10c81.exe,1456805,7.82,2.896,0,0,0
ember_d73c418dea98.exe,14496,20.36,3.521,1,0,0
ember_8499317624f9.exe,1079218,3.6,5.054,84,0,0
ember_946a70b50082.exe,426265,11.86,4.84,173,0,0
ember_f32d911714df.exe,44544,26.19,4.284,141,0,0
ember_2dfb96828312.exe,58327,45.68,3.682,66,0,0
ember_460509b6f6a1.exe,187887,1.25,3.961,0,0,0
ember_ea93f393eee1.exe,803516,14.26,1.096,0,0,0
ember_ee7f1a8b45cb.exe,399440,15.08,4.225,51,1,0
ember_c96baa2d3124.exe,585728,3.6,4.453,115,2,0
ember_90d0c356dee5.exe,2078032,1.9,5.587,13,0,0
ember_8e19df1b0eb1.exe,240640,15.3,4.767,153,1,0
ember_6fcd39a1d92e.exe,700416,13.98,4.243,215,0,0
ember_698e8b6388a0.exe,370552,15.1,2.146,0,0,0
ember_8df9114f921d.exe,5003237,0.63,4.37,8,0,0
ember_c02ebb64bd33.exe,55928,31.42,4.093,0,0,0
ember_4303e2a54a60.exe,1903616,54.94,2.503,1,0,0
ember_e3986057aab8.exe,1070856,17.62,4.088,236,0,0
ember_b3f6835102bf.exe,2070296,6.31,6.293,639,1,0
ember_cbad54b87ef7.exe,197120,29.94,5.108,0,0,0
ember_2f25911afe57.exe,817043,14.02,1.1,0,0,0
ember_baf083af1ba8.exe,385194,3.48,4.443,8,0,0
ember_86ee87976a69.exe,147456,91.89,0.984,0,0,0
ember_63f6de167c62.exe,178176,38.09,3.857,118,1,0
ember_508f2f5bffd0.exe,60416,26.06,3.735,1,0,0
ember_b0705b81013c.exe,14848,37.53,3.421,1,0,0
ember_03ff67f602af.exe,169618,14.1,1.243,0,0,0
ember_9ad69bd13924.exe,440176,22.23,5.312,336,2,0
ember_cb06ce10fa6b.exe,111616,17.89,4.797,91,2,0
ember_779ded668837.exe,565760,17.06,4.89,0,0,0
ember_4cbb5cc658e4.exe,5001525,2.61,4.549,167,0,0
ember_4f45bbd17ad1.exe,23048,13.61,3.567,1,0,0
ember_cff9a25a4616.exe,91136,39.26,3.83,1,0,0
ember_11c992a8b054.exe,25088,24.7,3.338,51,1,0
ember_d267cdd09aa7.exe,570968,13.77,5.232,101,1,0
ember_eee54f00191e.exe,102941,21.45,4.068,59,0,0
ember_b8b49380cc33.exe,799942,14.32,1.095,0,0,0
ember_1241ca3d339c.exe,1130800,26.08,4.014,224,2,0
ember_32bcdf2406ae.exe,619732,62.43,4.345,46,1,0
ember_2dabcf02f661.exe,235008,15.69,6.295,154,0,0
ember_394c25d2db25.exe,1630208,14.46,5.322,127,2,0
ember_1fa0e03f02aa.exe,1343072,16.48,5.353,523,2,0
ember_0bb490486120.exe,17664,15.21,3.237,1,0,0
ember_d731f91fe060.exe,178176,23.16,3.891,97,0,0
ember_64115fd71814.exe,625264,25.05,4.512,424,1,0
ember_3800456fb683.exe,1130840,4.11,5.376,98,1,0
ember_a3a3f1960515.exe,3412480,28.25,3.727,1,0,0
ember_490f65e6c34b.exe,25448,61.82,3.507,1,0,0
ember_85b37e1a8953.exe,146104,27.59,4.191,105,1,0
ember_dab14043f6fe.exe,274432,25.83,3.283,0,0,0
ember_9fcd69de3d21.exe,40960,53.12,2.922,52,0,0
ember_ad0606b3713a.exe,344064,19.37,4.477,249,1,0
ember_d9d7eb2877a0.exe,651414,94.04,4.707,92,0,0
ember_d1d5f0e02268.exe,5002080,1.08,4.539,199,1,0
ember_6d7c5794b024.exe,154107,21.25,5.197,117,1,0
ember_20baa95d6ed5.exe,761856,19.74,4.467,156,2,0
ember_884073fd3c19.exe,57344,36.74,2.359,123,1,0
ember_f3acb1c85e6c.exe,24160,79.49,4.025,1,0,0
ember_5636a14b5d11.exe,123904,21.99,5.365,139,0,0
ember_9cdc02faa556.exe,8723592,15.5,6.066,443,2,0
ember_5c37154e6f6e.exe,59392,33.14,3.456,1,0,0
ember_d80e2eb88c87.exe,67072,19.25,4.688,138,1,0
ember_96287e7b58de.exe,290816,34.31,4.106,253,1,0
ember_ab5743f51f3e.exe,319768,13.51,5.246,95,1,0
ember_c329b38c44fc.exe,19456,29.95,3.536,1,0,0
ember_1e99bcb96e5d.exe,733224,8.62,5.765,195,1,0
ember_4a2b96d96e66.exe,1691127,16.74,5.284,554,2,0
ember_f0c44360d2fa.exe,1803080,6.0,2.566,0,0,0
ember_12bf899931ad.exe,1094672,19.7,4.209,308,2,0
ember_dbe37fc43b38.exe,802427,14.28,1.096,0,0,0
ember_aa8754657c53.exe,295023,24.35,4.521,220,0,0
ember_e42e68a85318.exe,5224680,19.3,5.185,576,5,0
ember_701275a980c7.exe,121856,43.74,4.031,83,0,0
ember_8e806b01c0cd.exe,820147,15.41,0.6,0,0,0
ember_1767172095e5.exe,461312,32.31,4.391,228,1,0
ember_aa9d3a5f97fa.exe,242360,15.32,5.884,117,1,0
ember_8cf2b8052e1a.exe,62280,25.43,5.366,0,0,0
ember_a132c1d23c7c.exe,864256,19.69,5.756,411,1,0
ember_16bcda0f27af.exe,802404,14.28,1.096,0,0,0
ember_f15abf407ddf.exe,1055720,15.36,1.626,0,0,0
ember_e6608971c6c5.exe,22528,33.44,4.164,1,0,0
ember_8f2622076215.exe,35288,17.45,5.124,60,1,0
ember_f66dda802761.exe,147456,25.94,4.902,175,0,0
ember_0e64a7363fdf.exe,473600,18.12,5.056,1,0,0
ember_43ba32b91a8a.exe,59968,36.06,4.402,0,0,0
ember_854e96b5fed7.exe,217088,24.28,4.614,153,1,0
ember_5c48541939a4.exe,1339760,4.12,5.518,121,1,0
ember_8995a5b5debe.exe,63488,29.82,3.535,1,0,0
ember_bfcda785aecb.exe,182552,23.39,4.083,149,1,0
ember_b6f4b94e4459.exe,65536,8.31,1.922,0,0,0
ember_56666c2cb222.exe,2432,26.19,5.733,0,0,0
ember_128a185b9f0f.exe,5000456,0.83,5.303,146,0,0
ember_a9c999e761be.exe,295023,24.35,4.521,220,0,0
ember_c0e89796bc0c.exe,637992,9.46,5.513,195,1,0
ember_28d3afdc4d94.exe,6656,51.83,4.157,21,0,0
ember_5959ae52695e.exe,147456,32.7,3.995,1,0,0
ember_767f1ad6589e.exe,219136,21.7,4.904,84,1,0
ember_4faa6d0cdfe9.exe,8192,42.14,3.723,28,1,0
ember_1e3b0d4bae97.exe,6291456,18.39,0.718,0,0,0
ember_b32ff2dc3b69.exe,5002520,0.61,5.161,154,0,0
ember_242afb0756f6.exe,114688,23.73,3.415,54,0,0
ember_c4f37769af3d.exe,22696,15.16,3.745,1,0,0
ember_ae9cb0c2bc95.exe,9728,44.62,4.613,36,0,0
ember_a48db80cdcfe.exe,275968,16.92,5.518,1,0,0
ember_3228dda08c9e.exe,23552,34.13,3.382,1,0,0
ember_40bde8882682.exe,709120,1.29,4.725,1,0,0
ember_3e0113f272b8.exe,4096,93.53,0.0,0,0,0
ember_d601af6194d8.exe,416048,12.45,4.053,87,1,0
ember_d3ea73507db5.exe,131072,44.32,2.046,0,0,0
ember_4ffe9087d80e.exe,955212,1.47,4.7,79,2,0
ember_a80cc529f413.exe,688128,7.25,4.614,1,0,0
ember_9489c6dc5f95.exe,311296,8.48,4.02,171,0,0
ember_26579ee2cdb3.exe,32256,30.51,3.609,232,0,0
ember_2ae01b9e841d.exe,5001536,0.68,4.213,171,0,0
ember_01722401e0a6.exe,1285352,14.74,5.053,84,1,0
ember_a602b063cd29.exe,1199104,34.83,4.779,0,0,0
ember_e3d474a6ef82.exe,512000,21.31,4.414,88,1,0
ember_48f06bae701b.exe,80875,1.29,1.333,0,0,0
ember_ad3cc3b120cd.exe,4717568,15.44,5.586,641,2,0
ember_cef44c27e2c3.exe,2574128,4.27,5.673,111,2,0
ember_ccbd20836f17.exe,280064,36.35,4.242,136,0,0
ember_6a109925fcb9.exe,245248,12.07,4.791,1,0,0
ember_80096b1a1337.exe,40448,23.38,4.492,18,0,0
ember_b03d6fabd053.exe,481735,8.41,3.925,99,1,0
ember_758c04f2b7b4.exe,900006,2.22,4.425,83,0,0
ember_fdde97a5f220.exe,2457600,17.19,5.474,253,1,0
ember_486fd121e7d6.exe,898208,40.55,5.413,165,0,0
ember_cb16ea4c7323.exe,488832,18.64,5.787,110,1,0
ember_d69026e19c4f.exe,454656,14.08,4.769,317,0,0
ember_80b39c3e2c76.exe,976856,16.82,4.772,143,2,0
ember_803beb690ca8.exe,360448,11.64,3.865,106,0,0
ember_b88a086a744d.exe,547840,18.99,5.336,776,1,0
ember_f901d652ee05.exe,5000027,0.63,5.583,154,0,0
ember_0cb8c2c45104.exe,119296,10.76,4.119,36,0,0
ember_abbfe44a16fe.exe,950272,12.45,1.604,0,0,0
ember_185bf82427a9.exe,73728,43.03,4.565,79,1,0
ember_d083671f6ba6.exe,78848,71.1,2.057,1,0,0
ember_b835edea8cff.exe,126736,27.07,4.151,158,1,0
ember_120d9f4dccb1.exe,814769,14.06,1.1,0,0,0
ember_f84005a0e3aa.exe,6561712,0.58,4.73,8,0,0
ember_68980f897342.exe,1458176,11.02,5.028,302,1,0
ember_e13435b74673.exe,402432,37.58,4.079,177,2,0
ember_7aacc089f223.exe,287232,28.94,4.709,86,0,0
ember_6abda53f1984.exe,2803712,13.7,5.724,1165,1,0
ember_4d16cfb8172a.exe,4029406,0.67,3.64,122,0,0
ember_08cfcd913bc5.exe,37376,30.19,3.77,243,0,0
ember_7224e88aa37c.exe,37376,19.17,4.289,1,0,0
ember_51496684f7b7.exe,5001312,2.61,4.549,167,0,0
ember_ef3b292b6cb1.exe,3118592,19.05,4.968,739,2,0
ember_5642f91e6100.exe,10481817,0.47,6.87,2,0,0
ember_efdc79950a8b.exe,190464,29.64,3.567,1,0,0
ember_0a256d106141.exe,5792912,16.15,5.949,2,0,0
ember_8d66eebe461b.exe,1814577,1.79,4.535,1,0,0
ember_a6eecd289390.exe,430252,9.52,1.331,0,0,0
ember_03fe5d7cbc3b.exe,569856,49.28,2.374,1,0,0
ember_a42b423cb266.exe,1265567,2.75,4.591,88,0,0
ember_68efae22f7f8.exe,634616,14.37,1.091,0,0,0
ember_42183057fb50.exe,4931536,17.76,4.559,653,2,0
ember_843d67ae7e12.exe,7564,23.03,1.585,0,0,0
ember_323011791f4e.exe,61952,30.28,3.405,1,0,0
ember_831c1a4967a4.exe,5001414,1.2,5.17,185,1,0
ember_22cce3754500.exe,6656,48.44,3.259,1,0,0
ember_9c930ed26e8e.exe,148680,16.62,4.2,35,1,0
ember_9e11c7c300b3.exe,2668544,40.68,2.975,1,0,0
ember_21c331a8419e.exe,40644,2.58,3.96,0,0,0
ember_07b7975cd64a.exe,13312,47.92,3.121,22,0,0
ember_48d792d6d2a5.exe,48778,33.32,1.726,0,0,0
ember_9a16226ccbb6.exe,3584,53.01,3.336,1,0,0
ember_8009d86894ee.exe,296448,68.76,1.114,0,0,0
ember_337ead73a4af.exe,2693589,7.33,6.276,338,2,0
ember_572fcf116510.exe,85624,39.48,3.839,1,0,0
ember_3fdcf00fe003.exe,959896,11.11,5.024,104,2,0
ember_a69b4d2ea829.exe,25472,27.79,4.802,46,1,0
ember_8fd18fa33566.exe,497664,16.93,4.002,1,0,0
ember_670c4c6c2d44.exe,161280,26.81,3.524,1,0,0
ember_8516a41b9069.exe,105984,5.46,4.682,1,0,0
ember_fbd8ecb26a79.exe,6325144,2.65,4.944,98,1,0
ember_d1f89a8628a9.exe,23792,14.77,4.027,1,0,0
ember_26378b4898e2.exe,36863,44.54,3.878,52,1,0
ember_de81e5dbab52.exe,1342976,42.58,3.924,1,0,0
ember_24818304d4c6.exe,622592,14.04,1.635,0,0,0
ember_f1b97209d2dd.exe,1124784,2.81,6.561,17,1,0
ember_47b4c962b21d.exe,798217,14.72,5.046,20,0,0
ember_efce8f5de165.exe,102544,27.01,4.242,1,0,0
ember_b5100eb5a08b.exe,277504,25.86,3.607,1,0,0
ember_66995d29822c.exe,200704,1.13,3.963,0,0,0
ember_0eaa0efc1652.exe,269312,5.6,6.055,7,0,0
ember_0f2aeae29a11.exe,480768,18.7,4.318,1,0,0
ember_69103eb6588f.exe,95232,15.39,4.354,1,0,0
ember_c495f7db2f12.exe,875504,38.22,5.37,165,0,0
ember_a9e4c5fd78a0.exe,5001897,0.79,4.746,154,0,0
ember_b5a4ee7b9319.exe,3148262,24.61,3.901,46,0,0
ember_14a9b550c5db.exe,5632,52.01,3.104,1,0,0
ember_e4f09b5802b0.exe,10479952,0.96,5.603,154,0,0
ember_73533c885fe9.exe,16120,35.33,3.743,0,0,0
ember_ef7596c62cd3.exe,270647,1.72,3.867,0,0,0
ember_c6410af800cf.exe,981504,19.63,3.122,209,1,0
ember_62ed0cd0c209.exe,9433,8.14,2.648,0,0,0
ember_f3c5a1f0609e.exe,802765,14.27,1.096,0,0,0
ember_a23cea8e18f5.exe,699392,30.07,4.834,287,0,0
ember_48287480d063.exe,11264,53.88,3.797,0,0,0
ember_8f08530a259c.exe,166164,15.64,4.784,171,0,0
ember_757cbe40de1d.exe,1436601,16.86,4.799,210,2,0
ember_6fae8e561f9f.exe,125952,27.53,3.413,1,0,0
ember_46b08489c611.exe,1536,75.33,3.981,3,0,0
ember_935b80c8587d.exe,5001036,5.2,5.92,350,2,0
ember_e43842167dba.exe,1254912,11.02,5.11,353,1,0
ember_2190f276784f.exe,128284,11.28,1.621,0,0,0
ember_6d0f1b6d0024.exe,181648,21.79,3.728,1,0,0
ember_60925a4beb21.exe,742672,12.37,1.024,0,0,0
ember_d88becc87310.exe,803320,14.26,1.096,0,0,0
ember_84f7c1e81110.exe,8370,19.62,1.279,0,0,0
ember_37f9ac1cdde7.exe,683008,2.84,4.714,1,0,0
ember_5d48c8808e76.exe,2538773,1.67,4.448,151,0,0
ember_b3b523d41bcc.exe,1110348,21.51,4.274,0,0,0
ember_f7f91bd2c3c0.exe,1216095,18.53,4.866,523,2,0
ember_e9b278db9507.exe,327680,10.04,1.286,0,0,0
ember_d1201fc0c1c2.exe,10483922,3.11,4.516,165,0,0
ember_7c950c271ab8.exe,26408,23.52,3.194,1,0,0
ember_3c5bb078b360.exe,296008,15.8,5.119,476,1,0
ember_8420f578211b.exe,8206336,2.37,5.549,469,4,0
ember_001b1cfdfce7.exe,1060000,11.07,3.394,180,1,0
ember_0368d18d5d83.exe,21504,34.19,3.335,1,0,0
ember_db8cd280cd47.exe,331776,25.36,5.714,0,0,0
ember_e6da8ed3ebc9.exe,219648,22.35,3.222,1,0,0
ember_065f1a9d3925.exe,19696,13.45,3.446,1,0,0
ember_a90159cbb16b.exe,163976,23.88,4.352,117,1,0
ember_3c363ab2766b.exe,26096,24.57,3.304,1,0,0
ember_e834f4e799e8.exe,6144,40.22,3.477,1,0,0
ember_5450f68e2ba1.exe,645677,14.13,1.095,0,0,0
ember_047482bb95ad.exe,2138112,3.11,4.965,1,0,0
ember_d7a8e7a2fcae.exe,802716,14.27,1.096,0,0,0
ember_f44940f38ab7.exe,6868656,15.12,4.358,188,0,0
ember_38129dc962f8.exe,123160,12.91,1.089,0,0,0
ember_7001f94fae61.exe,3900848,0.67,5.379,158,0,0
ember_206e4b61ef4b.exe,229376,25.71,4.863,202,1,0
ember_709675a7c55e.exe,11264,32.0,4.97,30,0,0
ember_d5d074a44524.exe,1008132,32.18,4.16,302,1,0
ember_6938d79bfe49.exe,2347504,6.31,5.263,189,0,0
ember_42668a632bd7.exe,1924696,2.35,6.588,3,0,0
ember_50299b82df65.exe,3584,58.96,3.201,1,0,0
ember_944e82522c8d.exe,327680,18.29,4.1,58,0,0
ember_2b4906301c80.exe,232960,20.47,4.698,141,1,0
ember_d7c73ea6d7d3.exe,1683456,17.07,4.907,73,0,0
ember_327c37f721d2.exe,5002245,0.64,4.334,8,0,0
ember_3e0db0b9bb42.exe,14584,27.21,4.337,0,0,0
ember_e78d76c5d09d.exe,5001825,0.64,4.392,8,0,0
ember_17b5073ac060.exe,5000561,0.63,4.417,8,0,0
ember_d973af63c769.exe,1122816,1.57,5.914,71,2,0
ember_06e3c4b1e304.exe,2514944,3.19,7.085,243,3,0
ember_aab9d74678c4.exe,86016,19.26,4.645,1,0,0
ember_8c46036fb12a.exe,89648,21.85,3.7,1,0,0
ember_ea693e74a73c.exe,2612672,2.27,6.191,3,0,0
ember_bf729d87c729.exe,813897,14.08,1.099,0,0,0
ember_3173b54921f9.exe,294930,24.36,4.521,220,0,0
ember_0a3831911a8f.exe,167424,2.79,4.712,1,0,0
ember_ca415d22de71.exe,801865,14.29,1.096,0,0,0
ember_f4ab9a1b0673.exe,1343075,1.98,4.812,126,1,0
ember_12ff4edcee8b.exe,2726400,8.87,5.361,12,0,0
ember_db63ec26b7fa.exe,12098664,0.85,5.392,118,2,0
ember_f548d60094de.exe,634880,8.46,5.464,111,2,0
ember_63ae2f68553b.exe,465920,16.62,3.782,1,0,0
ember_b05e1bd4e975.exe,803448,14.26,1.096,0,0,0
ember_e27a262eedd7.exe,637992,9.46,5.513,195,1,0
ember_3d38b2112c16.exe,552216,13.21,5.182,52,1,0
ember_6531e693d79a.exe,481280,30.55,3.611,1,0,0
ember_7c8d2b42e2be.exe,493056,19.8,5.847,0,0,0
ember_5d725619047e.exe,24576,71.74,2.903,55,0,0
ember_3c249026f7db.exe,220344,19.62,5.749,118,0,0
ember_5f611f2a207f.exe,176182,68.05,4.768,117,1,0
ember_2b44dadfb371.exe,1486504,8.33,5.99,4,1,0
ember_dcdc7194381e.exe,1680896,9.62,5.682,475,4,0
ember_eec8b4c09138.exe,598578,9.53,1.335,0,0,0
ember_185dfecfc756.exe,1130840,92.08,1.829,0,0,0
ember_cd46b5fece7c.exe,41472,79.03,1.77,97,0,0
ember_f334ff6eaae0.exe,57344,55.85,3.515,1,0,0
ember_062a9b819560.exe,425304,17.37,5.607,202,2,0
ember_b410f2e72188.exe,426288,36.8,5.072,165,0,0
ember_8e09f75a9594.exe,414672,23.92,3.803,50,1,0
ember_041f24b4f99a.exe,553472,29.87,3.616,1,0,0
ember_c9c2481c5cba.exe,37376,29.95,3.344,1,0,0
ember_9924f5c71377.exe,109560,29.44,4.447,125,0,0
ember_a7a6e488c940.exe,33280,31.13,3.534,1,0,0
ember_6e04da4868cb.exe,5632,50.89,3.201,1,0,0
ember_a6639baf9d7d.exe,133632,24.6,4.35,1,0,0
ember_0ce27e34f4c7.exe,5000176,0.72,5.373,151,0,0
ember_76c87a961adc.exe,20728,15.29,3.353,1,0,0
ember_607040c789b2.exe,6144,40.84,3.095,1,0,0
ember_30a9e3a86c53.exe,91400,36.61,4.026,88,1,0
ember_4b91a5cea259.exe,319488,21.73,4.05,165,0,0
ember_6aba93722517.exe,5000801,2.04,4.66,157,0,0
ember_5baf157119bb.exe,4096,93.53,0.0,0,0,0
ember_4a8cb3e5c3ce.exe,5000416,4.67,4.656,131,2,0
ember_cfc1ae10092a.exe,3584,55.36,4.003,0,0,0
ember_abf9eccc0dee.exe,801813,14.29,1.096,0,0,0
ember_9d115d8ff7dd.exe,41478,20.79,4.834,61,0,0
ember_56cf9de4edaf.exe,76800,9.25,6.521,6,0,0
ember_e2c0fe8ed87a.exe,48609,13.07,1.31,0,0,0
ember_288871982b7a.exe,108032,40.17,3.31,1,0,0
ember_75a6246ff2be.exe,344424,5.73,4.59,83,1,0
ember_80d728415131.exe,935008,1.92,5.055,84,0,0
ember_c6543d3aab32.exe,44280,25.24,3.31,1,0,0
ember_609418b3639e.exe,63649,19.74,5.681,157,0,0
ember_30ab904d8d28.exe,153088,9.32,4.593,1,0,0
ember_e45cae14efc9.exe,20480,68.28,3.535,34,0,0
ember_a5df6b150d93.exe,120420,9.21,5.936,158,0,0
ember_c66a282a4954.exe,50176,49.08,2.421,44,1,0
ember_78ca707be63d.exe,1145856,25.93,3.646,1,0,0
ember_f1f32883cf01.exe,120584,1.56,3.962,0,0,0
ember_35021d628738.exe,4000127,0.69,4.354,8,0,0
ember_89d5eb2e89a5.exe,5003620,0.64,4.411,8,0,0
ember_819b266f1621.exe,798042,14.36,1.094,0,0,0
ember_927db221a3b0.exe,13536,31.26,4.069,0,0,0
ember_09f16b6b8254.exe,615424,16.11,5.432,802,1,0
ember_e66dedb1b145.exe,9013592,28.49,4.666,0,0,0
ember_ef8580d12683.exe,14336,56.33,2.015,0,0,0
ember_c8cca218266a.exe,1388520,97.61,4.707,92,0,0
ember_3dec2a52631f.exe,598528,48.15,2.504,1,0,0
ember_0051b39ab817.exe,4096,93.53,0.0,0,0,0
ember_0eb206f13f1a.exe,9728,32.18,3.261,1,0,0
ember_43affda6536b.exe,140288,24.88,3.713,1,0,0
ember_618a8b2da171.exe,5001620,8.42,4.858,73,1,0
ember_1ba1a4c961e6.exe,5000272,2.46,5.074,165,0,0
ember_5ea65f0c7273.exe,267249,18.25,5.053,134,1,0
ember_49d085044178.exe,74240,20.12,4.684,10,0,0
ember_b79078d766f0.exe,190743,7.42,5.697,158,0,0
ember_0f518c5a4ba5.exe,20480,58.82,4.181,1,0,0
ember_6f2d712de48d.exe,1036288,15.34,1.923,358,1,0
ember_52d218e6c3f8.exe,142336,3.06,5.711,8,0,0
ember_c7e2353bd3bb.exe,5002202,2.86,5.19,302,1,0
ember_a4a3d9ccfed1.exe,381120,19.06,4.977,321,1,0
ember_fd70a9442be2.exe,112328,19.81,4.176,35,1,0
ember_9bce9c571561.exe,2560,71.52,2.872,1,0,0
ember_9f7c53954df3.exe,195704,15.22,4.118,4,0,0
ember_e14489f75bfe.exe,624160,16.37,5.06,121,0,0
ember_553ad6f4a92c.exe,6268192,19.09,5.393,135,1,0
ember_7d31e09432e1.exe,1189800,99.22,3.126,50,0,0
ember_074dd1316239.exe,874496,12.26,4.936,260,0,0
ember_6b8936faedde.exe,19456,23.73,4.176,1,0,0
ember_2a7377206c5d.exe,137386,14.34,1.036,0,0,0
ember_840cf3689b9f.exe,65536,22.98,5.175,247,0,0
ember_cc3e46bbc1f5.exe,98034,8.17,2.277,0,0,0
ember_10d08fe95564.exe,57336,30.09,2.442,96,1,0
ember_d7a40dd61b0b.exe,4608,50.63,3.411,1,0,0
ember_05576b658550.exe,181248,54.76,3.139,1,0,0
ember_a23c0afb10bb.exe,5632,52.17,3.393,1,0,0
ember_cd631dce22a4.exe,4003436,0.73,5.023,8,0,0
ember_2d48a4749139.exe,2007040,0.96,4.339,8,0,0
ember_080adf1e3691.exe,1277288,17.44,5.164,523,2,0
ember_49e581fd8698.exe,48640,32.15,3.454,1,0,0
ember_b7792f775690.exe,80536,10.04,5.357,157,0,0
ember_3ec5c958f0d0.exe,5000526,1.2,4.354,120,2,0
ember_c0e647ffb6f8.exe,525520,23.24,6.322,0,0,0
ember_3d90b03f9aa8.exe,1568768,83.66,1.006,0,0,0
ember_db5e6f28d360.exe,766976,18.71,4.347,157,2,0
ember_47ea5b5c88cf.exe,198656,14.54,5.411,1,0,0
ember_7de07118a3f0.exe,393392,22.53,3.73,1,0,0
ember_344b9bc20fcd.exe,28672,64.16,2.798,56,0,0
ember_24278aa0cf60.exe,19475,34.94,4.118,51,0,0
ember_9b6037ebae70.exe,367896,4.65,6.435,11,0,0
ember_5e3fffcd8204.exe,2843887,14.17,4.962,70,1,0
ember_cd6fafc6c7f1.exe,87048,29.01,3.665,1,0,0
ember_30dd98326445.exe,224432,19.27,5.768,118,0,0
ember_0ae17620470c.exe,22144,21.18,3.309,1,0,0
ember_bded28faac1e.exe,23019328,1.22,4.342,133,2,0
ember_575811327d9a.exe,4126864,10.19,4.559,142,2,0
ember_16c796e2ee47.exe,65536,13.84,1.3,0,0,0
ember_cdc9dfcff560.exe,312832,23.45,4.911,161,0,0
ember_0133b94f5ddf.exe,43376,33.0,2.777,74,1,0
ember_84f6d1d1ac67.exe,87552,15.4,4.822,88,0,0
ember_99bae771fc50.exe,2474652,0.56,5.144,8,0,0
ember_a2d066313fa6.exe,4597104,15.85,4.728,578,2,0
ember_6b5ba62a7505.exe,419328,46.11,4.721,157,0,0
ember_3119c06c7ce7.exe,1426432,0.91,7.173,0,0,0
ember_9572e6608164.exe,991232,35.6,4.169,7,0,0
ember_bbbc747d658c.exe,629621,14.49,1.089,0,0,0
ember_fb1078bd6ddb.exe,5000412,0.74,5.28,168,0,0
ember_7633b43b0245.exe,65536,42.84,3.49,1,0,0
ember_3ed30123ca57.exe,623443,14.63,1.086,0,0,0
ember_c43cbda6586b.exe,47788,13.91,1.095,0,0,0
ember_964ee85d459a.exe,17920,25.54,3.331,1,0,0
ember_01b994df72ca.exe,5003312,0.9,5.884,154,0,0
ember_81911fdb26a0.exe,208896,26.59,4.427,257,1,0
ember_1e935d300d1a.exe,810331,14.14,1.098,0,0,0
ember_065ec42a6995.exe,436736,27.97,3.454,1,0,0
ember_632fa593884b.exe,1924080,1.29,7.071,11,0,0
ember_fefaf850179b.exe,599552,11.05,5.138,276,1,0
ember_6d95907da399.exe,2167808,4.2,5.338,1,0,0
ember_fa577a1b98fd.exe,151552,27.77,3.969,39,0,0
ember_86dd2f32ff83.exe,81920,8.32,6.916,0,0,0
ember_cfd2c9b6a635.exe,144304,23.16,4.049,1,0,0
ember_ed851a726314.exe,1437696,36.81,4.495,7,0,0
ember_72831c65d3b3.exe,67584,10.05,4.422,1,0,0
ember_87ce8926ff35.exe,7085232,0.83,5.424,183,1,0
ember_0ff06c43801e.exe,1223400,1.32,5.489,157,0,0
ember_b875c0132aeb.exe,6656,57.71,3.364,1,0,0
ember_232a016b2eef.exe,437760,22.39,4.535,1,0,0
ember_5a1505c085fb.exe,5187605,17.4,5.872,452,1,0
ember_c1a3a2cf86cb.exe,17920,31.36,3.286,1,0,0
ember_0307c634975f.exe,67744,22.96,3.542,1,0,0
ember_13dd11eb0a72.exe,5003412,0.67,5.284,204,1,0
ember_44bc3d5cc783.exe,21004,22.9,5.322,27,1,0
ember_ae78cc45147e.exe,18432,35.86,3.382,1,0,0
ember_a93552bd97ee.exe,804990,14.23,1.097,0,0,0
ember_89e93eeeb807.exe,4096,59.79,3.27,1,0,0
ember_6e3e59d1e5e8.exe,145920,43.73,4.224,85,2,0
ember_f6eb518095b6.exe,200704,42.59,2.015,141,0,0
ember_f87139c1ddf6.exe,5002297,0.7,4.515,8,0,0
ember_7f3594ceeb94.exe,405504,9.28,4.35,122,2,0
ember_8d722ce234bc.exe,1375416,4.0,5.518,121,1,0
ember_4c2c165f9f10.exe,569344,19.8,5.283,429,1,0
ember_bf4050efc815.exe,1290752,1.28,5.886,12,0,0
ember_4047713ea38f.exe,440468,14.6,1.089,0,0,0
ember_822aba199765.exe,735156,3.72,6.693,15,0,0
ember_5a16d386ffdd.exe,270336,26.79,4.76,180,0,0
ember_e9239551efed.exe,1281024,4.24,4.693,1,0,0
ember_92597ddb2c1d.exe,57870,28.65,5.136,165,0,0
ember_efae3d8b46a1.exe,388624,50.6,3.532,189,1,0
ember_cbd711f772c1.exe,495080,16.02,3.599,0,0,0
ember_ad28dfc89da7.exe,14848,42.85,3.914,41,1,0
ember_ecf6c686fca3.exe,141104,18.45,5.299,151,1,0
ember_a6a61fba5efa.exe,295024,24.35,4.521,220,0,0
ember_4d19fb7f420a.exe,20480,4.74,3.951,0,0,0
ember_513285e1bbb6.exe,279394,9.51,1.251,0,0,0
ember_bab058b16efd.exe,427884,5.63,4.727,90,1,0
ember_154a85077ac3.exe,2171904,7.12,5.687,475,4,0
ember_3db4e0e5bd28.exe,41283,2.84,3.945,0,0,0
ember_1d411161a305.exe,708608,28.57,3.481,1,0,0
ember_ee7b91ee92cb.exe,23040,32.18,3.498,1,0,0
ember_4f0f2ffce655.exe,531456,14.33,5.075,32,0,0
ember_11c8434672c7.exe,96256,18.74,5.32,249,0,0
ember_89e28c40a6c8.exe,5000095,0.57,5.805,154,0,0
ember_7864a9e272eb.exe,56956,21.79,5.366,157,0,0
ember_cfe244c77746.exe,145920,27.52,4.844,139,1,0
ember_81e4c5f528a5.exe,1895881,1.27,6.275,133,0,0
ember_d849e1f6ca06.exe,1418634,1.34,6.529,12,0,0
ember_4ac26f01d84e.exe,204480,7.36,3.504,1,0,0
ember_3d074cf121be.exe,621620,18.63,3.955,367,1,0
ember_f491aa449982.exe,1095265,17.16,2.699,246,1,0
ember_f424e8e4e274.exe,97792,20.5,5.761,127,0,0
ember_8b41acb77ba6.exe,3030264,9.56,4.556,25,0,0
ember_627804bb5d5b.exe,2145280,27.25,3.732,1,0,0
ember_885361ab4bb1.exe,10240,39.66,3.218,1,0,0
ember_844567231d9e.exe,266240,27.1,4.809,181,0,0
ember_8d3822df480f.exe,179787,12.23,1.456,0,0,0
ember_7815a516291f.exe,37214080,0.8,4.965,158,0,0
ember_13ee3b72acf6.exe,187392,18.8,5.048,113,0,0
ember_6a0c048e2062.exe,187616,19.66,4.546,322,0,0
ember_954b9e486449.exe,809462,14.15,1.098,0,0,0
ember_16101f8e01cc.exe,2189696,3.24,4.76,314,1,0
ember_ca72656cf40c.exe,803991,14.25,1.096,0,0,0
ember_4f0cecb96019.exe,729088,86.15,1.09,0,0,0
ember_cee65042d3b5.exe,333376,24.43,4.772,282,2,0
ember_c156c102fe7e.exe,5000531,0.66,5.017,157,1,0
ember_68c6eeca1d92.exe,41472,22.23,2.207,152,0,0
ember_ad6d29532196.exe,514984,24.11,4.747,164,0,0
ember_232f3ed3b15a.exe,2848680,12.21,4.867,243,3,0
ember_210fbfd4a79c.exe,274536,16.72,1.553,0,0,0
ember_d4a3ccc2ffec.exe,30252,32.99,3.852,89,1,0
ember_6ad59ba6f64e.exe,645120,23.93,3.202,182,1,0
ember_b67f4292d083.exe,1888544,36.65,2.982,1,0,0
ember_cea594d86158.exe,399697,0.93,3.962,0,0,0
ember_c554a15be7c4.exe,251392,19.38,4.226,1,0,0
ember_cdd2a66788fc.exe,17712,35.6,4.141,35,0,0
ember_ad01a1a5644a.exe,1105408,5.57,4.238,24,0,0
ember_057f721c2ae2.exe,10808832,32.22,5.814,628,2,0
ember_97f4de5f307e.exe,8244310,0.82,3.72,130,1,0
ember_1e2ca0642d11.exe,739840,25.78,3.708,1,0,0
ember_a4037193eb22.exe,40960,50.56,4.22,49,1,0
ember_e2ff945423a3.exe,124756,4.15,6.61,11,0,0
ember_f7372adbae3b.exe,57344,27.68,5.31,153,0,0
ember_f860e5c66959.exe,854822,1.84,4.393,8,0,0
ember_07bb457e338c.exe,5632,52.59,3.081,1,0,0
ember_7891e2c64180.exe,1210392,7.24,4.98,106,0,0
ember_d4e4faff2a0b.exe,2244608,16.21,3.723,153,0,0
ember_8c4c492a1664.exe,105219,76.26,3.596,2,0,0
ember_4afb65d106c4.exe,563200,30.26,3.566,1,0,0
ember_ab7535f46e2a.exe,278528,11.02,5.423,183,1,0
ember_4f6bf813c452.exe,163840,23.97,5.367,173,2,0
ember_8d6e11272cf6.exe,32768,58.59,2.937,68,0,0
ember_3ed6c4a36d17.exe,816773,14.03,1.1,0,0,0
ember_fdde2b51074d.exe,307200,24.99,1.693,0,0,0
ember_adb5e0570afa.exe,4096,93.53,0.0,0,0,0
ember_f277bc0189db.exe,373248,13.54,5.614,1469,1,0
ember_e3ed198a5f1a.exe,120832,12.0,1.292,0,0,0
ember_442643bd01ef.exe,188000,47.1,3.372,0,0,0
ember_27c214744dfc.exe,328440,21.37,4.996,430,3,0
ember_ee349eac70f9.exe,295024,24.35,4.521,220,0,0
ember_61919bb540ec.exe,4067485,0.95,4.537,167,0,0
ember_3964a6c73a73.exe,7776,47.76,3.715,42,0,0
ember_9147fc5dc2fa.exe,309036,10.45,1.083,0,0,0
ember_6726e6e2881c.exe,801521,14.29,1.096,0,0,0
ember_367c898768d2.exe,37200,44.66,5.877,94,0,0
ember_8e8a209764a1.exe,395264,28.21,3.552,1,0,0
ember_875574e63061.exe,13140,39.24,1.938,0,0,0
ember_390b0d06f7b3.exe,1155184,17.57,5.213,524,2,0
ember_09f8363e3475.exe,56216,15.75,5.583,154,0,0
ember_a016c3741bc5.exe,5002767,0.85,4.915,100,1,0
ember_a9a729c217be.exe,1509888,61.12,2.109,1,0,0
ember_db92a6ee4d46.exe,761856,26.18,3.57,1,0,0
ember_5d5eaeed1caf.exe,185969,31.48,5.037,215,1,0
ember_769427d8597e.exe,81920,36.05,3.416,1,0,0
ember_70a10f19df3a.exe,73728,36.07,1.744,0,0,0
ember_48a1b081511c.exe,14848,35.06,3.209,1,0,0
ember_468981a700b6.exe,20492,23.78,5.318,27,1,0
ember_162cec6c026e.exe,294930,24.36,4.521,220,0,0
ember_c60ceec7e22c.exe,6487,39.68,4.308,25,0,0
ember_aabe710b20f3.exe,120320,24.79,2.796,137,1,0
ember_a83aa4aa0df3.exe,188422,7.92,4.898,62,0,0
ember_59fedea93717.exe,67072,19.25,4.687,138,1,0
ember_15fa9de523c0.exe,24064,11.54,5.937,4,0,0
ember_a8b4a64fb721.exe,238904,18.0,5.041,908,0,0
ember_a77658a27033.exe,1898592,16.89,5.286,102,1,0
ember_b299e922afbf.exe,14464,24.09,5.826,0,0,0
ember_66ab14f07263.exe,12267420,0.79,5.082,134,1,0
ember_6d52a1c01f79.exe,1049560,1.41,6.814,18,0,0
ember_e5119d28dcf5.exe,569208,14.67,5.494,140,2,0
ember_334183861508.exe,15613848,0.62,5.518,121,1,0
ember_de72dd2c5a47.exe,142992,24.78,4.614,80,1,0
ember_d81323fc6d08.exe,2623196,1.52,4.248,37,0,0
ember_d8b613b0fbf1.exe,2345448,15.66,4.511,70,1,0
ember_28ef2c9cfe95.exe,6367752,27.03,4.013,151,0,0
ember_e556ee852871.exe,350208,26.37,3.596,1,0,0
ember_f1e1c0ec6538.exe,568320,49.4,2.364,1,0,0
ember_989f854b69b3.exe,565380,2.9,5.509,87,1,0
ember_4f019957d3f2.exe,796528,6.73,5.518,121,1,0
ember_50a01b866fcb.exe,132880,59.24,1.524,0,0,0
ember_dcf634f06f6a.exe,557056,22.57,2.118,0,0,0
ember_6627838fcc2c.exe,2714022,15.78,0.899,0,0,0
ember_a2f99df27029.exe,893952,25.6,4.004,355,2,0
ember_076e8820cdc7.exe,172544,6.66,4.538,1,0,0
ember_eab4adbf855b.exe,202752,25.77,4.04,1,0,0
ember_d95ad1fa7db1.exe,187384,15.72,5.623,102,1,0
ember_92019de8b9e6.exe,2496,24.96,5.724,0,0,0
ember_8d81c33e78f5.exe,1441835,16.8,4.799,210,2,0
ember_91397a316b82.exe,901120,2.0,5.597,154,0,0
ember_82debbcccb23.exe,512512,15.95,5.202,105,2,0
ember_373063a0ece5.exe,307856,17.49,4.214,107,1,0
ember_a218981b7e1a.exe,9216,40.04,3.362,1,0,0
ember_7864d76a4308.exe,303983,4.31,6.918,14,0,0
ember_15636a918374.exe,54272,6.15,6.591,6,0,0
ember_8893dc59c46f.exe,5000928,8.2,4.919,56,0,0
ember_1eb083fda180.exe,95984,19.97,3.843,1,0,0
ember_5688fc19adcd.exe,118784,21.33,5.192,100,2,0
ember_02f0c0dbce8c.exe,841922,1.58,3.64,122,0,0
ember_fa9c251718f9.exe,160808,34.72,3.873,148,0,0
ember_1bd67297763f.exe,51976,34.78,4.282,64,2,0
ember_307ec4f07c18.exe,1155185,17.57,5.213,524,2,0
ember_a712da1933fa.exe,576000,23.43,4.767,450,1,0
ember_d92f1f3664e5.exe,23360,22.94,3.005,0,0,0
ember_a5c2031c4743.exe,613376,1.01,3.578,1,0,0
ember_61904392fccd.exe,198144,14.77,4.052,241,1,0
ember_97cad075a579.exe,1534768,43.74,5.208,166,1,0
ember_83a8ac93318c.exe,2606517,11.7,1.279,0,0,0
ember_1b3d15b0ce64.exe,440667,14.59,1.089,0,0,0
ember_7e98b2fc3af1.exe,31744,34.06,3.385,1,0,0
ember_0bd8cac186e3.exe,196608,7.21,1.316,0,0,0
ember_e4e8a96e040c.exe,5003488,0.73,4.397,8,0,0
ember_93231f91c9f7.exe,4288,33.0,3.215,0,0,0
ember_79391a35e936.exe,297984,2.98,6.047,7,0,0
ember_b7b90efd5ef5.exe,388624,50.6,3.532,189,1,0
ember_075e5057c75e.exe,180080,26.32,3.584,1,0,0
ember_c734062dab98.exe,2527232,38.21,3.816,12,0,0
ember_f831a9ecc131.exe,2095756,27.43,4.509,455,1,0
ember_fb72ff8c1241.exe,697344,25.38,4.683,1,0,0
ember_213886895819.exe,626688,13.59,3.693,115,0,0
ember_cd89c7688d61.exe,131200,27.92,4.266,139,1,0
ember_c6ef20fc4e26.exe,4096,93.53,0.0,0,0,0
ember_884fea49b069.exe,1258264,5.19,6.781,14,0,0
ember_cb6fe2e7c50b.exe,61440,25.37,4.615,598,0,0
ember_4ccfb0f5cc8b.exe,28672,58.62,3.661,1,0,0
ember_73492ff954be.exe,26624,29.27,2.563,0,0,0
ember_617673677e47.exe,808167,14.18,1.097,0,0,0
ember_02fd55b1d3fd.exe,44544,37.61,4.625,0,0,0
ember_be3242476b38.exe,7671496,23.89,4.936,564,1,0
ember_44156cd8369f.exe,6305,19.48,1.07,0,0,0
ember_31db6a96075f.exe,181760,22.44,5.246,129,0,0
ember_e4c73968bf57.exe,5001349,2.61,4.549,167,0,0
ember_5be70e46bf91.exe,180744,14.67,4.352,220,1,0
ember_74e3e46680d7.exe,1361024,1.55,5.023,65,1,0
ember_941306a39400.exe,114828,11.04,5.713,165,0,0
ember_74c533182e1e.exe,5003089,1.11,4.422,135,2,0
ember_4a80f0e45835.exe,55434,12.91,1.326,0,0,0
ember_f9007eb28226.exe,364544,23.96,4.486,88,0,0
ember_caf825b9565d.exe,907776,13.31,5.137,334,2,0
ember_a7a390707922.exe,1056,78.88,2.006,0,0,0
ember_423d7f3cb3c5.exe,9216,44.72,3.275,1,0,0
ember_3689270133c8.exe,921512,1.74,6.86,10,0,0
ember_8a77f52711bc.exe,54272,27.97,3.532,81,0,0
ember_7f962cb84627.exe,14848,32.21,3.837,1,0,0
ember_36c7979355c8.exe,1924816,2.35,6.588,3,0,0
ember_611472160df3.exe,637992,9.46,5.513,195,1,0
ember_e82961a40976.exe,5003032,5.21,4.388,120,2,0
ember_75f7fdbb85df.exe,5001524,0.75,5.592,154,0,0
ember_4c4aab7153c3.exe,2116096,25.86,4.048,1,0,0
ember_5a11933d98f9.exe,192640,97.02,0.126,0,0,0
ember_ef679cae4a4d.exe,585728,0.87,3.964,0,0,0
ember_b0633e9af2d9.exe,829553,13.81,1.104,0,0,0
ember_425d209f7c49.exe,140288,4.84,4.689,1,0,0
ember_67958973d231.exe,166400,20.03,5.038,96,1,0
ember_b7c045ba90cb.exe,935320,13.11,1.044,0,0,0
ember_8f5b468cc55c.exe,802552,14.28,1.096,0,0,0
ember_c064f55d65db.exe,184320,33.19,4.363,1,0,0
ember_cad82fc76d22.exe,50688,24.43,3.745,1,0,0
ember_81e6b401fe2d.exe,741544,20.38,4.308,151,0,0
ember_718c97327f1c.exe,2085640,12.29,5.844,1011,1,0
ember_837a5e7dc52a.exe,110592,21.76,4.695,143,0,0
ember_41e6e7455cf4.exe,806201,14.21,1.097,0,0,0
ember_eb4b38dca9b8.exe,3072,54.62,3.99,0,0,0
ember_b9f9fca99f17.exe,132096,15.73,3.387,1,0,0
ember_01c585a0ae4c.exe,5674,82.43,1.978,0,0,0
ember_cc602407c1cb.exe,202560,11.39,3.686,1,0,0
ember_8d63cca97e9d.exe,1765376,14.2,7.019,202,1,0
ember_82e70b5e47db.exe,5120,58.05,3.781,0,0,0
ember_92c3949ef7cc.exe,5001192,0.54,4.474,94,0,0
ember_072ade210707.exe,11264,38.89,3.747,1,0,0
ember_06ed44eec389.exe,59904,51.11,3.777,0,0,0
ember_a3ae1e504a02.exe,65616,40.52,4.289,52,1,0
ember_28f404397c05.exe,170448,25.41,3.475,98,1,0
ember_37f027830fa4.exe,755200,19.34,5.095,14,0,0
ember_4bc6cfd2dfd1.exe,249880,21.49,4.414,1,0,0
ember_98e34b920a0b.exe,547840,4.86,4.672,1,0,0
ember_95394da5744d.exe,254464,19.22,4.498,157,1,0
ember_113064bc6a4f.exe,360840,18.15,5.13,154,1,0
ember_51a223b0428d.exe,5003136,5.03,4.799,365,2,0
ember_f9f925044b19.exe,11264,31.99,4.814,41,0,0
ember_dd0e328398f2.exe,2313384,1.5,5.053,165,0,0
ember_c0c66ec7b031.exe,7168,39.43,3.433,1,0,0
ember_8b9b6d188d7e.exe,34912,22.37,3.566,1,0,0
ember_24481155080f.exe,439976,22.24,5.312,336,2,0
ember_4f57b3d3fc2a.exe,4313120,0.68,5.085,154,0,0
ember_c117c2cbc7c0.exe,391680,16.96,5.023,207,1,0
ember_0e0279fce41c.exe,1130840,4.11,5.376,98,1,0
ember_b34586eced5b.exe,581632,17.99,3.016,141,3,0
ember_cbfba5349a75.exe,2902644,0.53,4.688,70,0,0
ember_9c109780a128.exe,19456,7.55,6.462,0,0,0
ember_075bb6b39461.exe,5003317,0.63,4.411,8,0,0
ember_982b04198c8b.exe,2549624,23.06,4.218,195,2,0
ember_d5b647df4913.exe,178305,1.28,3.961,0,0,0
ember_40a79e27f7c2.exe,281198,21.1,5.208,207,0,0
ember_29404ac85fbd.exe,81920,29.71,3.469,56,0,0
ember_e9f5d595180e.exe,2032439,13.9,1.31,0,0,0
ember_0363748f0381.exe,42496,32.32,4.313,1,0,0
ember_af6b12d86fff.exe,1107680,13.09,4.701,304,2,0
ember_371b1950c2fb.exe,75776,38.45,5.09,117,0,0
ember_d8473eb67e99.exe,10485498,0.55,5.755,164,0,0
ember_733a2f807ba6.exe,244736,27.25,4.049,147,0,0
ember_fc8395e7176e.exe,5001202,1.36,5.047,134,1,0
ember_b6f355b65ef3.exe,813022,14.09,1.099,0,0,0
ember_3d76df5d4f8f.exe,637992,9.46,5.513,195,1,0
ember_73e733d0d4e0.exe,800000,8.65,5.411,0,0,0
ember_deeab6af5651.exe,424960,10.13,5.223,130,1,0
ember_49f1754400b7.exe,19968,37.63,3.143,2,0,0
ember_e9876bfc6046.exe,936544,10.34,4.282,910,1,0
ember_7b0586360af5.exe,10483714,0.5,5.593,154,0,0
ember_2b09eb4e3810.exe,1241600,33.63,3.391,1,0,0
ember_db88548ae410.exe,106496,23.25,5.165,65,2,0
ember_ad7df137973d.exe,178600,12.66,1.632,0,0,0
ember_b6e2bf7a2b64.exe,842199,13.6,1.104,0,0,0
ember_6ccaf63388c5.exe,2489030,3.68,5.82,342,2,0
ember_ae756846febc.exe,386709,20.43,4.772,1,0,0
ember_c5c4c9eaf54e.exe,233472,59.36,3.809,16,0,0
ember_4788b19ed024.exe,19840,25.23,4.764,45,1,0
ember_567ce25fc7af.exe,303693,16.27,5.651,0,0,0
ember_7fc52a68c85d.exe,1432824,3.4,6.101,74,1,0
ember_17ce08b7d6de.exe,915456,30.85,3.478,1,0,0
ember_bbe2964b1db6.exe,402944,11.18,4.564,1,0,0
ember_89331add1979.exe,3667,97.6,1.0,0,0,0
ember_a91e44695b82.exe,561152,54.19,4.885,177,0,0
ember_c381d8337c4b.exe,23299,15.64,1.294,0,0,0
ember_c3fd0a8acaf8.exe,1105920,97.31,1.681,347,0,0
ember_da13cb5b9720.exe,5001960,0.71,6.276,133,0,0
ember_9f396b4b7fa9.exe,457216,22.4,5.34,1,0,0
ember_e477d73fe899.exe,402360,18.14,4.522,1,0,0
ember_e095e5537a35.exe,55296,18.91,4.732,93,1,0
ember_f5a3e5b153c6.exe,2655744,46.39,3.352,1,0,0
ember_1118c6ca0765.exe,19456,44.91,3.918,0,0,0
ember_c70655e3a266.exe,504312,23.15,4.838,473,1,0
ember_985434401563.exe,117704,27.75,4.728,81,2,0
ember_13938b414c18.exe,90268,35.28,3.092,91,0,0
ember_8de8ea309663.exe,10378480,18.38,4.087,516,2,0
ember_b4c6e8ee8c64.exe,104488,28.46,4.882,155,1,0
ember_3fa02acaa9f1.exe,628239,14.52,1.088,0,0,0
ember_7cd600469c91.exe,116472,16.41,4.46,185,1,0
ember_18429257b562.exe,95952,20.42,3.806,1,0,0
ember_020072f67e93.exe,65536,31.06,3.556,1,0,0
ember_670fdad89107.exe,295936,5.56,5.99,125,2,0
ember_0c75360a8b63.exe,5003713,0.48,6.758,14,0,0
ember_1132a0f5ac2a.exe,4096,29.54,1.012,0,0,0
ember_86b02a39cc15.exe,167496,17.13,5.209,87,1,0
ember_b76cf37be157.exe,1814528,39.16,4.157,12,0,0
ember_e49a5695711e.exe,1051648,18.0,4.105,159,0,0
ember_72d24c4fefdc.exe,339990,11.0,5.105,194,1,0
ember_dfa53d09d3cb.exe,14432,26.95,2.916,0,0,0
ember_b94d0b63ceba.exe,161280,41.04,4.629,0,0,0
ember_75387b782831.exe,394752,6.95,4.407,1,0,0
ember_e521e95285dc.exe,49152,28.26,3.307,1,0,0
ember_b774b872005d.exe,2473984,19.98,5.289,273,2,0
ember_44eb236212af.exe,4060608,19.28,4.712,149,0,0
ember_7bc5c5c7da5b.exe,2048,62.99,1.663,0,0,0
ember_a0aacbe39873.exe,132960,18.86,4.792,71,1,0
ember_9059f304ee01.exe,487424,21.26,3.595,121,0,0
ember_ad669b0ec26d.exe,804991,14.23,1.097,0,0,0
ember_4c48b18fd539.exe,40960,51.91,3.493,1,0,0
ember_a4829d769147.exe,1215376,16.08,5.132,569,4,0
ember_fd955660831c.exe,686688,14.97,4.371,569,0,0
ember_e19088654572.exe,124720,21.45,4.461,95,1,0
ember_7a57e9c469a9.exe,21004,22.9,5.318,27,1,0
ember_3ab32475a01e.exe,1204224,18.24,5.237,1371,0,0
ember_ce1f8b0bcda3.exe,239852,5.89,5.621,157,0,0
ember_a4ef27211993.exe,896,66.18,3.713,0,0,0
ember_3420ea19b215.exe,441344,27.21,4.571,248,1,0
ember_79685ec0b569.exe,2012672,6.28,4.589,1,0,0
ember_d75332468b08.exe,2854688,97.38,0.921,5,0,0
ember_7ce5496be7df.exe,585728,12.39,4.437,1,0,0
ember_977192684d37.exe,70128,37.23,4.933,60,0,0
ember_21381aa133a5.exe,5002264,0.57,5.676,158,0,0
ember_870ff93b05ca.exe,51200,20.17,3.687,1,0,0
ember_b0ea34edb9de.exe,214639,24.83,4.783,233,0,0
ember_3f0b1350b290.exe,2157830,18.75,4.013,151,0,0
ember_5760c23da4af.exe,577536,22.33,4.591,1,0,0
ember_96fd04c9fe0f.exe,61440,44.15,4.446,55,0,0
ember_d725955b406c.exe,4001536,11.63,4.481,83,1,0
ember_d8d8ab221e3b.exe,57344,34.19,4.951,53,1,0
ember_e9416472b3c9.exe,41984,57.77,4.146,38,1,0
ember_f90a10606c5a.exe,589824,12.79,1.281,0,0,0
ember_99fcf3f8ebd1.exe,526848,18.02,3.115,1,0,0
ember_cf4952265865.exe,5222479,19.64,4.401,287,0,0
ember_3171e30370aa.exe,17912,23.79,2.221,0,0,0
ember_bfa9efd7ab51.exe,1138328,17.2,4.667,1,0,0
ember_156ae5e594b7.exe,21680,15.65,3.392,1,0,0
ember_2fc604d9c393.exe,4121600,28.97,3.663,1,0,0
ember_ae07f4745550.exe,26112,51.13,3.733,0,0,0
ember_8349ac16e6c6.exe,20480,75.39,3.432,1,0,0
ember_d66419f889a0.exe,2918920,21.95,5.067,241,0,0
ember_d5f233ec488a.exe,91271,4.19,5.349,3,0,0
ember_dac1c5851b77.exe,1416576,1.65,7.475,13,0,0
ember_5f449763f3f9.exe,88320,26.13,4.028,89,0,0
ember_1abee3eb55dc.exe,2665968,16.82,4.957,402,2,0
ember_2987ec69bd70.exe,2126673,16.2,5.564,232,1,0
ember_494b2e9ae4c1.exe,226304,17.98,3.279,1,0,0
ember_d0848d3c583a.exe,16384,78.73,2.624,32,0,0
ember_a00b26f2c6fa.exe,24576,69.76,2.928,55,0,0
ember_598c806d0280.exe,132008,21.25,3.749,1,0,0
ember_814e5c03188d.exe,3477784,21.92,4.769,315,2,0
ember_7a9accb0d944.exe,49152,53.62,2.573,80,0,0
ember_ab99b4350264.exe,1865812,17.46,1.47,0,0,0
ember_1bfed5108056.exe,24576,78.32,1.729,0,0,0
ember_51bf276b7d70.exe,201216,18.24,4.471,197,2,0
ember_950c7561ebb8.exe,626688,12.4,4.925,140,0,0
ember_8c8c041a13f5.exe,1536,44.73,4.91,0,0,0
ember_14d000c7d0bf.exe,57896,18.35,4.314,147,0,0
ember_71c049fa289c.exe,2972460,0.97,5.23,157,0,0
ember_f455ad70a409.exe,289792,19.51,4.409,1,0,0
ember_1539abf30464.exe,45056,43.45,3.825,1,0,0
ember_86ba9a23d994.exe,8704,40.4,3.121,1,0,0
ember_c9643c9b3223.exe,1432681,16.9,4.799,210,2,0
ember_d675c4008200.exe,63765,14.74,1.516,0,0,0
ember_b92a9786de77.exe,630272,18.55,3.795,360,1,0
ember_e50cb9839ace.exe,71168,21.65,5.347,146,1,0
ember_29f472fe2578.exe,2752512,18.73,2.941,178,0,0
ember_53f527778b56.exe,5000033,1.1,4.422,135,2,0
ember_90629a296d37.exe,61440,28.51,3.432,1,0,0
ember_f8bf106dc6b1.exe,21104,24.87,3.395,1,0,0
ember_3cd326920e66.exe,32768,49.93,3.306,44,0,0
ember_587cef660c88.exe,836780,13.69,1.103,0,0,0
ember_d80020f9b83e.exe,507708,16.36,0.595,0,0,0
ember_8563b0d9577d.exe,336384,12.03,4.388,1,0,0
ember_546bd66d8496.exe,38912,32.88,3.363,1,0,0
ember_562129f2cbe4.exe,5003139,1.62,4.826,167,0,0
ember_1233cf59a3f7.exe,2002944,18.95,5.072,2153,1,0
ember_d1ec2b3cb042.exe,220352,18.69,5.362,75,0,0
ember_c85cc9aad6fd.exe,1227104,1.31,5.489,157,0,0
ember_449b0d47ddf9.exe,80896,50.73,3.736,0,0,0
ember_9fe95378d63f.exe,50772,14.76,1.083,0,0,0
ember_e60f42b4102e.exe,717985,15.22,4.644,18,0,0
ember_3bb7658aa112.exe,69896,12.13,0.801,0,0,0
ember_228eea0f727b.exe,1576960,1.34,6.828,20,0,0
ember_854b3db579bd.exe,5002544,0.67,5.286,204,1,0
ember_e01bc7ecb2ca.exe,2560,67.42,3.09,1,0,0
ember_10cf9a184b92.exe,798728,14.34,1.095,0,0,0
ember_dbe7da39da7b.exe,57344,44.63,3.518,1,0,0
ember_7844694560cf.exe,696320,6.48,7.881,0,0,0
ember_00524cee251e.exe,715910,18.51,3.25,367,2,0
ember_42254509c3de.exe,114707,19.31,4.384,180,0,0
ember_279001c02bbb.exe,5001226,0.79,3.72,103,1,0
ember_36ec6c73aa9e.exe,243200,0.76,0.997,0,0,0
ember_9f3fa4038e70.exe,35328,29.45,3.854,1,0,0
ember_4f8d358262b1.exe,5606912,17.06,4.964,581,1,0
ember_bde781c1ce10.exe,1613912,14.48,4.833,150,1,0
ember_eebc2154f2a0.exe,825520,13.88,1.102,0,0,0
ember_04e878c5ba42.exe,49152,43.98,2.956,66,0,0
ember_48814f39ee4c.exe,16384,20.95,1.279,0,0,0
ember_a626534f2caf.exe,2354176,10.83,3.866,1,0,0
ember_d8e7b1e77972.exe,330240,56.6,2.987,1,0,0
ember_6564c12a576a.exe,5002535,0.61,4.501,8,0,0
ember_9f1b67fdcf90.exe,7168,24.41,1.618,0,0,0
ember_ff4b746ae78a.exe,81800,21.43,3.026,120,2,0
ember_c0cd4aee6463.exe,3290744,12.0,4.639,6931,0,0
ember_db2e0e8613bd.exe,1143808,13.19,5.474,308,0,0
ember_49fca6d60a70.exe,440445,14.6,1.089,0,0,0
ember_38096fe03248.exe,872462,38.7,4.786,167,0,0
ember_730e093e0e14.exe,53248,33.11,2.268,0,0,0
ember_cee27fc83fb2.exe,8192,42.58,3.91,22,1,0
ember_bbb3d62cc9f6.exe,210176,27.68,4.102,171,0,0
ember_053fdd813acb.exe,115200,5.27,5.896,1,0,0
ember_6664bc7cb374.exe,23040,12.2,1.263,0,0,0
ember_ab46367ac1e8.exe,637992,9.46,5.513,195,1,0
ember_0d79ad796093.exe,139264,2.7,5.844,8,0,0
ember_e5198c62a343.exe,23048,20.06,3.565,1,0,0
ember_c11e88fc6a4b.exe,16296,24.76,3.214,1,0,0
ember_e032ede98aaa.exe,1032303,22.19,4.126,432,1,0
ember_c87726df7668.exe,316928,20.93,4.535,207,2,0
ember_205f03049213.exe,230400,13.02,4.035,142,0,0
ember_9e91c20aefac.exe,6322,22.79,1.245,0,0,0
ember_6bf985922f76.exe,225280,20.71,4.331,149,1,0
ember_2770341edbd4.exe,93696,3.82,5.56,1,0,0
ember_d6baa9256f6d.exe,8504986,0.78,3.392,122,1,0
ember_25c898182466.exe,76417,18.76,4.193,6,0,0
ember_5ea994542219.exe,161862,11.94,1.098,0,0,0
ember_601b76e3dc48.exe,810242,14.14,1.098,0,0,0
ember_d81146625e57.exe,1952,36.22,5.259,0,0,0
ember_0c9c500de21d.exe,4972544,0.62,5.69,153,0,0
ember_5ff36dcce1e6.exe,2228224,20.83,1.858,0,0,0
ember_54f5534eba6f.exe,637992,9.46,5.513,195,1,0
ember_7d94d5b3fe2e.exe,9216,42.76,2.962,1,0,0
ember_167a5428ecbf.exe,5003720,0.47,5.936,117,0,0
ember_505270e923a5.exe,1259475,12.18,1.11,0,0,0
ember_7645d5c94fe6.exe,3706880,1.02,5.543,129,1,0
ember_cd634939510a.exe,1064448,23.61,2.986,1,0,0
ember_8f8347a466c0.exe,417792,16.62,4.273,466,0,0
ember_3634912e8502.exe,1176160,17.4,5.542,273,2,0
ember_13b8e53f38ef.exe,3012080,9.72,5.656,0,0,0
ember_171979947dee.exe,17408,24.79,5.471,21,1,0
ember_dcac2539ba95.exe,6628,19.04,1.07,0,0,0
ember_a63c97ed41f3.exe,4096,92.82,0.0,0,0,0
ember_6d7ff8f4ed30.exe,498688,19.04,4.666,157,1,0
ember_ea5ec762eef9.exe,189400,22.09,4.749,75,1,0
ember_df7f0b70a9a3.exe,700416,21.01,4.769,1,0,0
ember_969801cb9d36.exe,4096,93.53,0.0,0,0,0
ember_45b83ddddb2c.exe,41284,41.55,3.993,62,0,0
ember_9bfa23f56a0f.exe,24957320,0.44,4.337,8,0,0
ember_de485af7f8ed.exe,654336,51.09,3.501,1,0,0
ember_1840d1a22e8b.exe,24576,67.34,3.698,1,0,0
ember_9f3d35f6a6cd.exe,1769472,11.63,2.936,345,4,0
ember_a1a7f149fdef.exe,5000308,0.64,5.082,102,1,0
ember_dcc88b7c2776.exe,28672,62.13,3.621,60,0,0
ember_5a6c90e76130.exe,157152,52.86,3.608,0,0,0
ember_88a69a822d9c.exe,473088,14.87,5.054,32,0,0
ember_4a7678db6205.exe,48058,16.38,4.265,87,0,0
ember_676a42bba675.exe,25088,37.66,5.065,4,0,0
ember_cf6e27880663.exe,352256,16.96,5.539,271,1,0
ember_1126b931b938.exe,285185,8.97,1.304,0,0,0
ember_150ef35ef044.exe,1560576,22.71,4.446,50,0,0
ember_1be8766f1726.exe,8192,53.0,3.87,0,0,0
ember_87237e025917.exe,1415560,32.08,3.539,1,0,0
ember_525a5ec71521.exe,154624,38.93,2.493,83,1,0
ember_f52d87d12075.exe,957248,18.65,5.251,375,2,0
ember_ddfce1a60338.exe,21548,37.79,1.738,0,0,0
ember_116ad3aa214e.exe,614504,34.42,3.442,1,0,0
ember_31c042b7f0d8.exe,12376,24.68,3.442,1,0,0
ember_2a4a7bf9eb40.exe,56320,4.4,6.902,26,0,0
ember_4145f4fb84d4.exe,20392,13.38,3.517,1,0,0
ember_3490152fff9c.exe,5623028,1.52,5.534,264,2,0
ember_932e00da7e9e.exe,296703,2.18,4.183,45,1,0
ember_97e276616f71.exe,2545664,7.69,4.714,1,0,0
ember_0f565aed1970.exe,4096,93.53,0.0,0,0,0
ember_cdf477ff68fd.exe,1921638,31.72,3.762,146,0,0
ember_3752af6eb121.exe,348160,13.46,4.053,120,0,0
ember_38258f4687e2.exe,33792,13.33,6.023,0,0,0
ember_fe2976340f20.exe,111616,19.18,5.563,91,1,0
ember_a99b17ef1b9c.exe,12288,20.5,1.604,0,0,0
ember_d570b005f700.exe,415744,27.57,3.561,1,0,0
ember_9a452f9e3d15.exe,1449565,1.47,5.293,57,0,0
ember_e94172eaf4c6.exe,98304,18.23,3.96,174,0,0
ember_96c2f5d901f0.exe,13162928,1.52,6.158,29,0,0
ember_00673895a42f.exe,1077848,24.04,4.616,187,1,0
ember_d95a51ab1ad1.exe,1683456,6.47,5.586,130,1,0
ember_c52551ee0f79.exe,637992,9.46,5.513,195,1,0
ember_a039e6913355.exe,185969,31.48,5.037,215,1,0
ember_dfd23d73acb4.exe,5004090,1.05,5.219,145,0,0
ember_d71e6115d68e.exe,12800,37.28,3.004,0,0,0
ember_90f146da5c4b.exe,807627,14.19,1.097,0,0,0
ember_cf4733c0876a.exe,29696,20.4,3.685,1,0,0
ember_7f5c20c953c3.exe,579584,48.93,2.42,1,0,0
ember_db89cf44c5ab.exe,735052,3.72,6.693,15,0,0
ember_e7c3c1e8521e.exe,168960,33.84,3.348,1,0,0
ember_bfe460401992.exe,272800,22.52,3.801,0,0,0
ember_7493aedc61e0.exe,16384,52.3,3.903,0,0,0
ember_27f37147d607.exe,5003829,4.34,6.068,486,2,0
ember_d32852dcfb29.exe,802200,14.28,1.096,0,0,0
ember_cf02cfb89d73.exe,1746208,21.41,5.397,334,2,0
ember_a5aa4729db92.exe,248784,5.45,6.958,0,0,0
ember_cbfa433f5c87.exe,84480,12.39,6.218,7,0,0
ember_d8ed1b476d89.exe,589824,8.37,5.084,1,0,0
ember_c4b3c1588a79.exe,1575544,19.1,4.863,578,3,0
ember_763fa269020d.exe,109568,21.07,4.848,93,1,0
ember_4cfd287b0dd0.exe,2560,63.44,3.807,0,0,0
ember_c78af27862e2.exe,51712,11.66,6.807,7,0,0
ember_abcf602d9603.exe,102400,28.95,3.631,1,0,0
ember_81b0cd3ea2ee.exe,1210256,16.11,5.114,569,4,0
ember_561097fe9c5d.exe,798215,14.35,1.094,0,0,0
ember_b8deed12d5e0.exe,160256,26.58,3.646,1,0,0
ember_86171a55ce02.exe,186960,21.39,4.135,105,2,0
ember_b9ed33523056.exe,1925664,2.35,6.588,3,0,0
ember_eea1d8d4202e.exe,930344,1.11,4.693,32,0,0
ember_b862fb99e8af.exe,637992,9.46,5.513,195,1,0
ember_e1801546bee9.exe,123352,23.55,3.742,1,0,0
ember_3a3601bb4460.exe,49152,41.49,3.91,50,0,0
ember_28711cef9bc1.exe,69825,17.23,4.631,181,1,0
ember_a6db0c3dcfa7.exe,683520,19.81,5.355,118,1,0
ember_7b231a720075.exe,4003158,0.95,4.377,151,0,0
ember_d12ceb07ccb6.exe,1140320,14.07,6.636,6,0,0
ember_30c26e1f60fb.exe,157239,1.34,3.961,0,0,0
ember_bb82b30c8272.exe,24576,66.91,3.295,1,0,0
ember_f9bf4e4a29b4.exe,68096,14.09,5.175,158,0,0
ember_1a4b45682031.exe,44544,20.69,3.793,0,0,0
ember_909cbed6c5e6.exe,2064384,99.99,0.0,0,0,0
ember_bd83c2a90eb7.exe,1032305,22.19,4.126,432,1,0
ember_391b1a504b25.exe,1448552,12.83,5.064,214,1,0
ember_7dfe6e14d541.exe,4194304,14.76,4.011,447,2,0
ember_908da1c729ad.exe,708608,25.9,3.576,0,0,0
ember_84cdfb853e4d.exe,91440,32.22,4.701,20,0,0
ember_ba1a88c2fb7e.exe,87040,28.64,3.576,1,0,0
ember_77672c31e02c.exe,117760,26.59,3.701,1,0,0
ember_2a4f0db4b180.exe,10752,36.3,3.411,1,0,0
ember_eb5dc85e771c.exe,10485760,0.73,4.358,120,2,0
ember_968c057784cd.exe,170496,18.65,3.819,1,0,0
ember_136b21128d8a.exe,16337512,0.59,3.392,122,1,0
ember_2b55942070a8.exe,1548288,1.2,5.473,154,0,0
ember_fa315ea8c92f.exe,147456,9.73,4.554,1,0,0
ember_7e28d0098af5.exe,59168,23.51,3.496,1,0,0
ember_6b71290cc118.exe,305395,4.29,6.918,14,0,0
ember_4ff57632a8ad.exe,1235144,22.17,4.77,0,0,0
ember_2e9a2d745c89.exe,754688,7.63,4.537,1,0,0
ember_9bd69a93fa26.exe,1798144,21.18,3.16,143,0,0
ember_9332ef12a91a.exe,648731,3.13,4.857,107,0,0
ember_beb339c95e07.exe,1442374,8.38,1.341,0,0,0
ember_c9704d95a78e.exe,891248,26.37,1.821,0,0,0
ember_5fc82f58ed78.exe,518568,17.56,5.17,153,3,0
ember_3970fafb1931.exe,245248,4.07,6.926,1,0,0
ember_e74fb117dbcc.exe,162208,27.9,5.241,167,2,0
ember_6c28a9321a3a.exe,637992,9.46,5.513,195,1,0
ember_8c1dc3b10dc5.exe,804786,14.24,1.097,0,0,0
ember_447a7d30a5ac.exe,108086,25.38,1.569,0,0,0
ember_416777bf26bf.exe,6146560,1.22,5.457,2,0,0
ember_7603a56f1a9c.exe,108032,33.27,3.925,152,1,0
ember_e033a9415327.exe,288500,13.37,1.623,0,0,0
ember_4170f28644a1.exe,9408,28.14,3.127,1,0,0
ember_6a47b3b8bb5b.exe,9145881,16.09,5.639,462,1,0
ember_85cd06ecc3cb.exe,411216,14.4,5.273,86,2,0
ember_8d4e562c68c6.exe,659456,19.2,3.432,103,0,0
ember_181c7742cf29.exe,10485760,0.52,5.371,165,0,0
ember_bbc021ff9ae9.exe,5292168,3.56,4.885,162,0,0
ember_336b176ec71c.exe,485376,16.59,4.417,201,0,0
ember_89a6d5f38122.exe,1890616,2.38,6.62,3,0,0
ember_a9f90095c750.exe,1218048,16.83,5.229,16,0,0
ember_604df191686c.exe,392704,16.5,4.393,1,0,0
ember_7da35acde8bc.exe,175995,3.0,6.149,11,0,0
ember_e46c325611ba.exe,2898944,18.4,6.079,0,0,0
ember_5c3d63528706.exe,70272,42.03,4.054,0,0,0
ember_794bdf21e459.exe,22528,18.01,2.466,1,0,0
ember_53e133f43a5c.exe,21703,13.19,1.077,0,0,0
ember_a83ef0a167fa.exe,399976,86.21,0.485,0,0,0
ember_22d377948c21.exe,286720,7.7,4.633,1,0,0
ember_fca81e2cfc75.exe,112640,28.53,3.884,156,1,0
ember_503d1d289f9a.exe,133064,13.75,4.833,79,1,0
ember_0df760406a51.exe,462677,3.88,5.799,104,1,0
ember_f08b7b43a27b.exe,1982959,11.49,5.073,9,0,0
ember_698dadc48d18.exe,21642,22.78,1.301,0,0,0
ember_53244cf870f1.exe,5002384,5.5,4.832,344,2,0
ember_4c928bee81cc.exe,6198,66.49,1.192,0,0,0
ember_23f1ad5907d0.exe,3321856,0.97,7.964,0,0,0
ember_49841e5745c7.exe,42280,23.17,4.251,60,0,0
ember_126faf91879a.exe,693352,17.46,5.069,362,2,0
ember_ab03708cb065.exe,1991432,31.42,4.602,544,0,0
ember_ab0538ca1ab4.exe,637992,9.46,5.513,195,1,0
ember_43b9f0dba826.exe,972288,16.21,4.804,1,0,0
ember_037f79b69a40.exe,991232,32.79,4.229,7,0,0
ember_df1fc468b7f5.exe,804114,14.25,1.096,0,0,0
ember_ed01e73cf66a.exe,277504,26.64,3.625,1,0,0
ember_2ecd770fd0a4.exe,1305152,16.91,5.266,573,0,0
ember_28237889cfad.exe,1103328,13.8,5.467,236,3,0
ember_078aba899d0f.exe,5027922,0.59,5.56,154,0,0
ember_f4a9b4fbd93a.exe,11320,25.17,3.427,1,0,0
ember_a350e299a956.exe,5688832,16.61,4.597,449,0,0
ember_41080c1191e0.exe,1061491,2.04,5.328,165,0,0
ember_2a8f548343ee.exe,83968,28.1,4.891,32,0,0
ember_de703698aff4.exe,75920,4.51,7.795,7,0,0
ember_c439963020e4.exe,102400,12.62,1.272,0,0,0
ember_28cd881efbea.exe,1957888,33.77,3.966,7,0,0
ember_76d38922eaff.exe,349696,18.97,4.977,146,1,0
ember_2676d405337d.exe,5000920,1.97,5.507,228,1,0
ember_1985a5076cd2.exe,276521,5.43,4.954,9,0,0
ember_2487991c5690.exe,561152,16.33,6.225,333,1,0
ember_fa884866ac0f.exe,1149440,2.37,6.204,120,0,0
ember_33c174f62e81.exe,231182,10.94,1.095,0,0,0
ember_03ea7468f037.exe,1675264,1.11,5.69,153,0,0
ember_15bce7305f35.exe,637992,9.46,5.513,195,1,0
ember_8b4ab73b6133.exe,329624,13.67,5.105,80,1,0
ember_05c943ba5918.exe,709160,8.82,5.763,195,1,0
ember_d4b389fb8971.exe,5004087,5.87,3.43,167,0,0
ember_d4ac6b0f4e9a.exe,30208,33.5,3.39,1,0,0
ember_5179142db353.exe,144384,22.24,3.575,1,0,0
ember_cec75aa9fb00.exe,716288,22.5,5.392,378,1,0
ember_b717770aa609.exe,1497600,16.47,6.268,1011,0,0
ember_3c0bba53970c.exe,3072,35.64,1.396,0,0,0
ember_754c7a661c1d.exe,295936,5.55,5.99,125,2,0
ember_c6bdce7e087c.exe,567965,3.68,4.689,38,0,0
ember_d55a3ae55086.exe,385024,16.96,3.421,83,0,0
ember_434471cd611a.exe,614798,22.19,5.49,237,1,0
ember_498929c0da5d.exe,1617408,29.14,3.625,1,0,0
ember_e5f1df4369bc.exe,77824,22.12,3.566,45,0,0
ember_23e801f1dac7.exe,5003720,1.64,5.534,264,2,0
ember_4d6b34834555.exe,753152,25.68,3.712,1,0,0
ember_c128c148138d.exe,1409024,11.36,3.428,117,0,0
ember_43717536638c.exe,367904,4.65,6.435,11,0,0
ember_f2e57f95afa8.exe,594432,17.48,5.115,202,1,0
ember_01393dc6043f.exe,5002262,1.26,4.814,135,2,0
ember_eb71764309f9.exe,209408,13.79,4.224,1,0,0
ember_4f77ecff8fe4.exe,3698368,51.26,1.189,0,0,0
ember_cd97c86de4b6.exe,10240,56.98,3.867,0,0,0
ember_e2dea5b3914b.exe,2850816,38.22,3.675,12,0,0
ember_8352a16dd446.exe,133064,13.75,4.833,79,1,0
ember_1c6dce745b45.exe,1265152,18.97,3.606,199,1,0
ember_cfb1a2529203.exe,32768,56.3,3.323,1,0,0
ember_912e84e60516.exe,10485452,0.46,7.645,2,0,0
ember_c38a7f03d2cf.exe,3072,61.3,3.826,0,0,0
ember_3911abd5f5a7.exe,10112,17.65,3.718,0,0,0
ember_83a0c583d822.exe,148992,50.87,3.197,125,1,0
ember_a3fb39d0d1fb.exe,570368,11.52,6.886,17,0,0
ember_5d5b515f7a7a.exe,6705,22.21,1.281,0,0,0
ember_af69968390f6.exe,1952768,3.04,5.36,1,0,0
ember_a764b9a3e4ee.exe,13312,33.76,3.194,1,0,0
ember_12ef4541e463.exe,6144,50.62,3.369,1,0,0
ember_532779e09785.exe,278544,15.7,4.27,464,1,0
ember_3c740c272c77.exe,39416,13.12,4.789,45,0,0
ember_b9048c4d35fc.exe,3136512,3.02,4.339,1,0,0
ember_f3af21373c05.exe,22016,33.56,3.459,1,0,0
ember_171289f05ef4.exe,3023175,5.38,3.92,10,0,0
ember_7137aba44290.exe,688128,16.79,3.61,919,1,0
ember_5c33038b3dd7.exe,3778812,12.07,4.992,438,2,0
ember_9dd8f2729c2b.exe,1041999,26.14,4.274,0,0,0
ember_16f9d5e9247f.exe,561459,46.34,6.09,159,2,0
ember_23a80a304d41.exe,217088,3.99,5.61,8,0,0
ember_5cd6c0ba1bc6.exe,93280,28.88,4.675,113,1,0
ember_33524b41eeb5.exe,965160,39.28,5.346,165,0,0
ember_ae3b3e0a6e3b.exe,12288,85.44,1.865,0,0,0
ember_5aebd4eeb16a.exe,5001113,0.81,6.053,144,0,0
ember_0d43b00ba4f0.exe,637992,9.46,5.513,195,1,0
ember_10d2489d1eb5.exe,806912,12.9,5.113,0,0,0
ember_1486c123d469.exe,48824,31.82,3.434,1,0,0
ember_3b7d54c59e6e.exe,1032305,22.19,4.126,432,1,0
ember_e632ff4f044a.exe,549976,32.15,4.246,223,0,0
ember_0e3cffa14ee9.exe,3584,68.14,3.082,1,0,0
ember_96ea097b3dd5.exe,713216,26.12,3.702,1,0,0
ember_5e7faba6e04f.exe,19752,17.35,3.469,1,0,0
ember_190f73a35cd4.exe,800791,14.31,1.095,0,0,0
ember_775289b7a629.exe,2088144,15.15,4.819,1,0,0
ember_e4596fe2ac41.exe,807336,14.19,1.097,0,0,0
ember_08d2086f8690.exe,807369,14.19,1.098,0,0,0
ember_20ce03c2136b.exe,167936,22.57,5.645,178,2,0
ember_0233ce7884c2.exe,573440,16.21,4.88,82,0,0
ember_d82e02616db4.exe,591982,14.62,1.087,0,0,0
ember_44b2d30db6ae.exe,1067816,8.8,4.818,235,1,0
ember_e3981ccffbfa.exe,2353152,55.0,2.578,1,0,0
ember_2b3bd48efeba.exe,1257248,18.18,5.547,282,2,0
ember_c10c9d5c0106.exe,800000,8.52,4.826,169,2,0
ember_afdf0c3c35e0.exe,64000,50.68,3.785,0,0,0
ember_c93ba12adc42.exe,811008,26.88,5.088,0,0,0
ember_18f37c79c549.exe,1556480,26.37,4.122,7,0,0
ember_619728b5e047.exe,403528,17.93,5.159,676,1,0
ember_8208e31c9745.exe,6978864,14.99,6.14,822,2,0
ember_98961c6e8429.exe,484352,23.35,5.23,668,1,0
ember_1110f6ec242f.exe,1103224,3.56,5.948,117,1,0
ember_480f33c29b42.exe,5002879,0.89,5.284,144,0,0
ember_7048b0dbb1fc.exe,61424,13.0,6.113,154,0,0
ember_a83d9de85e29.exe,3808,35.32,2.641,0,0,0
ember_fda7b1f8517d.exe,793721,10.55,1.333,0,0,0
ember_1645ee256a3f.exe,178432,23.09,4.983,213,0,0
ember_32f6f1e66a43.exe,592853,14.6,1.088,0,0,0
ember_17ca1228d645.exe,5037685,0.61,5.56,154,0,0
ember_eee858c69453.exe,10481693,0.64,4.6,117,1,0
ember_ea8262a5be93.exe,10485760,0.68,4.973,164,0,0
ember_f056baffc192.exe,25088,22.17,5.282,0,0,0
ember_e670d3d2c2b4.exe,4182528,1.23,6.224,30,0,0
ember_813ae4b3ede5.exe,818333,14.0,1.1,0,0,0
ember_0ed6998e124a.exe,40960,58.21,4.453,27,0,0
ember_0e500e5e6a48.exe,33000,40.59,3.531,0,0,0
ember_a3c66b18d80e.exe,565760,23.7,4.987,1,0,0
ember_2c9aee54ea50.exe,17928,23.8,3.57,1,0,0
ember_d67171da52b0.exe,846648,12.81,4.851,166,1,0
ember_fdbe3a48d06c.exe,10240,43.87,3.294,1,0,0
ember_a49f7bd9d688.exe,10485397,0.73,4.727,165,0,0
ember_489d700e73b6.exe,27136,30.54,3.396,1,0,0
ember_2b8eaf211c7a.exe,130968,33.45,3.97,0,0,0
ember_6f216ad6e09b.exe,28672,55.35,2.719,44,0,0
ember_a71e4c8e7353.exe,1413120,11.37,5.677,475,4,0
ember_07b63d590a62.exe,417792,21.32,4.585,328,1,0
ember_0b9ee2042e09.exe,6058,20.06,1.067,0,0,0
ember_6cacb5cd4061.exe,668784,33.29,5.364,165,0,0
ember_96b17c20e182.exe,5466280,4.07,4.611,247,1,0
ember_15ff25f9a263.exe,583720,10.75,5.685,195,1,0
ember_bacd949bcc4b.exe,21504,26.23,3.902,57,1,0
ember_566adf5094c3.exe,1130840,4.11,5.376,98,1,0
ember_3e9346eac866.exe,746436,3.65,3.981,55,1,0
ember_ac5a9c7bbfa9.exe,5632,45.85,3.109,1,0,0
ember_66510c0f75b2.exe,23888,24.9,3.363,1,0,0
ember_b4eaaf3cf2b8.exe,5002016,4.89,4.475,120,2,0
ember_881857691000.exe,312843,1.3,7.167,9,1,0
ember_67cc48e3b0a7.exe,6951257,10.02,0.959,0,0,0
ember_0d9296ef5b7f.exe,6144,60.43,4.27,0,0,0
ember_bcb15ea33909.exe,1613824,13.28,3.504,1,0,0
ember_0e27310e8ed4.exe,32249,8.12,6.309,1,0,0
ember_33d00a9758bc.exe,802393,14.28,1.096,0,0,0
ember_49f3be2d41bd.exe,2785148,23.91,5.238,12,0,0
ember_88322bc68480.exe,221184,28.89,4.422,305,1,0
ember_3834592ccb39.exe,417280,7.51,5.312,1,0,0
ember_ff9b4c012a82.exe,813008,14.09,1.099,0,0,0
ember_9bc9c6c290e5.exe,795136,30.98,5.286,191,1,0
ember_f08c493eb528.exe,1911296,28.11,3.65,1,0,0
ember_17eb2af9afb5.exe,688128,0.2,3.099,0,0,0
ember_e177f9be56fc.exe,122368,45.34,5.137,4,0,0
ember_30cb91f94374.exe,22784,16.22,3.62,1,0,0
ember_621edc454ebc.exe,367880,4.66,6.435,11,0,0
ember_35c6f2405290.exe,479744,12.42,5.554,1,0,0
ember_6e9d1d943ed2.exe,378880,20.15,3.068,186,1,0
ember_66bba01881c1.exe,445772,12.6,4.628,160,1,0
ember_50ef79f32334.exe,505341,34.28,4.798,77,2,0
ember_c6e797d33fa5.exe,1637376,4.68,5.975,12,0,0
ember_682c9f3b1165.exe,2637,28.44,3.806,0,0,0
ember_235633de9c34.exe,6144,48.6,3.392,1,0,0
ember_7d70f3e31c8b.exe,295952,10.18,4.97,0,0,0
ember_4659f653f871.exe,802067,14.28,1.096,0,0,0
ember_1296a28a6a5c.exe,75512,25.56,4.154,71,1,0
ember_16e536b0c1a9.exe,22856,16.35,3.513,1,0,0
ember_6e7eaac4eb6f.exe,3638520,2.45,4.281,88,0,0
ember_91a1c39821f2.exe,980992,50.75,3.72,0,0,0
ember_2ad8b8e525db.exe,57344,25.89,3.575,1,0,0
ember_19674ce8ff70.exe,43608,8.67,5.126,0,0,0
ember_016774b3cf67.exe,41472,34.54,2.333,75,2,0
ember_d8b804479b8a.exe,633344,27.64,4.43,1,0,0
ember_391dccbd401b.exe,6112,74.2,4.867,11,0,0
ember_694599badbaa.exe,2148352,76.78,2.36,409,2,0
ember_edffcc236318.exe,47104,16.89,4.304,1,0,0
ember_ebf9cbba8a7c.exe,1187984,8.52,4.961,251,1,0
ember_46bfba4c8a00.exe,52912,31.8,3.35,1,0,0
ember_54b3c43d0c90.exe,667648,8.2,6.065,13,0,0
ember_7056a425fbe8.exe,1099776,52.2,3.057,1,0,0
ember_764290598df1.exe,497784,17.2,5.293,237,1,0
ember_23bad911eec0.exe,4608,55.88,3.929,0,0,0
ember_1177945bb6af.exe,572928,16.77,4.757,155,1,0
ember_7edc3aa11bbf.exe,818912,13.99,1.101,0,0,0
ember_a26853ab124a.exe,87040,16.72,4.863,683,1,0
ember_86c01fdf57bc.exe,2141552,2.66,5.518,121,1,0
ember_b1ec08058ad2.exe,340992,49.89,3.497,1,0,0
ember_1295116545d9.exe,5001295,0.6,7.404,6,0,0
ember_0da600f55d4c.exe,92488,3.88,7.842,0,0,0
ember_c17676c98ad7.exe,2048512,27.29,3.733,1,0,0
ember_335927ade340.exe,241664,14.9,4.357,120,2,0
ember_3f4099e5f918.exe,368251,20.48,4.771,1,0,0
ember_589bb91c07b1.exe,1343232,15.19,4.767,96,2,0
ember_5d0abab2f2b2.exe,4585616,0.48,6.203,7,0,0
ember_563890a508c2.exe,507904,15.01,5.036,32,0,0
ember_e8e88ad041f7.exe,1339392,33.48,3.883,117,0,0
ember_eaace7ff232e.exe,108544,4.71,4.692,1,0,0
ember_872fea7d6de7.exe,9930728,15.44,1.877,0,0,0
ember_a9163eca9c61.exe,573114,14.69,3.293,164,2,0
ember_eb3a2acef8da.exe,159744,3.69,4.699,1,0,0
ember_b8334acb28e4.exe,94616,14.98,3.557,132,3,0
ember_9b7e9a168bbd.exe,637992,9.46,5.513,195,1,0
ember_fa4650d73d51.exe,497704,4.27,4.446,9,0,0
ember_83d303a59c88.exe,29877,12.54,1.594,0,0,0
ember_cba159141e86.exe,2650112,14.32,4.754,430,0,0
ember_16fb97f16c3f.exe,1274600,1.39,4.393,8,0,0
ember_90aede532c0c.exe,1473008,22.73,4.902,116,1,0
ember_fb5e43081553.exe,129115,12.84,1.622,0,0,0
ember_5b9b13eb0be8.exe,410642,0.74,3.941,0,0,0
ember_f6025b23a17a.exe,579584,15.58,5.194,125,2,0
ember_7bad633b1def.exe,1236992,20.71,5.521,367,2,0
ember_f5e8dcd1d385.exe,16384,15.18,1.123,0,0,0
ember_f51e352a5884.exe,3584,52.96,3.468,1,0,0
ember_688afc2f4314.exe,248549,1.89,2.65,0,0,0
ember_b1b575ed0d29.exe,8704,56.2,3.821,0,0,0
ember_eaf4ea0531ed.exe,81336,9.94,5.357,157,0,0
ember_1faf664ecc03.exe,445952,1.91,6.479,0,0,0
ember_1ba70a81499e.exe,1855880,9.82,5.005,460,2,0
ember_0094c5444ee6.exe,69464,22.96,4.809,37,0,0
ember_d3e247876884.exe,5000269,0.51,4.478,55,0,0
ember_30d7d9870e07.exe,10609024,0.37,5.647,0,0,0
ember_b29a261f73f4.exe,1818624,15.39,6.089,0,0,0
ember_0c6bea232b0a.exe,22924104,37.38,4.598,1,0,0
ember_d12094a768c1.exe,146428,12.25,1.276,0,0,0
ember_115a58fbfc9c.exe,211512,24.1,4.88,0,0,0
ember_5eafa5c8125c.exe,2323824,8.83,4.743,121,2,0
ember_098e66d85684.exe,1617408,31.95,3.56,1,0,0
ember_64751b5df47f.exe,88064,20.12,3.358,200,1,0
ember_13d5d577b31a.exe,674436,4.37,6.056,13,0,0
ember_b38522baa16b.exe,19885384,0.48,4.906,171,0,0
ember_e485ee0b308e.exe,25088,34.17,3.632,1,0,0
ember_f4e6b61daee9.exe,180728,5.92,7.551,3,0,0
ember_7b476314abef.exe,1744976,1.1,5.085,154,0,0
ember_8b278bff0618.exe,5003770,0.61,4.501,8,0,0
ember_f08a56b09462.exe,10485437,2.14,4.547,133,2,0
ember_f5e8578d565b.exe,45056,72.41,2.095,2,0,0
ember_894ad9836e08.exe,622592,17.63,5.365,159,0,0
ember_dffd5eb4f464.exe,9728,44.62,4.611,36,0,0
ember_2b51f767a314.exe,110272,25.34,3.783,1,0,0
ember_c5a5c8dc4aba.exe,69632,44.68,4.024,127,1,0
ember_af4cdd9c56aa.exe,958464,24.08,3.78,126,0,0
ember_ad318706cfe6.exe,2035712,34.25,4.167,7,0,0
ember_0f9a7a957662.exe,10485760,0.79,5.17,185,1,0
ember_67b7e2889bcf.exe,60792,28.75,3.447,1,0,0
ember_a549b02d2008.exe,174592,23.4,3.737,1,0,0
ember_05920baff8c4.exe,1683456,4.88,6.4,122,1,0
ember_5e81661c390d.exe,1514496,14.02,4.619,216,1,0
ember_186e459ffed0.exe,1296384,6.85,4.539,447,0,0
ember_cc633ff388c5.exe,274432,25.86,3.291,0,0,0
ember_602501998526.exe,925696,9.4,1.098,0,0,0
ember_5bf0e091b130.exe,4760064,4.51,2.923,1,0,0
ember_70630a9f2565.exe,791138,1.02,2.352,0,0,0
ember_2e6ba2018eef.exe,1310208,13.35,7.115,32,0,0
ember_50629b88505a.exe,2672128,55.22,4.472,0,0,0
ember_12ae8eb76a0a.exe,5001500,4.43,4.696,101,1,0
ember_d6608364aafd.exe,5003119,0.72,4.235,115,1,0
ember_2b5d3f92886f.exe,5632,52.61,3.08,1,0,0
ember_38c0db14ca6b.exe,4374528,15.85,4.401,264,2,0
ember_9195520fa826.exe,148480,52.12,5.046,4,0,0
ember_da323c4f6d30.exe,57344,36.67,4.432,48,1,0
ember_d9d02c54576c.exe,482304,21.2,5.627,125,0,0
ember_51a268941832.exe,167936,10.08,4.58,1,0,0
ember_1572cd87ef6c.exe,7680,39.71,3.147,1,0,0
ember_5a11afb4a9cf.exe,75056,22.99,4.999,171,0,0
ember_0ae1f2ceaf87.exe,316248,39.47,4.25,158,1,0
ember_1bc459faf509.exe,1612800,29.18,3.51,1,0,0
ember_d1df950f08a4.exe,5001373,2.61,4.549,167,0,0
ember_864d021e8514.exe,2787,36.1,1.229,0,0,0
ember_471856575913.exe,301293,4.19,6.917,14,0,0
ember_7e92d49ad532.exe,150404,1.19,3.966,0,0,0
ember_899b0f574b53.exe,116736,24.3,3.745,1,0,0
ember_2de68ed914c6.exe,2786816,5.94,5.083,1,0,0
ember_c2cf89bc4e6c.exe,2762024,25.94,4.507,768,1,0
ember_b7801bf10679.exe,200704,14.8,3.695,99,0,0
ember_9bc0eea87459.exe,1082368,11.27,5.966,908,0,0
ember_878cf69fb2dc.exe,5001712,0.47,7.119,69,0,0
ember_071969193a47.exe,23966792,0.46,5.803,154,0,0
ember_d7dc7d4e7453.exe,406024,15.86,4.257,178,1,0
ember_8b83ff5c5d7c.exe,36864,53.38,2.908,72,0,0
ember_5c5aa10e6de5.exe,737280,10.48,0.827,0,0,0
ember_0196c13ad232.exe,2156925,0.89,5.457,154,0,0
ember_8b6cb223cb90.exe,68917,70.6,4.575,62,0,0
ember_619dc01ba242.exe,59904,24.86,3.555,1,0,0
ember_4fec64e4fea2.exe,94208,10.55,1.284,0,0,0
ember_034bff974748.exe,4816664,1.58,4.102,171,0,0
ember_0e309633d74b.exe,38912,27.51,3.428,1,0,0
ember_3ac1ec141a07.exe,135168,16.91,5.732,217,0,0
ember_d448a97d67bd.exe,1033840,4.45,7.871,0,0,0
ember_4fb1fd9bba9f.exe,153130,10.5,5.322,158,0,0
ember_d5dba7b94799.exe,158720,54.62,3.706,0,0,0
ember_edcb639677ca.exe,3177728,15.59,5.433,182,2,0
ember_7d2647a1881e.exe,829860,13.81,1.102,0,0,0
ember_1c7308cc7586.exe,258952,14.32,5.922,117,1,0
ember_936ace93ecda.exe,9728,53.2,2.409,35,0,0
ember_5939dbeb21ba.exe,5003847,1.09,4.359,120,2,0
ember_52cd8955718e.exe,36864,51.93,4.586,59,1,0
ember_0b37fe17d480.exe,162640,23.07,4.644,104,2,0
ember_8d9eb643268e.exe,646147,19.37,4.961,155,0,0
ember_737bdd38f125.exe,2246656,7.95,4.864,556,4,0
ember_cb339e524366.exe,32768,30.09,4.499,92,0,0
ember_0185766c9765.exe,159752,9.62,5.356,158,0,0
ember_6105d8e136be.exe,637992,9.46,5.513,195,1,0
ember_7e59a83163b1.exe,2125824,31.82,3.337,143,1,0
ember_294756f9f2bb.exe,59392,20.35,4.203,1,0,0
ember_9338221ae539.exe,1428433,0.78,5.853,86,0,0
ember_fe2e2e424562.exe,98304,39.73,3.611,1,0,0
ember_8fdd3d09b395.exe,41472,32.93,1.853,0,0,0
ember_0f17649d828e.exe,62976,34.28,3.733,1,0,0
ember_09e16400925e.exe,32336,13.61,2.902,23,0,0
ember_3a19fe211d79.exe,10485760,0.79,5.186,158,0,0
ember_dd71a4a6d223.exe,244700,16.53,5.0,145,0,0
ember_980ab1b1eac0.exe,962560,15.63,0.706,0,0,0
ember_339e3ba8736a.exe,36864,27.6,4.317,34,0,0
ember_08f1d20847cd.exe,1430349,16.93,4.799,210,2,0
ember_626e74e485d8.exe,52856936,0.43,3.73,64,0,0
ember_6ad1b9ff3cd2.exe,578438,0.48,3.926,0,0,0
ember_c6263dfdb7f1.exe,825667,13.88,1.102,0,0,0
ember_c50dd7a852bb.exe,774256,11.81,5.451,377,0,0
ember_cda28bda3c5e.exe,13043016,11.82,6.351,549,2,0
ember_228d8044ae3d.exe,69138,18.01,1.293,0,0,0
ember_09c694c33868.exe,5002961,2.53,4.169,99,0,0
ember_5f2a90159c1f.exe,5001414,4.79,4.656,131,2,0
ember_b4633ec80008.exe,67584,21.14,5.022,69,2,0
ember_05ec32c2f62b.exe,805379,14.23,1.097,0,0,0
ember_aefc0442fb5b.exe,47616,30.61,3.314,1,0,0
ember_b259fe0e1def.exe,20480,66.5,3.706,1,0,0
ember_95124d450f1a.exe,178688,35.7,5.509,0,0,0
ember_9296521d83ed.exe,1787392,12.55,4.44,11,0,0
ember_54fe20c80363.exe,5000576,1.19,4.558,120,2,0
ember_3186eb5dfb7b.exe,110592,35.89,4.51,131,1,0
ember_eb036e41430d.exe,10483990,0.54,5.548,154,0,0
ember_7306a69c6001.exe,128972,13.25,5.549,171,0,0
ember_06b0b00145a9.exe,20256,14.25,3.526,1,0,0
ember_61024f9c8ca1.exe,20484456,0.56,4.354,120,2,0
ember_f0771d3ab308.exe,637992,9.46,5.513,195,1,0
ember_39d474d31544.exe,397312,51.2,4.9,0,0,0
ember_9178216aabb2.exe,441651,14.56,1.09,0,0,0
ember_8291ca2d02c2.exe,425304,17.37,5.607,202,2,0
ember_339bf3a9c172.exe,98816,50.97,3.74,0,0,0
ember_eab5db7d87cb.exe,55808,20.98,3.616,1,0,0
ember_9466353bf997.exe,81920,5.28,4.697,1,0,0
ember_15e9efd2f0c8.exe,391680,1.84,6.965,5,0,0
ember_a351638f3471.exe,773696,12.44,5.596,92,1,0
ember_9d3c05d41e57.exe,59904,9.79,4.497,1,0,0
ember_43cf46f1976c.exe,139264,24.29,5.678,122,1,0
ember_6bcb74ed2720.exe,71329,18.95,4.149,153,0,0
ember_0de204814fe8.exe,10752,52.44,3.829,0,0,0
ember_fcb52ff553b0.exe,20864,27.92,4.697,48,1,0
ember_72ca5a71b441.exe,2465792,13.58,3.747,164,0,0
ember_c4277446a2ea.exe,2011136,24.33,3.682,162,0,0
ember_c82a4b509808.exe,119812,25.77,5.292,123,0,0
ember_c5facb77a857.exe,85504,30.03,3.584,1,0,0
ember_733a46129b23.exe,677600,9.47,1.31,0,0,0
ember_710a14c5e746.exe,448000,22.36,4.671,215,0,0
ember_c953c467a321.exe,803561,14.26,1.096,0,0,0
ember_42f9155a44f5.exe,524288,15.51,7.109,3,0,0
ember_6829978eacbf.exe,164736,1.54,5.649,0,0,0
ember_d18d5fc708d1.exe,836407,13.7,1.103,0,0,0
ember_d3907dc5ac33.exe,5001321,0.77,5.557,154,0,0
ember_16558dd310b3.exe,2719829,5.5,5.232,1,0,0
ember_05f53be38618.exe,1236480,24.93,3.522,1,0,0
ember_1ecc9c23792d.exe,812917,14.09,1.099,0,0,0
ember_fcca76873f08.exe,15766,29.68,1.878,0,0,0
ember_ea60334c69cb.exe,236544,6.56,3.5,1,0,0
ember_bd1a80f3811b.exe,53656,33.61,3.686,1,0,0
ember_00e0bf127746.exe,111728,24.7,4.492,144,1,0
ember_a690a232ce16.exe,23552,21.75,4.246,1,0,0
ember_d672c1c7633b.exe,432640,49.6,4.992,515,2,0
ember_54293256dec0.exe,10752,42.33,3.333,1,0,0
ember_8b8c5f7247c8.exe,5001176,1.05,5.702,154,0,0
ember_ddb2b5132d09.exe,1459048,2.61,4.556,53,1,0
ember_e39c8cee0a43.exe,23552,54.82,4.221,8,0,0
ember_3c548ed860a7.exe,5002785,0.58,5.228,154,0,0
ember_cf95a104d1ad.exe,706560,1.89,4.72,1,0,0
ember_4786a36f2e88.exe,28160,35.45,3.36,1,0,0
ember_391c8bff2ab9.exe,802648,14.27,1.096,0,0,0
ember_1a0214d703dd.exe,188416,12.29,5.723,1,0,0
ember_2b42472063af.exe,985736,12.26,6.162,15,0,0
ember_f49b83ec984d.exe,6144,43.96,3.077,1,0,0
ember_e9cfc5213fdc.exe,2423535,1.06,3.853,80,2,0
ember_c18f665289ef.exe,212992,8.32,1.082,0,0,0
ember_eaab1df4442b.exe,54784,20.32,4.513,227,0,0
ember_895c3cd5af07.exe,339968,48.28,4.217,7,0,0
ember_6ebf8087c3d0.exe,5001608,1.15,5.376,150,2,0
ember_a46345c0fe1d.exe,591952,22.19,4.875,1,0,0
ember_bd47fc8df804.exe,5002202,0.69,4.369,8,0,0
ember_4d0c73c10e80.exe,860672,19.82,4.946,469,4,0
ember_2ea5aeee0b95.exe,194560,27.51,4.526,1,0,0
ember_48428bf2707c.exe,7472,21.19,4.195,0,0,0
ember_089a0c33ac05.exe,1399296,8.9,5.568,114,1,0
ember_e98f61a7c63b.exe,5002340,0.64,4.395,8,0,0
ember_5551a13bb852.exe,1403392,20.87,4.266,1,0,0
ember_99669220cfd8.exe,655656,26.33,4.052,79,1,0
ember_9f88cf044691.exe,1615160,23.17,4.223,910,0,0
ember_0f9489b35229.exe,565760,17.64,3.445,131,3,0
ember_0385c2eeb8d1.exe,114688,26.99,3.696,1,0,0
ember_225022924c89.exe,19645728,0.41,5.138,158,0,0
ember_e2104d46daae.exe,1004008,20.02,5.466,304,2,0
ember_9e9b347fde74.exe,5000928,1.11,4.543,171,0,0
ember_905d4eaacf20.exe,40960,56.51,3.197,1,0,0
ember_ae902bcee93e.exe,476160,13.52,5.116,221,1,0
ember_308de0cef668.exe,233984,23.95,3.611,1,0,0
ember_a398235132b4.exe,3989728,18.52,5.474,279,2,0
ember_8ab027d618f9.exe,811639,14.12,1.098,0,0,0
ember_7a4c928e7532.exe,5003689,0.92,5.303,146,0,0
ember_239a074e5b78.exe,275968,28.13,5.07,0,0,0
ember_54269c363e36.exe,394130,12.44,1.095,0,0,0
ember_d9aa0e2b73ab.exe,200704,2.96,6.458,4,1,0
ember_741fa4da175a.exe,5004040,1.46,5.047,22,0,0
ember_880c1862a3e9.exe,1504256,29.42,4.463,660,0,0
ember_69fb8a885af5.exe,10240,54.24,3.835,0,0,0
ember_fe7b81c440dd.exe,937702,13.63,4.775,116,2,0
ember_b91b81fbbccc.exe,202240,29.38,5.202,1,0,0
ember_43fcba9c0d76.exe,39424,35.42,4.582,0,0,0
ember_afb2badaaa0c.exe,1483724,14.76,4.657,408,2,0
ember_a46df916785a.exe,1100656,13.31,5.175,172,1,0
ember_402528ab6d9a.exe,2457600,72.28,2.323,0,0,0
ember_0d5669b0acd9.exe,128512,6.42,4.546,1,0,0
ember_2103827f089b.exe,69712,13.46,5.153,88,1,0
ember_490b89dfccb6.exe,26632,23.33,4.414,55,1,0
ember_f2b13507d309.exe,30176,14.04,3.409,1,0,0
ember_9046f0d892cd.exe,841832,21.81,4.061,1,0,0
ember_d36950089046.exe,946677,16.17,4.702,18,0,0
ember_7fd97c26802f.exe,30720,21.57,4.981,54,1,0
ember_c85104f75ce5.exe,5582848,1.56,5.491,24,1,0
ember_5085a986586e.exe,325120,14.03,4.321,1,0,0
ember_a367cdb3f581.exe,5001901,0.96,5.423,183,1,0
ember_f667777b6274.exe,600576,48.05,2.512,1,0,0
ember_be2d4b673c95.exe,136656,25.5,4.654,86,2,0
ember_484f5c3a1f7d.exe,279040,16.01,5.11,308,1,0
ember_44613f657f9b.exe,1285151,23.58,4.063,203,0,0
ember_2034974f805f.exe,204800,38.39,4.889,13,0,0
ember_ceceac9636c6.exe,5004016,0.63,4.362,8,0,0
ember_ffcb9d842e71.exe,524288,21.17,5.293,98,0,0
ember_71e6e9e2f16a.exe,80688,19.57,3.95,1,0,0
ember_84f4f5f4f2c7.exe,721456,15.16,4.752,19,0,0
ember_8b2da092726d.exe,20440,15.74,1.611,0,0,0
ember_a5558552ecae.exe,801775,14.29,1.096,0,0,0
ember_61f61c5e5f98.exe,20480,70.93,2.69,35,0,0
ember_a8837cad1930.exe,806400,16.6,5.187,328,2,0
ember_46da14d0d2a6.exe,745472,15.15,5.564,323,1,0
ember_efe30c3d7fda.exe,637992,9.46,5.513,195,1,0
ember_c925e2dcbc6e.exe,131072,16.93,3.837,277,0,0
ember_bbff4bb04d66.exe,6884,39.57,0.73,0,0,0
ember_adfa202a8144.exe,14238,13.01,1.148,0,0,0
ember_2441f40d3efd.exe,1011712,28.0,3.624,1,0,0
ember_3cc049ed3e52.exe,24064,32.36,3.261,1,0,0
ember_a93f5e31e50c.exe,512808,4.56,4.329,83,1,0
ember_aa4da4da8bcd.exe,425304,17.37,5.607,202,2,0
ember_5fcfa20ee398.exe,8704,42.93,3.626,1,0,0
ember_d6e841c2f511.exe,5001882,0.64,4.404,8,0,0
ember_1e136801da3d.exe,637992,9.46,5.513,195,1,0
ember_f7bf05ceb989.exe,5001224,1.79,5.524,214,2,0
ember_48738f0790db.exe,15872,32.29,3.402,1,0,0
ember_743b949bde06.exe,1987416,7.73,4.833,150,1,0
ember_f9213788b88e.exe,88240,17.21,4.463,0,0,0
ember_1fd251e677a9.exe,1090560,1.76,6.118,15,0,0
ember_58de85e523f6.exe,12120,22.33,3.439,1,0,0
ember_69494664d2d2.exe,114729,20.11,4.961,132,0,0
ember_67a8ae52af81.exe,28672,61.29,3.471,1,0,0
ember_f9e04cabee1a.exe,12654,32.29,3.722,0,0,0
ember_57ce9b121438.exe,28672,67.38,3.429,1,0,0
ember_f8068ad2207c.exe,725809,11.7,5.82,342,2,0
ember_e50d8a5328ea.exe,1436977,16.85,4.799,210,2,0
ember_e4d9eec62e69.exe,1872720,3.12,6.041,5,0,0
ember_f85a6e5e542d.exe,278661,2.08,5.968,14,0,0
ember_d4940766ef3c.exe,1925640,2.33,6.588,3,0,0
ember_3fc599d7c61b.exe,5651968,1.25,5.946,29,0,0
ember_6219d838346b.exe,5003671,0.71,4.397,8,0,0
ember_63f799750b50.exe,57856,16.56,4.234,1,0,0
ember_0888fbb61690.exe,56320,24.83,4.217,1,0,0
ember_b3c9b88928e2.exe,466299,9.11,5.665,14,0,0
ember_74d0e479bf6c.exe,131584,15.79,3.382,1,0,0
ember_c3e25279ee6c.exe,2129920,17.4,3.438,165,0,0
ember_106385e1f7be.exe,411384,17.41,4.711,103,1,0
ember_37e879c98aec.exe,24576,27.61,5.598,0,0,0
ember_44901423dc08.exe,11312,23.31,3.472,1,0,0
ember_29e8d6ff19c1.exe,2729762,12.65,5.253,27,0,0
ember_5c4de61ef04d.exe,87040,32.34,4.154,90,0,0
ember_378f1f3c15e7.exe,20492,23.57,5.325,26,1,0
ember_4508d5ac52dc.exe,637992,9.46,5.513,195,1,0
ember_0e6cd223c7ce.exe,5003739,7.99,5.277,129,2,0
ember_0535d804f780.exe,628829,14.51,1.089,0,0,0
ember_c5905b8ed9c8.exe,798351,14.35,1.094,0,0,0
ember_58667624bc19.exe,379904,21.69,4.491,180,0,0
ember_f710ee7905b8.exe,118802,26.95,1.189,0,0,0
ember_aaad04e29d40.exe,805229,14.23,1.097,0,0,0
ember_7b869fdff2a5.exe,443904,19.93,5.419,124,0,0
ember_aaa24f292a1d.exe,6144,53.48,3.044,1,0,0
ember_7ad241f8ed40.exe,130717,24.97,4.306,103,0,0
ember_ba15387ab611.exe,295022,24.35,4.521,220,0,0
ember_91dfbaa6c122.exe,5001713,0.9,6.262,125,0,0
ember_02227a2ca59b.exe,448552,1.54,4.206,7,0,0
ember_ef8693776f03.exe,37156,2.09,1.999,0,0,0
ember_dffa1ae035f8.exe,8192,21.57,1.654,0,0,0
ember_933b5aa95697.exe,61440,48.41,4.53,7,0,0
ember_776e74a3d571.exe,3967488,63.98,4.429,204,1,0
ember_60fccac1b7aa.exe,835584,31.56,4.312,7,0,0
ember_87b3b1c5e77d.exe,12296,21.8,3.512,1,0,0
ember_60ed870faec0.exe,32768,53.82,2.908,51,0,0
ember_b77f4edc238e.exe,208624,15.54,4.188,178,1,0
ember_74f0d2ee0a2b.exe,45056,49.58,4.502,34,0,0
ember_df2825806059.exe,827583,13.84,1.102,0,0,0
ember_542fb478a26c.exe,174080,24.18,3.748,1,0,0
ember_46857ffb961b.exe,12051024,15.45,6.213,370,3,0
ember_4fd67f9a2aef.exe,1673216,19.03,3.02,1,0,0
ember_5010bb0a41e0.exe,1166848,17.92,3.557,160,1,0
ember_d94f1d72ff56.exe,274432,6.56,3.702,29,0,0
ember_b615c830fd1c.exe,56320,24.62,4.217,1,0,0
ember_2325d7b0eb55.exe,14919032,0.47,4.411,8,0,0
ember_44cf0cc8e450.exe,19680,13.4,3.558,1,0,0
ember_15568cc37d56.exe,1286144,31.36,3.571,1,0,0
ember_990a055d0fda.exe,371712,3.94,7.813,11,0,0
ember_7fa85108bb0f.exe,311360,13.3,5.638,188,2,0
ember_b9fab2522233.exe,6144,45.61,3.066,1,0,0
ember_cd34dad09387.exe,61952,17.54,4.354,90,1,0
ember_ec9e8b5d352e.exe,28672,56.89,3.432,1,0,0
ember_47bacd28b87c.exe,520192,14.68,5.056,32,0,0
ember_8719add74847.exe,126976,12.53,1.114,0,0,0
ember_9743ce354e80.exe,1898192,1.0,5.591,154,0,0
ember_6ad75efa76bd.exe,733184,1.21,4.005,32,0,0
ember_bcf7ef9e25e2.exe,572416,8.05,3.941,232,2,0
ember_0e874fa7e282.exe,11264,32.95,3.268,1,0,0
ember_1fab3c71d5de.exe,5257038,1.29,5.161,95,1,0
ember_e81eda6e8bc1.exe,513855,3.53,4.032,53,1,0
ember_099f6665cb4d.exe,546298,1.21,4.12,2,0,0
ember_1a0c7e2c13b9.exe,381952,9.71,2.717,1,0,0
ember_3966867e62e2.exe,1120564,0.43,0.889,0,0,0
ember_62eae26630c9.exe,800000,7.94,4.155,38,0,0
ember_6e0e4583c24c.exe,822784,10.99,5.642,174,1,0
ember_b314c494c6a6.exe,40032,15.93,4.662,69,1,0
ember_badfccf5e0c5.exe,1431307,16.92,4.799,210,2,0
ember_cb4d4ce4bde6.exe,15360,26.8,4.099,80,0,0
ember_696cc5044478.exe,251110,11.68,1.308,0,0,0
ember_06fbcd00a9ea.exe,637992,9.46,5.513,195,1,0
ember_28586e9f4199.exe,36352,56.03,3.853,0,0,0
ember_ce7747de7b15.exe,295022,24.35,4.521,220,0,0
ember_43a742d5d500.exe,811535,14.12,1.098,0,0,0
ember_0175c9be91b0.exe,30609704,18.09,4.6,1053,2,0
ember_3ac16b7db1c8.exe,21248,25.29,3.806,96,1,0
ember_19a1fa92708c.exe,15360,33.02,3.445,1,0,0
ember_6c56237814cd.exe,10485498,1.32,4.44,122,2,0
ember_83fa89d51f97.exe,1500336,3.68,5.518,121,1,0
ember_a572cc325dab.exe,175104,22.14,5.681,0,0,0
ember_886fc868c369.exe,13312,35.65,3.449,1,0,0
ember_278ab2b8e1f1.exe,18816,34.28,3.764,39,0,0
ember_779b23f80240.exe,5001216,1.71,3.657,0,0,0
ember_05a6bd120429.exe,5001192,0.65,5.473,154,0,0
ember_5baf3d1710a3.exe,5000436,1.98,5.34,204,1,0
ember_6aaee01f0f31.exe,1952,34.22,4.628,0,0,0
ember_7e52b2b3189c.exe,44544,19.41,4.622,115,1,0
ember_3c11a872c7e8.exe,92761,14.21,2.057,0,0,0
ember_55c98fbc1c9e.exe,394752,22.14,5.078,149,1,0
ember_32e9d5b69b91.exe,2654016,16.97,4.991,568,2,0
ember_718d158cc3f9.exe,937984,6.43,5.07,1,0,0
ember_cb1571c0e5fb.exe,4482560,24.89,5.357,0,0,0
ember_db569f40eca9.exe,96010,12.94,4.266,88,0,0
ember_49d55ee15fcc.exe,536576,23.61,2.984,168,0,0
ember_1753622dafb1.exe,425304,17.37,5.607,202,2,0
ember_7dbd7c789413.exe,50176,28.11,4.088,171,0,0
ember_199c5fcf8e7b.exe,11264,38.36,3.183,1,0,0
ember_1ddbf684214e.exe,2654208,4.26,5.108,147,1,0
ember_9a9c0c9f905d.exe,270336,22.63,5.215,260,1,0
ember_487dba679192.exe,233472,65.92,3.308,1,0,0
ember_84402cfac947.exe,350869,5.02,5.84,154,0,0
ember_2efe46787448.exe,58368,30.23,3.52,1,0,0
ember_7791a5282473.exe,135168,26.64,4.043,93,0,0
ember_23858d543b05.exe,67584,15.52,5.452,165,1,0
ember_f5c84fb0df1a.exe,1454080,23.95,5.484,527,1,0
ember_ef6100056073.exe,5001279,6.33,3.332,167,0,0
ember_a1a1c59ccc5b.exe,1081856,17.18,4.058,409,1,0
ember_500f2e05d807.exe,637992,9.46,5.513,195,1,0
ember_6f6c00dd6c84.exe,3589120,16.77,4.286,559,2,0
ember_579e8f42e914.exe,126976,14.56,5.041,135,2,0
ember_503c4d152973.exe,1063424,26.22,3.684,1,0,0
ember_bdf2c0684bb6.exe,48128,37.99,3.123,1,0,0
ember_88e32766f733.exe,2702866,7.31,6.276,338,2,0
ember_1fdb73edfe35.exe,2481592,22.02,3.684,1,0,0
ember_4c6d326aeaff.exe,717592,24.49,4.686,334,1,0
ember_ffdea3ff8410.exe,1034240,22.83,3.055,173,1,0
ember_26c5328f71fb.exe,647168,15.05,4.483,120,2,0
ember_3c254f753cc1.exe,87992,56.29,3.669,45,1,0
ember_1b9905f91bff.exe,929091,4.04,2.746,0,0,0
ember_e980b7e62464.exe,5000632,0.64,4.397,8,0,0
ember_33d1fa106fd4.exe,1562624,98.96,0.207,0,0,0
ember_35a99478a801.exe,599040,24.32,5.119,0,0,0
ember_93b32c4aa4fa.exe,637992,9.46,5.513,195,1,0
ember_e59413a7c216.exe,3264,26.44,5.247,0,0,0
ember_129af0c5ff04.exe,748036,2.5,5.842,14,0,0
ember_0e566676a6a0.exe,5003259,2.8,4.879,253,1,0
ember_b1c8b3a008a5.exe,229376,6.98,5.015,158,0,0
ember_9dcc8dfcb246.exe,15183760,0.3,5.659,0,0,0
ember_6822c1bca852.exe,799611,14.33,1.095,0,0,0
ember_bbd7fe53bea9.exe,2031325,1.13,6.115,26,0,0
ember_4d0428027e4a.exe,2416557,6.03,5.038,467,4,0
ember_7001e89a7f98.exe,303104,20.61,5.697,174,1,0
ember_42073edb80cc.exe,229500,8.98,5.735,104,1,0
ember_b8aa0954bc86.exe,271964,16.71,1.553,0,0,0
ember_9cbad6b6d292.exe,438272,25.32,3.648,1,0,0
ember_17ac81239945.exe,856568,22.44,5.005,65,1,0
ember_01f144e70cce.exe,180408,21.16,4.728,0,0,0
ember_b0aa0678c0e2.exe,1191408,18.19,4.916,523,2,0
ember_a70d68db1c1b.exe,192640,96.78,0.136,0,0,0
ember_cde5b283ce15.exe,808078,14.18,1.097,0,0,0
ember_02e290498d21.exe,8400,22.79,1.593,0,0,0
ember_809e232bac0d.exe,351744,23.18,3.725,1,0,0
ember_953c778182b8.exe,5000424,0.82,5.224,145,0,0
ember_d44a0677ddec.exe,139264,10.35,1.602,0,0,0
ember_16ea27cd5f0f.exe,1372160,39.09,5.457,204,0,0
ember_87af122f2a5e.exe,36864,61.09,3.301,1,0,0
ember_7d52154c6de0.exe,121424,12.26,3.521,157,3,0
ember_99030445d3cf.exe,5632,52.33,3.391,1,0,0
ember_ce029ef72a83.exe,21240,40.19,3.421,0,0,0
ember_7bbe57bf8fa5.exe,17736,26.42,3.433,1,0,0
ember_066819cbfcf2.exe,995328,3.52,4.875,22,0,0
ember_2e82c1f6d4d2.exe,904104,1.76,6.885,10,0,0
ember_f3bde19eedae.exe,637992,9.46,5.513,195,1,0
ember_d8c2c740cd29.exe,5002562,0.64,4.416,8,0,0
ember_b784291a964c.exe,2658304,3.96,4.725,154,1,0
ember_2b8eec6aba80.exe,652344,23.77,4.34,628,0,0
ember_b329a8e5524c.exe,21004,22.9,5.322,27,1,0
ember_d7e14fb5235e.exe,176128,26.11,4.569,97,0,0
ember_8c7b41c9de42.exe,65536,14.12,1.293,0,0,0
ember_52a3446038aa.exe,8871143,0.74,3.392,122,1,0
ember_27e42be102de.exe,5000007,1.49,5.096,171,0,0
ember_353ec993650f.exe,692224,1.72,5.345,154,0,0
ember_1f65fbc2d912.exe,5124,38.64,5.398,0,0,0
ember_aa1bd629245f.exe,5455480,2.35,6.147,213,1,0
ember_dbe37ea2e311.exe,637992,9.46,5.513,195,1,0
ember_aa477ab05792.exe,1572864,28.56,4.747,7,0,0
ember_abef08f53121.exe,876544,27.89,4.828,99,1,0
ember_81c74d0854ff.exe,462848,26.34,5.439,292,1,0
ember_adf65f66f287.exe,1257776,5.19,6.781,15,0,0
ember_f203528ad3df.exe,1215793,67.2,2.22,0,0,0
ember_f1aa6a8460c7.exe,225280,15.04,4.627,38,1,0
ember_c1e7cd56fca4.exe,219440,37.25,4.247,125,1,0
ember_05e55655b569.exe,416768,29.43,2.853,273,4,0
ember_f73e0b96ca5e.exe,11328,24.72,3.443,1,0,0
ember_ca6ba16e4728.exe,454751,1.0,3.963,0,0,0
ember_7813007c81c4.exe,28672,19.83,2.626,0,0,0
ember_2ea8ed435af6.exe,6656,49.23,4.906,12,0,0
ember_db2b22377ba1.exe,382224,22.88,4.5,298,2,0
ember_1289307b825f.exe,740560,14.24,4.705,83,1,0
ember_d2dca62d0819.exe,5001868,1.13,4.532,147,1,0
ember_d5cd4354d648.exe,25392,41.7,3.65,40,0,0
ember_9775bfd51219.exe,2142576,1.93,5.948,117,1,0
ember_d9dd3065c6dc.exe,28672,62.5,3.335,55,0,0
ember_70cf2b836300.exe,34712,42.26,3.847,0,0,0
ember_d9f900d34464.exe,1895279,17.96,1.482,0,0,0
ember_b687ff64b6e9.exe,51200,11.06,6.122,8,0,0
ember_1768940517cf.exe,895317,11.64,1.294,0,0,0
ember_b9fd936a0852.exe,388624,50.6,3.532,189,1,0
ember_80defa878541.exe,95040,25.16,4.172,146,1,0
ember_b1f04c44f939.exe,1048576,7.49,0.969,0,0,0
ember_e78e2d5c1ebb.exe,54520,15.65,4.415,141,1,0
ember_c18d7fe69a2a.exe,292864,41.42,3.363,1,0,0
ember_7876233c2f4e.exe,203264,17.09,5.021,103,1,0
ember_486fd436a2f8.exe,426328,36.8,5.072,165,0,0
ember_f62abbf099a5.exe,53248,25.72,3.614,1,0,0
ember_b2299e66b0f9.exe,3158808,14.52,4.781,69,1,0
ember_6ac80b694799.exe,338219,3.91,6.918,14,0,0
ember_371e781c6599.exe,6112,27.75,3.676,0,0,0
ember_7fa63a3bc014.exe,4665344,13.03,5.372,224,0,0
ember_d2c4d5bea206.exe,5002178,0.49,2.618,0,0,0
ember_8d93f867b798.exe,86632,32.42,3.575,1,0,0
ember_153f9da45fdc.exe,53248,34.05,4.728,72,2,0
ember_1e912ba58176.exe,260608,82.74,1.792,184,1,0
ember_8b629d7577ef.exe,71336,24.82,4.538,186,1,0
ember_72642d1158f4.exe,16392,26.02,3.393,1,0,0
ember_9ce3b55c1250.exe,17920,10.25,1.615,0,0,0
ember_05655b42e436.exe,827392,13.34,5.234,179,1,0
ember_8b8376cb403d.exe,3855216,61.19,4.907,125,1,0
ember_4657e7508db9.exe,296483,2.12,6.195,14,0,0
ember_06d5df8230ea.exe,246656,15.04,5.902,117,1,0
ember_5cf5a6583b21.exe,734436,36.69,4.441,272,0,0
ember_0fb2d7bd155e.exe,947200,0.55,4.948,1,0,0
ember_2a464bcb24b7.exe,272240,19.25,5.437,121,1,0
ember_0de5003329b9.exe,65416,15.16,4.641,45,1,0
ember_283022002ee4.exe,29987,10.66,6.269,5,0,0
ember_0745b0780042.exe,1830523,22.15,3.95,41,0,0
ember_1d121ce04e82.exe,12288,35.94,3.206,1,0,0
ember_eff072009dbb.exe,2154505,6.35,4.934,16,0,0
ember_6f17b52cb59c.exe,36163,24.85,4.202,40,1,0
ember_ecabbcdc6aed.exe,586709,0.87,3.962,0,0,0
ember_02378cd53dca.exe,188928,7.81,3.725,256,0,0
ember_8f9f87639220.exe,198144,3.16,5.722,6,0,0
ember_0a885e28166d.exe,801053,14.3,1.095,0,0,0
ember_40ae70ddc61a.exe,61576,19.5,5.01,79,1,0
ember_2aae554e3590.exe,15856,29.52,4.196,24,1,0
ember_152b72ff90cc.exe,192000,21.77,6.17,0,0,0
ember_a1e9c53f86a6.exe,27930,44.64,3.633,29,0,0
ember_83ad6b8ac992.exe,18432,29.68,3.835,1,0,0
ember_ec7b1b7c3c11.exe,131072,34.24,3.942,1,0,0
ember_d7f538b1ab9e.exe,11130007,0.51,4.324,5,0,0
ember_5f48b73d7dd9.exe,230912,59.92,3.252,1,0,0
ember_07d94b4bb209.exe,116992,19.91,3.834,1,0,0
ember_d2da813ccc86.exe,24320,16.68,3.498,1,0,0
ember_f8fc47b718c4.exe,1903104,5.32,3.14,1,0,0
ember_ddb927a78ddf.exe,425207,1.0,3.962,0,0,0
ember_06822f197382.exe,18432,36.63,3.469,1,0,0
ember_22bdea6d0b35.exe,77192,19.29,3.975,78,0,0
ember_5066c16c5fd1.exe,1471914,0.8,5.436,98,0,0
ember_69af4e94659d.exe,2941810,20.07,4.698,0,0,0
ember_344486ebe2d6.exe,794512,17.49,3.812,285,0,0
ember_14e19861cfe8.exe,5000649,2.47,4.365,215,0,0
ember_eb4bcbb48686.exe,32768,60.59,3.78,1,0,0
ember_61a9d007db53.exe,626688,1.28,5.798,2,0,0
ember_629594761e5b.exe,5002548,1.06,5.337,101,2,0
ember_1724abfe1e1c.exe,959705,15.52,2.915,0,0,0
ember_ed4389b24cd6.exe,4298752,14.96,4.485,294,1,0
ember_7b05be52c1bc.exe,254480,12.36,4.376,857,1,0
ember_d9497387261a.exe,215040,39.97,4.258,0,0,0
ember_9593bb976212.exe,1473024,3.36,4.716,1,0,0
ember_fcba7d6c48cb.exe,87552,23.51,3.025,103,1,0
ember_9cc299486ebf.exe,214664,22.44,4.977,218,1,0
ember_da9b443edcaf.exe,786944,26.88,3.646,1,0,0
ember_b5e238e7c8cc.exe,36864,54.81,3.597,0,0,0
ember_d5be74a113c8.exe,963584,42.79,3.539,1,0,0
ember_e0ff9fdcaa14.exe,92488,1.81,7.879,0,0,0
ember_e3c5145e843d.exe,13824,45.15,3.18,1,0,0
ember_131579633877.exe,503808,13.15,5.17,1,0,0
ember_4f6060a3ee1b.exe,651264,11.64,0.631,0,0,0
ember_0381a8861abc.exe,185967,31.48,5.037,215,1,0
ember_01f404b7ed05.exe,15536,24.04,4.304,30,1,0
ember_a1d26670d648.exe,10469006,9.37,0.829,0,0,0
ember_080ea87c69fa.exe,617472,17.98,4.944,242,1,0
ember_924effefd591.exe,360448,35.34,4.213,11,0,0
ember_06f2c1fb878c.exe,974850,1.19,3.357,64,0,0
ember_659e887f3cc4.exe,839680,6.61,3.7,89,0,0
ember_64e79190a8f3.exe,276743,2.56,3.471,81,0,0
ember_336afca82122.exe,583680,17.39,3.468,161,1,0
ember_ffd767a63783.exe,1418792,4.58,5.462,195,1,0
ember_3e00e0e850b7.exe,5001080,1.14,4.354,120,2,0
ember_9561c83359a4.exe,2376464,1.64,5.495,189,2,0
ember_6f9dc51570c1.exe,219136,32.7,3.473,1,0,0
ember_6a48e199659a.exe,528848,8.67,7.649,0,0,0
ember_8358efa58677.exe,2972792,78.24,0.426,0,0,0
ember_db2b1c43a279.exe,1021024,16.15,4.259,62,0,0
ember_55b558ae42e6.exe,59056,15.05,4.236,156,1,0
ember_67554a943ba6.exe,1234056,5.29,6.781,14,0,0
ember_a5f36e3c86b5.exe,208896,37.62,3.56,110,0,0
ember_619eb84f8fe8.exe,332069,53.05,4.281,145,2,0
ember_209f0fd791ac.exe,116697,4.55,5.349,3,0,0
ember_4c6bb353ec20.exe,81336,9.94,5.357,157,0,0
ember_58333c135abc.exe,442716,21.37,4.967,108,1,0
ember_9167bedf0fd9.exe,643091,1.63,5.921,4,0,0
ember_bda0ec1ccb13.exe,5632,51.14,3.361,1,0,0
ember_9c7fbaeb125c.exe,32768,62.47,3.854,70,0,0
ember_34e6c9972565.exe,45056,56.71,3.957,69,1,0
ember_735087614076.exe,10483712,0.46,5.859,98,0,0
ember_de13800c8855.exe,1210256,16.11,5.129,569,4,0
ember_3ab9e85590e6.exe,86016,35.53,4.772,92,0,0
ember_48a416b04101.exe,246265,1.27,5.747,3,0,0
ember_9398e516993f.exe,6129,19.82,1.068,0,0,0
ember_7e81af74b2dc.exe,72192,25.05,3.779,1,0,0
ember_803fcd266731.exe,5002397,1.45,4.846,157,0,0
ember_06594aadcd03.exe,118474,15.36,1.19,0,0,0
ember_1c39ab68c03e.exe,401408,11.15,1.253,0,0,0
ember_f26f998a89fc.exe,754688,7.65,4.522,1,0,0
ember_40b1ee42eb86.exe,5276288,98.71,3.994,122,2,0
ember_d28274d5ae8a.exe,721024,12.79,5.119,238,2,0
ember_0aacb37299c2.exe,5001065,16.78,4.462,464,1,0
ember_4b4aa0ecc4be.exe,61320,40.04,3.662,70,1,0
ember_9ea79e19f9f5.exe,169040,16.9,4.109,156,1,0
ember_3781ceb8419b.exe,617880,1.11,6.675,0,0,0
ember_54532c2964af.exe,1695341,17.59,5.637,621,1,0
ember_bb75d5baa86d.exe,10752,50.23,3.01,1,0,0
ember_444545d02ef8.exe,627539,29.48,3.849,166,1,0
ember_c0b2d752da84.exe,165484,12.77,0.717,0,0,0
ember_688396df05fe.exe,2015744,13.37,4.899,1,0,0
ember_3963a78dd80f.exe,29400,18.12,3.483,1,0,0
ember_8fb3620319aa.exe,435320,18.3,5.514,165,1,0
ember_75f26d92bdb4.exe,41984,31.17,3.506,47,1,0
ember_63fb6e7050f2.exe,77824,47.66,3.806,64,0,0
ember_cfb237a7b15c.exe,4096,93.53,0.0,0,0,0
ember_2288440186b7.exe,74752,27.2,4.973,32,0,0
ember_78a30b071fd7.exe,10484718,0.44,7.689,2,0,0
ember_79f73961446e.exe,807182,14.19,1.097,0,0,0
ember_ac338eba9e0f.exe,5000136,0.65,5.647,151,0,0
ember_df4d70febda1.exe,1063391,27.14,5.363,165,0,0
ember_0b21fca168d5.exe,2764800,31.86,4.218,7,0,0
ember_287a796013c7.exe,5002385,0.5,5.931,117,0,0
ember_564870a1f2eb.exe,805339,14.23,1.097,0,0,0
ember_9284ad72c7c0.exe,19980017,0.44,4.345,8,0,0
ember_42fea5627476.exe,12800,56.97,4.136,0,0,0
ember_ca0c9206c32a.exe,10485760,0.65,5.423,183,1,0
ember_0d962153e1db.exe,655360,17.58,5.504,99,1,0
ember_d800c087c39a.exe,1860096,15.51,6.268,7,0,0
ember_5b3ab73b9dba.exe,13824,35.6,3.457,1,0,0
ember_2e119d584886.exe,1196050,17.25,1.26,0,0,0
ember_2aa8532b178f.exe,43520,17.22,5.089,145,0,0
ember_55c516217bfb.exe,1129874,6.63,5.15,206,2,0
ember_12de575f0656.exe,133920,15.08,4.56,215,1,0
ember_8c5d7041e58a.exe,5789696,17.52,5.393,37,0,0
ember_f6daad218f02.exe,1556008,29.92,3.625,1,0,0
ember_a7665127c596.exe,147456,44.09,3.829,113,1,0
ember_791cde7afe28.exe,39424,27.81,3.497,1,0,0
ember_f91a85b61fdf.exe,452980,22.81,5.073,362,2,0
ember_f228077254d9.exe,175176,4.39,7.212,7,0,0
ember_ba92e9a3a666.exe,9659016,20.47,5.362,180,2,0
ember_8a6801934b9f.exe,19968,41.01,4.602,81,0,0
ember_c3f8335c4aa3.exe,1294336,19.93,4.965,194,0,0
ember_e07cde2ae93f.exe,802361,14.28,1.096,0,0,0
ember_d4688bcee6af.exe,6144,57.62,2.748,0,0,0
ember_ea69bae46e1c.exe,25404,39.2,2.406,0,0,0
ember_86820e5fb636.exe,5003516,6.01,5.407,283,2,0
ember_c593572bed09.exe,2899968,37.5,5.587,13,0,0
ember_2977f9178faa.exe,137656,20.49,3.588,1,0,0
ember_0c34dddbe6e0.exe,252352,19.8,4.835,83,1,0
ember_24f176de0877.exe,27080,30.55,4.194,45,1,0
ember_a10b2c6cad23.exe,2342400,1.02,7.459,17,0,0
ember_8ed3f09f0106.exe,1548288,28.68,4.742,7,0,0
ember_119a6074e5c5.exe,648704,45.19,4.28,66,1,0
ember_b5402ddc00bb.exe,270336,2.61,5.697,10,0,0
ember_026445486d3f.exe,2633728,21.94,3.868,171,0,0
ember_deac332244f3.exe,8192,39.87,3.227,1,0,0
ember_82cf0feca267.exe,898560,15.35,5.156,32,0,0
ember_0f3da02b2f7a.exe,228864,57.11,2.751,1,0,0
ember_a0522c7f0d4d.exe,2896896,2.1,4.371,148,0,0
ember_fb98f3271350.exe,13824,29.66,4.611,46,1,0
ember_d78c9089f19e.exe,808718,14.17,1.097,0,0,0
ember_325b40555b5d.exe,252928,30.64,4.142,1,0,0
ember_52fa6bde65f5.exe,1833472,61.6,2.654,1,0,0
ember_077347db9311.exe,32256,17.3,4.371,1,0,0
ember_42118a1eed33.exe,1056,51.99,4.526,0,0,0
ember_a3bd86d3eaf1.exe,55808,20.98,3.616,1,0,0
ember_c0bccf555a88.exe,257640,9.71,5.509,761,1,0
ember_85737463c0dd.exe,17408,22.28,2.461,0,0,0
ember_e89bcd947329.exe,1094920,78.59,0.654,0,0,0
ember_ab02a2772d0c.exe,1209584,15.05,5.671,313,3,0
ember_6be823185f79.exe,41133,5.69,5.747,3,0,0
ember_3d5385b8b064.exe,40960,47.37,3.516,1,0,0
ember_abd0d4be0a57.exe,68015,20.88,4.55,13,0,0
ember_28d368a569c0.exe,561664,3.17,4.664,1,0,0
ember_29f13c4ba87b.exe,75776,12.38,4.919,1,0,0
ember_be239834e8dd.exe,110592,29.34,4.712,0,0,0
ember_249eb9a9a4fe.exe,21760,27.63,3.807,1,0,0
ember_8cc54a975fa8.exe,6144,44.99,3.078,1,0,0
ember_ccac373c3c3f.exe,87296,25.99,4.386,143,0,0
ember_e17c2266b4bd.exe,803912,14.25,1.096,0,0,0
ember_520d93ca43a7.exe,12236,17.33,1.268,0,0,0
ember_ed4b11e3e442.exe,79064,24.49,4.169,77,1,0
ember_e0426a3d983d.exe,76397,1.49,3.965,0,0,0
ember_a6e2ddbed6d5.exe,10240,34.51,4.363,0,0,0
ember_4bad09e9c5dd.exe,33792,53.61,3.332,0,0,0
ember_c28df93857a5.exe,295024,24.35,4.521,220,0,0
ember_3928e29fc9f3.exe,10482907,0.59,5.215,158,0,0
ember_54f18e5ff856.exe,714473,1.66,3.76,84,0,0
ember_72894c9a1dfd.exe,368676,8.25,5.664,173,1,0
ember_62bd4adb65d5.exe,262144,23.78,5.118,335,1,0
ember_688d7e46cb42.exe,550912,30.29,3.573,1,0,0
ember_05824f1e6a7e.exe,367880,4.64,6.435,11,0,0
ember_1db34b4547ec.exe,403118,7.74,4.549,67,1,0
ember_2b4d4ae0064b.exe,282624,5.18,5.589,154,0,0
ember_518fe9a61e36.exe,54886,7.84,6.06,9,0,0
ember_c9c068de0e5b.exe,367872,4.65,6.435,11,0,0
ember_181edc424f7f.exe,20776,14.83,3.816,6,0,0
ember_747a79e92d4e.exe,295025,24.35,4.521,220,0,0
ember_01f03708b116.exe,170848,16.58,5.09,1,0,0
ember_1d59a586f9e1.exe,121856,26.5,5.306,194,0,0
ember_72f17a472033.exe,7680,42.42,3.365,1,0,0
ember_01f88484865c.exe,366592,44.27,3.465,227,0,0
ember_c97f5fbc0583.exe,802718,14.27,1.096,0,0,0
ember_134d90872f8e.exe,9746616,16.06,5.56,806,2,0
ember_97c30afabbc1.exe,185967,31.48,5.037,215,1,0
ember_ed2f566bd6ae.exe,28672,66.81,1.963,0,0,0
ember_cb0b6529a465.exe,161792,26.75,3.64,1,0,0
ember_dde23a14fef7.exe,1564808,25.56,5.202,294,1,0
ember_90443227df22.exe,16854,18.8,1.604,0,0,0
ember_34f77c1e376f.exe,1610896,19.45,4.645,161,2,0
ember_df91cf045fb2.exe,6039064,9.75,5.445,644,1,0
ember_92d8f8a1b3f5.exe,31744,22.21,4.225,1,0,0
ember_83471ccfd828.exe,282031,14.11,5.252,214,2,0
ember_939c9dcf95c4.exe,5003639,1.22,5.503,167,2,0
ember_ff99132f65f2.exe,52736,25.65,3.728,1,0,0
ember_a75d4ee47bfc.exe,12816,22.12,3.448,1,0,0
ember_f17bb38085e8.exe,178048,15.14,5.556,91,1,0
ember_189458cf0076.exe,47392,33.63,4.959,101,0,0
ember_087c19765a7d.exe,992256,15.31,5.663,475,4,0
ember_3e0f45176ec3.exe,2648920,13.27,5.998,23,0,0
ember_ca78a794081f.exe,993792,47.53,3.194,1,0,0
ember_8ded56dbff74.exe,6592,19.3,5.859,0,0,0
ember_a9e1f7ea0a81.exe,1046358,2.41,6.65,7,0,0
ember_399b485bf478.exe,475432,4.62,2.849,77,0,0
ember_b5a6f16d6997.exe,1723392,20.62,4.327,1,0,0
ember_0bda749b749e.exe,6656,48.9,3.27,1,0,0
ember_6c91f03237c1.exe,165808,35.52,5.364,165,0,0
ember_e5c6a4cbc914.exe,8820946,6.2,5.448,438,2,0
ember_771a2b6a3cdb.exe,966656,9.9,7.091,0,0,0
ember_26708d4c36e0.exe,5000118,4.69,4.581,133,2,0
ember_80d4d25c2371.exe,1629632,13.22,4.272,321,2,0
ember_1856cc7130aa.exe,15336,21.22,3.296,1,0,0
ember_b114d57e90ea.exe,165712,4.7,5.255,154,0,0
ember_1f1b89fed3dd.exe,560800,29.12,5.778,136,0,0
ember_371907170789.exe,5002888,1.42,5.303,146,0,0
ember_0b05a4c8a3bc.exe,814724,14.06,1.1,0,0,0
ember_e44a20176d6e.exe,3112711,1.62,4.551,120,2,0
ember_a0291e4ced8a.exe,218954,1.38,5.747,3,0,0
ember_52fa820a3d48.exe,281199,21.1,5.208,207,0,0
ember_6803e2384f83.exe,2770368,21.17,4.653,1,0,0
ember_bfef187b3ed0.exe,102400,13.19,3.442,1,0,0
ember_8fffcf3d32a5.exe,155648,35.66,3.56,1,0,0
ember_f1f0daf0a2d9.exe,5001880,1.36,4.782,122,2,0
ember_3fa55ea626f9.exe,16896,29.53,5.119,78,1,0
ember_3b05214431c4.exe,608256,24.33,3.635,1,0,0
ember_d6673dcc6877.exe,637952,76.54,4.186,64,1,0
ember_e362aee8f7ad.exe,5000049,0.55,5.005,154,0,0
ember_c83dc7294c10.exe,819666,95.26,4.707,92,0,0
ember_8a16dd32b0b3.exe,5001810,1.1,6.115,19,0,0
ember_7f9e064af0f5.exe,1130840,4.11,5.376,98,1,0
ember_ae55b82f05ad.exe,140800,18.89,5.384,1,0,0
ember_09f08ebf0184.exe,237280,18.53,4.147,75,1,0
ember_263d91332bb4.exe,479232,27.92,3.544,1,0,0
ember_bab1e9f7b991.exe,1576747,2.24,5.366,59,0,0
ember_9273f2497134.exe,58880,50.58,3.764,0,0,0
ember_f0d0467499d5.exe,278528,25.08,4.385,85,0,0
ember_8d6feafe8d0a.exe,53248,10.36,1.664,0,0,0
ember_2e2dce8cbd83.exe,285539,1.73,2.666,0,0,0
ember_9d620549fa00.exe,57344,30.79,6.476,0,0,0
ember_266df5dca269.exe,708608,26.01,3.548,0,0,0
ember_65b23bb978fe.exe,946176,76.76,2.328,0,0,0
ember_9f667bc89a5f.exe,380928,9.76,5.561,248,0,0
ember_ebd6608619ce.exe,94208,59.33,1.881,0,0,0
ember_38e94e646825.exe,798639,14.35,1.095,0,0,0
ember_1ba06da0d7aa.exe,2105344,17.16,5.076,218,1,0
ember_2c4d9634db57.exe,370688,7.97,4.575,1,0,0
ember_22313a2e19b0.exe,75264,31.6,3.378,1,0,0
ember_8196d47dd5ae.exe,1365032,7.21,5.49,195,1,0
ember_6f56c16c9d6b.exe,38224,20.48,3.951,151,1,0
ember_bb0ae24458c3.exe,637992,9.46,5.513,195,1,0
ember_77a02cdcb740.exe,799561,14.33,1.095,0,0,0
ember_00f93b993826.exe,637992,9.46,5.513,195,1,0
ember_f39ff366f1da.exe,1026144,9.12,5.335,154,0,0
ember_8c5087724e2a.exe,2082816,27.26,3.733,1,0,0
ember_5d23387b9acd.exe,231807,12.48,1.275,0,0,0
ember_32fa78961028.exe,5001791,1.09,4.356,120,2,0
ember_2a9b49682f2a.exe,1604096,31.92,3.681,1,0,0
ember_c847290f7932.exe,5002056,0.73,4.669,8,0,0
ember_1c0952bd26b3.exe,5000002,1.12,4.426,122,2,0
ember_f31a63e47cd1.exe,74424,23.54,4.451,97,2,0
ember_36a5dd3cca2a.exe,5003194,0.46,7.114,56,0,0
ember_65b1055f999f.exe,100864,7.2,4.663,1,0,0
ember_acf2fceb98e1.exe,140722,12.59,1.276,0,0,0
ember_853b9263bcac.exe,1945776,19.88,3.607,1,0,0
ember_3bc533030f5b.exe,1170696,10.82,1.305,0,0,0
ember_0ad3dcf19c6f.exe,41177,5.65,5.747,3,0,0
ember_c791d0b3716b.exe,311296,10.77,7.497,0,0,0
ember_0e2df8c9e192.exe,2265088,31.71,5.807,13,0,0
ember_410302fd13cb.exe,1087484,34.05,4.56,92,1,0
ember_efad5e390318.exe,83968,8.47,4.644,1,0,0
ember_5793c8fe85df.exe,802368,14.28,1.096,0,0,0
ember_54e2d4936dcb.exe,807068,14.2,1.097,0,0,0
ember_17fe1b7630f3.exe,5001218,4.39,6.071,487,2,0
ember_f8235e3a43f3.exe,5002303,1.08,4.315,122,2,0
ember_b5c5b5c3afa8.exe,5001826,0.55,6.188,154,0,0
ember_d32d8b6e85d6.exe,5000984,0.63,4.397,8,0,0
ember_292489ab25c7.exe,997003,12.29,1.655,0,0,0
ember_824a5669abdf.exe,10555392,7.11,5.879,392,1,0
ember_d22be0c25775.exe,2054656,66.41,1.156,0,0,0
ember_9bc5390585c5.exe,19968,35.94,4.348,54,1,0
ember_3980d201d57a.exe,76088,19.03,3.734,1,0,0
ember_1ae763ef5594.exe,793012,14.45,1.092,0,0,0
ember_df73783afa4b.exe,260704,24.16,4.972,150,1,0
ember_17ef280ce6c6.exe,27648,53.77,3.823,0,0,0
ember_27fd35d88403.exe,1366528,18.04,2.685,73,1,0
ember_9994f0553a2f.exe,831126,13.79,1.102,0,0,0
ember_c9a605ecbedc.exe,314376,3.09,7.645,2,0,0
ember_66de2f0fb19a.exe,306176,49.13,4.037,8,0,0
ember_1af41ec73edf.exe,1888,32.42,5.562,0,0,0
ember_d0afba2292a8.exe,30720,24.65,4.217,120,1,0
ember_3f0f008fdfe0.exe,204224,20.39,4.55,83,1,0
ember_17c1e2fa9248.exe,2509720,1.82,4.335,122,2,0
ember_d9dd1501d272.exe,107008,25.21,3.62,1,0,0
ember_9e558820aabb.exe,2415616,0.93,6.204,9,0,0
ember_e4c1e73f9eeb.exe,64000,31.17,4.422,86,1,0
ember_cd3c09c45a6e.exe,1507328,5.34,6.537,123,1,0
ember_d1e7759b589f.exe,405496,14.0,5.305,134,1,0
ember_35eac33c9f67.exe,5080309,1.03,4.626,139,1,0
ember_a8dd3a76a9c3.exe,21004,22.9,5.322,27,1,0
ember_5e766d81d3c0.exe,2021200,10.22,1.327,0,0,0
ember_9a9c5af3f5a5.exe,360960,24.32,3.752,1,0,0
ember_e33dfd51fdc8.exe,2048,68.7,1.503,0,0,0
ember_70e6a378c016.exe,367880,4.65,6.435,11,0,0
ember_cf2dac95ea0f.exe,10485459,0.51,4.422,8,0,0
ember_6fe7128d19c6.exe,861480,24.02,5.542,779,0,0
ember_7aef2477f7cc.exe,112640,14.05,4.049,1,0,0
ember_0506c3f03f55.exe,2048,64.11,1.225,0,0,0
ember_75d014524bf9.exe,68608,24.19,3.873,1,0,0
ember_bec96e0b9f76.exe,446888,28.96,5.312,312,0,0
ember_8925d84b763e.exe,1944008,22.74,4.302,1170,2,0
ember_cfa081428ef1.exe,618803,42.28,6.368,159,2,0
ember_d76fb22897d1.exe,21388752,29.26,5.126,1191,2,0
ember_35c618283fc0.exe,5000662,0.6,4.7,8,0,0
ember_d682043a1acc.exe,801456,14.3,1.096,0,0,0
ember_547b669adba5.exe,798982,14.34,1.095,0,0,0
ember_b5d60e2b8907.exe,253952,17.87,4.806,84,4,0
ember_4e41616a9504.exe,17240,26.33,3.824,39,0,0
ember_67a718295889.exe,28712,27.1,3.494,1,0,0
ember_7cec63cf92cb.exe,321024,4.57,4.637,15,0,0
ember_6af241ac4bb4.exe,232960,21.92,3.784,1,0,0
ember_b83e7da27a3e.exe,260831,2.79,4.547,54,1,0
ember_97758b0e4748.exe,5001943,0.61,4.609,167,0,0
ember_99d6e6be645e.exe,10752,50.23,3.009,1,0,0
ember_238b0481c868.exe,1420682,1.31,6.53,12,0,0
ember_e82d2a6507b4.exe,2692608,1.99,6.592,20,1,0
ember_f4b90433749a.exe,16334848,11.92,5.958,716,2,0
ember_344f0f8e8819.exe,1136128,6.35,4.549,1,0,0
ember_21f5514022a3.exe,1895702,17.21,4.333,148,1,0
ember_175d81e38936.exe,19872,16.66,4.289,0,0,0
ember_e3168aabfc92.exe,708608,25.9,3.575,0,0,0
ember_21bbe0f6f45c.exe,75736,36.19,4.459,77,1,0
ember_2c8d602a6952.exe,48128,29.85,3.77,1,0,0
ember_a2f084426452.exe,2504704,25.98,4.694,1,0,0
ember_77006273ebe4.exe,367904,4.64,6.435,11,0,0
ember_929047ca6c8c.exe,77842,36.11,3.464,135,0,0
ember_1a562d7bfd8c.exe,102912,12.11,3.591,1,0,0
ember_575125558c7d.exe,510280,20.75,4.245,316,2,0
ember_06cb45e0bc22.exe,172224,20.09,4.246,119,1,0
ember_40aa2a43c806.exe,20492,23.78,5.318,27,1,0
ember_a1fcd0b4cdfa.exe,1087488,30.15,3.588,1,0,0
ember_90ff3b513806.exe,637992,9.46,5.513,195,1,0
ember_2664ed47ff77.exe,254464,25.72,5.245,0,0,0
ember_06c9d877cc2c.exe,621620,18.63,3.955,367,1,0
ember_0a3727213ab0.exe,802069,14.28,1.096,0,0,0
ember_945b3341784e.exe,80957,7.92,3.259,64,0,0
ember_bc2019b06b23.exe,9286225,9.48,4.975,9,0,0
ember_ea26077e465d.exe,185120,18.56,5.257,73,1,0
ember_d4ebe344c93f.exe,10240,50.13,3.477,40,1,0
ember_fc0784392fe2.exe,212192,6.12,0.689,0,0,0
ember_a394bae124d7.exe,408576,2.03,6.039,39,0,0
ember_5d3a3ae11b8d.exe,3054080,2.25,4.68,1,0,0
ember_ae0e669ca59d.exe,874576,18.17,5.106,475,4,0
ember_3dede6555bc8.exe,16344,27.3,3.836,39,0,0
ember_fe0d526ec412.exe,801342,14.3,1.095,0,0,0
ember_9f866d8acdac.exe,2695168,12.94,4.157,154,0,0
ember_ad034b6d56bd.exe,402432,21.03,3.258,95,1,0
ember_887b82c2e6b5.exe,1928624,15.21,4.267,432,1,0
ember_53f13ac66568.exe,890880,22.97,3.672,1,0,0
ember_fbaf8530efd6.exe,1432664,16.9,4.799,210,2,0
ember_f77d2b391f8e.exe,245248,14.51,4.48,1,0,0
ember_780f5b2f451c.exe,5001167,0.63,5.037,154,0,0
ember_75c12e545c5a.exe,4096,57.4,3.556,1,0,0
ember_10f43562bf2a.exe,5443584,0.67,4.952,91,0,0
ember_07a6b6ae08cf.exe,49152,25.23,4.774,125,0,0
ember_a3c29c7c0bab.exe,279880,14.33,4.904,172,1,0
ember_d799698386f8.exe,333312,40.01,3.234,1,0,0
ember_3fd9f161f814.exe,1254912,5.51,5.995,3,0,0
ember_93a3bf767ea4.exe,70336,21.44,3.53,1,0,0
ember_75628cc5956c.exe,1567060,20.1,4.47,0,0,0
ember_da9544ee9d77.exe,804067,14.25,1.096,0,0,0
ember_50782ad25cf4.exe,798107,14.36,1.094,0,0,0
ember_85e84ca9230e.exe,425304,17.37,5.607,202,2,0
ember_327fb6ef8e4e.exe,54560,18.15,3.511,100,1,0
ember_1f46467e26ef.exe,3579235,0.69,5.493,157,0,0
ember_af770f38ac2a.exe,3923968,12.37,5.853,2209,2,0
ember_763275e42c76.exe,6144,61.44,3.769,0,0,0
ember_1d7094364d59.exe,803769,14.25,1.096,0,0,0
ember_715abcce538b.exe,1182720,0.85,6.642,1,0,0
ember_f0e3e149e834.exe,1646592,22.0,3.178,175,0,0
ember_f0744fe2d6d5.exe,13320,21.39,3.494,1,0,0
ember_4fb491b1f77f.exe,20480,88.16,3.465,26,0,0
ember_a3069ac4d301.exe,5000320,10.21,5.417,129,2,0
ember_08091bcbc3a0.exe,7168,41.35,3.153,1,0,0
ember_94efd1a3433a.exe,24064,18.67,4.025,2,0,0
ember_b0fad79d1a9a.exe,81408,25.78,4.009,1,0,0
ember_d9e7b6c70be7.exe,5001506,0.58,5.437,158,0,0
ember_042be50a3ba5.exe,5000626,1.25,6.108,21,0,0
ember_71af22a263e9.exe,311296,6.13,4.906,171,0,0
ember_97e97eea8731.exe,642888,24.58,5.148,305,1,0
ember_42cf4a8214e9.exe,7456,68.16,3.452,0,0,0
ember_17f0f5013c8e.exe,1048576,0.53,4.864,1,0,0
ember_6877b4c17e47.exe,1171648,14.96,4.431,358,1,0
ember_4d3ed52da990.exe,81026,19.24,1.277,0,0,0
ember_0c03df846326.exe,2205128,24.04,5.326,540,2,0
ember_39533be8ce59.exe,1664,37.98,4.596,0,0,0
ember_20e7f74fb16e.exe,2266624,9.0,4.231,154,2,0
ember_f983d7b527bf.exe,3301376,6.7,6.14,122,1,0
ember_e16e86e35092.exe,4856320,11.04,5.497,17,0,0
ember_e6729836a9a2.exe,5003915,0.89,5.676,152,1,0
ember_7deaf5b08433.exe,57344,23.6,5.068,94,0,0
ember_57a150956cdf.exe,48128,26.46,3.548,1,0,0
ember_2283835434b2.exe,5003894,2.79,4.424,8,0,0
ember_b229ffc0ae48.exe,28672,58.82,3.665,1,0,0
ember_91569e43e7f6.exe,8704,46.63,3.063,1,0,0
ember_6a277904f6ef.exe,176128,25.02,4.042,195,1,0
ember_52bb9e65d79b.exe,1471956,31.33,5.377,240,1,0
ember_56abfac9d338.exe,185968,31.48,5.037,215,1,0
ember_27442d505045.exe,1150122,20.03,2.234,87,2,0
ember_e49431564115.exe,803971,14.25,1.096,0,0,0
ember_a08894b949cd.exe,86016,36.71,4.715,0,0,0
ember_9801189792ab.exe,5000669,2.62,5.541,153,0,0
ember_6129879400f1.exe,2572288,13.39,6.215,268,2,0
ember_0f94002dc455.exe,313856,2.04,6.09,10,0,0
ember_de2256178a34.exe,207872,22.52,4.729,0,0,0
ember_b1443f3cbf80.exe,54040,24.99,3.798,1,0,0
ember_c02b101245ef.exe,241152,53.14,2.894,1,0,0
ember_717b3814f4e5.exe,2961408,37.81,3.822,1,0,0
ember_1eb972e19115.exe,5669182,3.54,5.615,316,3,0
ember_bf2e8ad4c5b4.exe,901120,10.72,1.662,0,0,0
ember_bb05f46d3481.exe,16896,24.59,3.842,39,0,0
ember_11be7e04290a.exe,11264,35.08,3.95,1,0,0
ember_daf19a1fb98c.exe,22016,49.37,2.831,0,0,0
ember_78cdd199728b.exe,475432,4.62,2.849,77,0,0
ember_93043bc88f06.exe,11248,32.83,4.084,17,0,0
ember_ae3a08e9d0d8.exe,307200,16.07,5.002,493,0,0
ember_1eb796e3a7a4.exe,42496,25.85,3.592,1,0,0
ember_5a475d851cce.exe,726016,0.97,5.813,2,0,0
ember_028ab60456c8.exe,5001488,0.6,5.757,157,0,0
ember_88103f75dc85.exe,160290,26.34,3.335,122,1,0
ember_b842006d7dfc.exe,803847,14.25,1.096,0,0,0
ember_ac90c3ddd2e0.exe,2671104,15.45,4.415,1,0,0
ember_14b62cf6e916.exe,815292,14.05,1.1,0,0,0
ember_3aa3db78592d.exe,157696,38.11,4.868,376,0,0
ember_6f7c1d096745.exe,5120,52.13,3.548,1,0,0
ember_386de0fd9eab.exe,795262,4.62,4.981,164,0,0
ember_23a2d5362de5.exe,28792,12.42,3.452,1,0,0
ember_4deff14e3bef.exe,803921,14.25,1.096,0,0,0
ember_dbcf55b372e2.exe,5001176,3.36,5.484,336,2,0
ember_cd64db5fa592.exe,184320,12.42,4.28,98,1,0
ember_e7ed3908f3d6.exe,853596,1.36,5.993,15,0,0
ember_36b5addac03a.exe,121856,20.95,3.734,1,0,0
ember_c4d45903ffec.exe,1217024,12.89,5.639,475,4,0
ember_42056263df6f.exe,77896,9.65,1.327,0,0,0
ember_65b2f4f9c0c9.exe,955904,30.32,3.546,1,0,0
ember_2812491f553c.exe,185344,9.29,3.254,1,0,0
ember_2b8d741898fc.exe,553440,12.84,4.158,1,0,0
ember_dee86b35113f.exe,3080764,2.12,6.726,2,0,0
ember_6903af827baf.exe,61952,26.63,3.457,1,0,0
ember_3b32e98245f9.exe,2580480,37.85,3.817,12,0,0
ember_167e927d109f.exe,13312,38.73,3.345,1,0,0
ember_bbb7af553f76.exe,525048,35.97,3.77,147,1,0
ember_bb083dc3a6a6.exe,801826,14.29,1.096,0,0,0
ember_d899f57ca2bf.exe,1496656,7.69,4.418,156,1,0
ember_e7750e1bd100.exe,315392,25.16,4.809,229,0,0
ember_395d0f0bffef.exe,492544,1.58,4.722,1,0,0
ember_6807c62f965b.exe,1630212,20.45,5.183,603,1,0
ember_94d5a2163e35.exe,803839,14.25,1.096,0,0,0
ember_dd89c0098c44.exe,2588672,43.2,4.434,11,0,0
ember_dde7c3395111.exe,10485760,0.76,3.829,153,0,0
ember_ceca502ab983.exe,1987416,7.73,4.833,150,1,0
ember_5ee9ac2ae96f.exe,299008,30.98,3.819,1,0,0
ember_636e22b1ee77.exe,735116,3.72,6.693,15,0,0
ember_7a8a4be5d17a.exe,524288,35.78,5.232,533,4,0
ember_702da5370a04.exe,2957593,17.05,2.914,34,0,0
ember_a078c5a3eb0c.exe,515584,30.49,3.565,1,0,0
ember_de58bccb1441.exe,17584,22.89,4.504,54,1,0
ember_52233be49871.exe,93018,23.29,4.824,81,1,0
ember_346dc1e373c3.exe,119296,21.89,3.601,1,0,0
ember_6d5a630d6d65.exe,17408,31.51,3.798,1,0,0
ember_f1e804a1027a.exe,45630552,0.42,5.237,204,1,0
ember_006af85dac90.exe,196608,21.16,4.565,134,1,0
ember_d2c9d99f6256.exe,770262,4.04,3.446,171,0,0
ember_fdfeb33317ce.exe,1155185,17.57,5.213,524,2,0
ember_71b3724f33db.exe,5001645,4.41,5.708,328,2,0
ember_fce9ef86388d.exe,1759336,1.39,3.73,64,0,0
ember_46cf177a8951.exe,99328,22.86,5.317,179,0,0
ember_e74be86e0eb1.exe,41259,5.65,5.747,3,0,0
ember_ef5ab5242b4d.exe,807751,14.18,1.098,0,0,0
ember_2628a8e1734a.exe,283512,18.51,5.485,121,1,0
ember_8ec234b40261.exe,171008,1.81,5.67,1,0,0
ember_1811f1044819.exe,5001344,1.13,4.354,120,2,0
ember_c10744157d86.exe,75064,43.2,4.524,38,1,0
ember_6e87f7cb2a57.exe,1126912,74.39,2.619,1,0,0
ember_15dbbb05d5fb.exe,1310720,16.93,2.855,0,0,0
ember_08486b128a24.exe,5001406,0.67,5.284,204,1,0
ember_230632c070f4.exe,318464,22.43,3.733,1,0,0
ember_239509ed473a.exe,10479565,0.87,4.68,122,2,0
ember_9039d682a3a9.exe,176640,15.71,5.156,148,2,0
ember_31a6ca480d57.exe,192517,8.72,5.812,164,0,0
ember_08e1ced2a5f0.exe,8552451,9.17,0.647,0,0,0
ember_ef7511b812b5.exe,69632,37.76,3.28,80,0,0
ember_810eef4ec6fc.exe,803064,11.98,5.005,237,1,0
ember_5372b857ca4b.exe,1191510,1.83,6.256,125,0,0
ember_1ab8dbc54d6e.exe,793799,14.43,1.093,0,0,0
ember_d471f94e77f9.exe,2490368,5.39,5.454,181,3,0
ember_2203cfac91c6.exe,529920,34.5,3.785,122,1,0
ember_cc5c9baafde4.exe,1887232,99.98,0.0,0,0,0
ember_b86f0bd01d94.exe,161673,16.53,5.689,154,0,0
ember_1efb47427165.exe,76240,26.75,3.985,1,0,0
ember_d4dc80f6e9aa.exe,27488,22.65,4.254,78,1,0
ember_f2de52804b31.exe,5003658,0.76,5.674,154,0,0
ember_4e525102a137.exe,2845124,6.93,5.635,287,2,0
ember_1dcb8038554f.exe,2357539,17.86,5.043,667,2,0
ember_cc9b39a94d34.exe,24421228,0.49,5.423,183,1,0
ember_4121f1089174.exe,802329,14.28,1.096,0,0,0
ember_4771b93e9f7b.exe,199168,10.82,1.288,0,0,0
ember_58a06d3a3f65.exe,131072,20.7,3.987,75,1,0
ember_76cac53632ab.exe,645247,0.72,6.259,6,0,0
ember_1ca9f826cdac.exe,28672,71.61,4.15,88,0,0
ember_5ede621b5e2a.exe,741376,17.36,3.534,158,0,0
ember_6824828ac815.exe,17408,10.5,5.436,4,0,0
ember_ada9945b2f8d.exe,259688,19.04,5.692,254,1,0
ember_8b3941f02e1d.exe,83056,41.98,4.44,120,1,0
ember_e4fe014ea023.exe,16384,80.09,3.337,1,0,0
ember_17698fbb0603.exe,10485550,0.5,5.593,154,0,0
ember_7416a5a0a9b9.exe,4096,93.53,0.0,0,0,0
ember_af80018692a8.exe,52736,28.08,3.595,1,0,0
ember_8a2c84788877.exe,1904640,8.04,4.965,159,2,0
ember_29423637a753.exe,4096,60.33,3.501,1,0,0
ember_a3ca44f68019.exe,16384,32.1,3.158,1,0,0
ember_03cb8f0f217a.exe,568088,11.24,5.324,131,1,0
ember_ce7c70285abc.exe,348160,35.28,5.813,11,0,0
ember_00150aa83d95.exe,6528,30.15,3.481,0,0,0
ember_30810903e88b.exe,5120,59.1,2.41,0,0,0
ember_cfb82bdba580.exe,858920,11.67,5.45,159,0,0
ember_5059b486a7ea.exe,185456,21.87,3.68,1,0,0
ember_8d931c66fcec.exe,43549,36.56,4.376,56,1,0
ember_efa64866c5ab.exe,5001219,2.46,5.097,166,0,0
ember_f9081feea25b.exe,112304,21.69,4.939,154,1,0
ember_dae7ef1b13f7.exe,60144,16.81,5.281,133,1,0
ember_29d615674354.exe,2199552,18.16,5.674,387,1,0
ember_6f09b491e38b.exe,555927,5.29,4.48,166,1,0
ember_71801ae8b6d9.exe,29991603,0.43,4.412,8,0,0
ember_193bce69a936.exe,193536,15.35,5.488,1,0,0
ember_05acb807f993.exe,2631,37.13,1.098,0,0,0
ember_e01acd3c082d.exe,120776,20.52,4.607,247,1,0
ember_6565a2339fc1.exe,5000227,0.64,4.414,8,0,0
ember_0f819530a0d5.exe,1121792,21.19,5.715,396,0,0
ember_dbfd9dff5925.exe,1800704,16.19,4.908,1,0,0
ember_8fd8c47a0644.exe,204800,5.45,4.422,22,0,0
ember_8b20a6a03e33.exe,3118080,14.19,5.087,308,1,0
ember_4e2ed4351209.exe,245760,39.74,3.89,1,0,0
ember_35993530bd3d.exe,2620671,1.84,5.443,94,1,0
ember_8bd38b47447e.exe,802698,14.27,1.096,0,0,0
ember_618aa9738209.exe,124016,25.47,4.417,112,1,0
ember_e7bdd13e79a2.exe,28640,14.71,5.248,71,1,0
ember_1de234b7fead.exe,1120768,12.09,4.298,110,0,0
ember_34637c20a0d8.exe,322560,24.61,3.498,1,0,0
ember_d2e3149326d1.exe,54272,84.65,2.255,8,0,0
ember_4b8742d86bb6.exe,160375,20.81,5.095,185,1,0
ember_5f0f003f793d.exe,174136,22.32,3.728,1,0,0
ember_1152635d5050.exe,83856,20.09,5.618,159,0,0
ember_f67d020a45d9.exe,190976,21.01,3.297,1,0,0
ember_48fff177ca82.exe,10483890,0.63,4.997,164,0,0
ember_d93cd4a8cf6a.exe,2606500,17.63,4.915,6,0,0
ember_0d5279bc4a70.exe,375008,19.11,4.684,221,0,0
ember_a4146a33b97f.exe,1336320,4.94,5.47,11,0,0
ember_a81d08b1d20a.exe,2774016,20.45,5.113,555,3,0
ember_16440877a582.exe,184832,4.53,5.911,10,0,0
ember_fee99b5eaa8b.exe,57504,4.77,3.92,0,0,0
ember_93d9b8884212.exe,5003124,0.77,5.592,154,0,0
ember_c9d4708f6d89.exe,1870424,16.76,5.055,23,0,0
ember_bb3f1e0b9e99.exe,151552,28.61,4.392,119,0,0
ember_d99756189fb0.exe,582761,6.57,5.876,164,0,0
ember_6f15b06eb4cb.exe,94208,22.16,5.556,154,0,0
ember_592592a4429a.exe,1696,47.82,3.974,0,0,0
ember_903014e30fab.exe,11234752,1.89,4.89,1063,5,0
ember_58effa2f8dc4.exe,133064,14.2,4.837,79,1,0
ember_0783f69ccf9d.exe,470406,19.41,5.005,237,1,0
ember_4b8317d63fac.exe,5022399,0.6,5.379,158,0,0
ember_eb39ad17f96d.exe,978325,1.49,6.645,1,0,0
ember_ce4d4b6f21e4.exe,40320,19.63,1.628,0,0,0
ember_1f36f38e45bb.exe,64000,29.19,4.065,1,0,0
ember_1661518d62b5.exe,6144,49.87,3.13,1,0,0
ember_ae6ecfaa4b87.exe,4515840,21.37,3.846,1,0,0
ember_d02be4c6b624.exe,114688,5.88,4.696,1,0,0
ember_264fd86cd902.exe,233472,15.36,5.104,7,0,0
ember_cc50cc248bcb.exe,933376,42.84,3.823,1,0,0
ember_5d558546c8d1.exe,1797671,2.71,4.784,87,0,0
ember_547770a5e795.exe,10952,18.11,3.388,0,0,0
ember_319894634725.exe,149504,44.36,4.885,197,0,0
ember_88653f55b017.exe,58368,13.13,4.435,1,0,0
ember_2eac30942d7f.exe,2802688,1.38,6.275,149,0,0
ember_472cac3cd6b9.exe,16384,33.73,3.247,1,0,0
ember_c79f2aaa3780.exe,73728,39.6,2.957,107,0,0
ember_521ff498c5aa.exe,1097728,16.93,4.465,447,2,0
ember_35a66f679784.exe,15407760,0.51,5.573,154,0,0
ember_79f394913dc4.exe,301344,28.06,3.517,1,0,0
ember_8674094bc5e8.exe,10485491,0.57,4.96,158,0,0
ember_ffba861ee3f0.exe,1724416,7.28,5.812,237,1,0
ember_de4c01d29177.exe,62464,29.17,3.804,1,0,0
ember_16dfcfcf5148.exe,42496,25.89,3.593,1,0,0
ember_63e4394c460b.exe,2695028,5.6,5.005,237,1,0
ember_529169046a39.exe,386560,1.49,4.727,1,0,0
ember_29576b6c8e6b.exe,2082528,1.36,5.666,13,0,0
ember_cb9ac647269b.exe,589824,6.93,4.106,92,0,0
ember_0a78d8242c15.exe,540672,20.95,5.329,180,1,0
ember_e241f3492c59.exe,692264,27.32,4.373,262,1,0
ember_49232985918d.exe,247936,9.99,4.357,94,1,0
ember_9c838472b772.exe,327680,24.95,4.806,229,0,0
ember_90d641df889f.exe,688744,19.91,3.854,46,1,0
ember_0de200a35e84.exe,205312,21.64,4.539,100,1,0
ember_627fc83899ef.exe,22528,33.03,4.108,1,0,0
ember_09075e5313d9.exe,1451008,12.16,4.436,117,0,0
ember_23df88549888.exe,4096,58.91,3.798,0,0,0
ember_668e0d71405b.exe,55744,22.17,3.885,0,0,0
ember_8c178a394ce9.exe,53760,32.84,4.617,123,1,0
ember_3538b8a43e2b.exe,727233,12.78,0.933,0,0,0
ember_ac791ff432f8.exe,810833,14.13,1.098,0,0,0
ember_5eba3ea6506d.exe,769536,26.68,3.42,1,0,0
ember_01f917c2056c.exe,90112,96.07,3.78,40,0,0
ember_3430f623e760.exe,527360,14.74,5.053,32,0,0
ember_cf22ea29c1af.exe,519680,23.4,5.983,59,1,0
ember_13fcb5a4e29b.exe,630195,14.47,1.089,0,0,0
ember_795f6a52b6ad.exe,1199016,1.09,5.196,154,0,0
ember_e1f76d7d8af7.exe,468992,24.31,4.456,209,1,0
ember_09093a44adb0.exe,2116096,27.33,3.728,1,0,0
ember_10b4d29107cb.exe,358726,13.88,2.174,0,0,0
ember_d3c3d5053d24.exe,2131456,22.47,4.981,239,1,0
ember_06dde5fe9ef9.exe,249856,11.93,4.243,58,0,0
ember_359692e20df4.exe,1418792,4.58,5.462,195,1,0
ember_23d6af9c527e.exe,899584,27.97,4.554,0,0,0
ember_ad1dbaaf2210.exe,821704,98.55,0.115,0,0,0
ember_96edb62ba1a2.exe,800570,14.31,1.095,0,0,0
ember_c8b48549618e.exe,5004816,0.64,5.083,154,0,0
ember_55a2bb780561.exe,797584,25.65,3.518,1,0,0
ember_935e0559b5b1.exe,884224,20.74,4.671,935,1,0
ember_c98ddaf1f8c1.exe,309184,15.57,5.1,126,2,0
ember_536df2391e28.exe,7168,52.11,2.451,0,0,0
ember_745886395d1b.exe,2643456,15.76,5.335,249,1,0
ember_c31e7833f33b.exe,10485760,1.97,4.409,133,2,0
ember_0ef7bb5f42b9.exe,5865472,14.17,5.55,506,1,0
ember_d30f5945af08.exe,803396,14.26,1.096,0,0,0
ember_92620c1c213d.exe,1520076,0.94,5.131,168,1,0
ember_8985f6053faf.exe,34280,6.37,6.058,5,0,0
ember_d810ab12a89d.exe,5003096,2.37,5.784,334,2,0
ember_ba8c830ca879.exe,1130840,4.11,5.376,98,1,0
ember_b975e25ec2f6.exe,2372608,0.99,7.464,18,0,0
ember_b63b1d3f9ea3.exe,16896,28.57,4.838,31,0,0
ember_418878aed6b7.exe,5051614,0.67,5.284,204,1,0
ember_8f0c02aee1fd.exe,144384,10.39,3.792,1,0,0
ember_98a4a7c784f6.exe,692840,28.07,3.698,1,0,0
ember_ee8ba1173875.exe,2741178,7.91,5.52,195,3,0
ember_b5dac1563a54.exe,738816,17.7,5.082,16,0,0
ember_280c8ac187a5.exe,20480,50.33,5.334,45,0,0
ember_d5a92bbb2daa.exe,851968,11.23,1.518,0,0,0
ember_2f1ca404549e.exe,55296,33.58,4.71,0,0,0
ember_a4283f6752d0.exe,37888,51.86,3.237,53,1,0
ember_cef8934d9469.exe,82944,24.87,2.654,170,0,0
ember_e18621669211.exe,442368,20.06,4.132,91,0,0
ember_0efdd0371ae9.exe,414763,13.26,0.821,0,0,0
ember_e3056e10c86c.exe,1044992,0.34,0.0,0,0,0
ember_da56537ea838.exe,32768,23.89,4.011,62,1,0
ember_05b9bf10cc32.exe,24152035,0.58,4.259,63,1,0
ember_b3bcd73f390e.exe,46083,12.75,1.299,0,0,0
ember_091e0b1f6c52.exe,3146008,14.59,4.78,69,1,0
ember_34681fdcdfdd.exe,3072,54.65,4.032,0,0,0
ember_a51bc49f43d0.exe,321680,29.42,3.921,113,0,0
ember_36e136aec8f4.exe,372158,16.62,4.182,100,0,0
ember_7c07c63526ee.exe,135277,4.85,0.964,0,0,0
ember_d18bbf929670.exe,204800,31.89,4.217,1,0,0
ember_eccdfbbb4e38.exe,2860144,24.45,4.333,1,0,0
ember_a9906b3f1586.exe,50688,44.11,3.612,27,1,0
ember_d4e4c2c2c5cc.exe,7680,44.09,3.303,1,0,0
ember_6c0f8c59ded0.exe,799459,14.33,1.095,0,0,0
ember_73ac48e7078e.exe,109568,26.76,3.7,1,0,0
ember_7ce6557b9f79.exe,1310720,26.46,3.143,154,0,0
ember_e8d04da098d3.exe,139224,13.51,4.958,8,0,0
ember_33f22d4f1b48.exe,350208,2.29,5.584,15,0,0
ember_d919cb26fa07.exe,4054016,25.17,3.383,1,0,0
ember_6f72fb74dca8.exe,624128,15.07,4.754,1,0,0
ember_28acdad5f429.exe,12307456,1.13,6.545,14,0,0
ember_8f1e1ab44a7e.exe,9728,42.41,3.462,1,0,0
ember_63b6995775d0.exe,74752,23.14,4.762,110,1,0
ember_d725719ab761.exe,22208,33.65,3.062,0,0,0
ember_9dedd8b2a84b.exe,1108884,1.29,5.131,168,1,0
ember_6cc555faf8e4.exe,91120,16.85,5.332,311,1,0
ember_a8b6889b7b0a.exe,1535416,15.48,6.029,159,2,0
ember_1422b6e1ac3a.exe,9484752,0.51,4.37,8,0,0
ember_6f6a822f16f6.exe,1314816,18.36,4.355,134,1,0
ember_7195217c9692.exe,1131008,20.99,5.314,1341,0,0
ember_72daa3d8c76e.exe,10485254,0.79,4.592,135,2,0
ember_d5a58bcebf5d.exe,162193,28.49,4.254,103,0,0
ember_00894c99199b.exe,1351400,22.17,4.522,125,1,0
ember_42d2d2fc58f9.exe,2370596,1.67,4.248,37,0,0
ember_123a728c95e3.exe,12710912,20.97,4.37,1082,2,0
ember_92f4bf95ff2d.exe,17278376,0.5,4.875,165,0,0
ember_6dfdd64e4b1b.exe,4416,20.31,5.733,0,0,0
ember_09b427b0e6c8.exe,839680,22.83,3.635,1,0,0
ember_ba4b634359e4.exe,2336,26.58,5.724,0,0,0
ember_57604e4682bf.exe,5442560,18.64,5.815,476,1,0
ember_54afe505c8ea.exe,14078,13.23,1.629,0,0,0
ember_f64a027c11e8.exe,1884379,15.65,4.274,0,0,0
ember_c7a013e87693.exe,31018584,0.46,4.567,15,0,0
ember_5f56ef023248.exe,598528,14.82,5.099,32,0,0
ember_2ac28cecac61.exe,9103,9.48,3.91,0,0,0
ember_20aff6873eef.exe,5120,57.62,3.773,0,0,0
ember_edef87c1e8d8.exe,731648,1.92,6.592,2,0,0
ember_076a5c4d828a.exe,1836890,3.26,4.444,12,1,0
ember_c29ee885c5cd.exe,273920,29.47,3.113,102,1,0
ember_c0f570c7550a.exe,86832,14.3,4.374,149,1,0
ember_0fedd046a182.exe,830732,13.79,1.104,0,0,0
ember_b7d32712a1a3.exe,60704,37.39,3.483,1,0,0
ember_592995ea5e21.exe,609688,20.02,4.752,170,1,0
ember_04e28bd3b8c5.exe,851582,13.45,1.106,0,0,0
ember_8da5a84df9cd.exe,806568,14.2,1.097,0,0,0
ember_ec506902e08b.exe,1432064,13.03,5.379,478,4,0
ember_980bd0f9b426.exe,1488200,18.61,4.322,1,0,0
ember_01b8cec2ff94.exe,106496,18.87,3.346,174,2,0
ember_438c2243b8d9.exe,1657344,2.14,5.75,13,0,0
ember_6a6cf4618758.exe,145416,13.57,4.195,81,1,0
ember_e26c83b93d58.exe,9680,17.81,4.217,0,0,0
ember_35e0503a95bc.exe,5001551,0.66,5.646,151,0,0
ember_d7e11205976b.exe,113680,15.89,4.231,92,1,0
ember_ac8f4668f429.exe,9216,42.0,3.09,1,0,0
ember_2309071df3d1.exe,5001960,0.84,5.303,146,0,0
ember_81fbf1421999.exe,45272,25.68,3.548,1,0,0
ember_434566cd4f0f.exe,20416,24.28,4.422,0,0,0
ember_7d4b4a4983fe.exe,385024,63.68,2.785,1,0,0
ember_519ae756bbc7.exe,5003439,2.61,4.358,474,4,0
ember_f6f903e6ac74.exe,19968,21.0,4.265,1,0,0
ember_5f57bde54550.exe,468480,17.02,4.359,1,0,0
ember_f0296d505781.exe,572712,2.78,5.213,84,0,0
ember_81b78dc0e9e1.exe,334336,24.46,3.716,1,0,0
ember_c53726abc0dd.exe,892248,25.5,4.917,165,0,0
ember_a99225510cee.exe,13312,40.86,3.656,1,0,0
ember_45453005f5d3.exe,1949184,53.97,2.575,1,0,0
ember_01514d38d49e.exe,16896,32.71,3.488,1,0,0
ember_768df9679fe4.exe,139776,27.11,4.258,151,0,0
ember_1e9341da1ba5.exe,1593774,2.81,4.052,171,0,0
ember_cd27be1db149.exe,266240,34.26,3.497,1,0,0
ember_60eac2f5d11e.exe,237056,28.4,3.451,1,0,0
ember_d03273c212d0.exe,2036573,1.7,2.661,0,0,0
ember_8ca9861e7bd1.exe,2793112,16.17,5.202,297,0,0
ember_6182cacbc483.exe,41472,6.97,2.572,0,0,0
ember_c7eddbf1a7b1.exe,16896,48.31,2.567,46,1,0
ember_4c302644fe22.exe,115576,22.54,6.55,7,0,0
ember_44dcee8802a1.exe,2142208,35.22,4.179,7,0,0
ember_45acb61a1994.exe,152594,2.72,5.486,8,0,0
ember_0f38ba1f0e96.exe,2803808,7.99,5.574,194,3,0
ember_e2c09098138a.exe,535024,10.99,5.575,457,1,0
ember_8aca1a717d8e.exe,804300,14.24,1.096,0,0,0
ember_a594bbd12dd9.exe,1940992,1.59,5.59,1,0,0
ember_df9928cbf296.exe,5233574,24.57,1.123,0,0,0
ember_b9fbc5872896.exe,83456,23.93,1.848,0,0,0
ember_b90f31368294.exe,195072,7.78,7.602,11,0,0
ember_a4977e28acb4.exe,798147,14.35,1.094,0,0,0
ember_03e40b810975.exe,3362480,1.78,5.518,121,1,0
ember_6150deee0ce7.exe,1881400,20.0,4.322,345,0,0
ember_cf294569b60b.exe,1386343,3.06,4.494,53,1,0
ember_1e9bc037aec9.exe,314040,20.15,4.699,211,1,0
ember_6918f8623ed3.exe,61170,14.8,4.945,8,0,0
ember_3189be16e187.exe,5001688,5.87,3.43,167,0,0
ember_e1d155a89083.exe,389120,22.21,4.373,1,0,0
ember_c38ee454ac1b.exe,309248,31.05,5.596,0,0,0
ember_3ab9958b5f1b.exe,375808,31.19,3.56,1,0,0
ember_5416b5d1767a.exe,5632,45.88,3.364,1,0,0
ember_ad677203104d.exe,2048,66.21,1.35,0,0,0
ember_abf052eee2d5.exe,95296,16.9,4.619,86,1,0
ember_3c2e5ec563c1.exe,5000200,1.12,5.303,146,0,0
ember_398013892f2a.exe,1600000,4.08,3.533,111,2,0
ember_26cffa4a0005.exe,86528,43.0,4.05,0,0,0
ember_cc708c3d0792.exe,4133062,0.58,6.891,4,0,0
ember_351ff160749a.exe,705024,31.36,4.134,1,0,0
ember_97e2f9e371ee.exe,801302,14.3,1.096,0,0,0
ember_62169e5c7477.exe,621620,18.63,3.955,367,1,0
ember_2335fdfe66a5.exe,3930000,26.45,3.64,1,0,0
ember_6432bd699e0b.exe,98552,19.75,4.812,190,1,0
ember_0c14fdf96c12.exe,793854,14.43,1.093,0,0,0
ember_6e1d75deb60e.exe,8179352,3.05,5.622,372,3,0
ember_01dbdb9e9f54.exe,573952,49.1,2.396,1,0,0
ember_884aa7d68175.exe,383720,18.45,5.062,34,0,0
ember_85028f7baaa2.exe,758088,2.77,2.653,0,0,0
ember_4c2b71703a04.exe,229376,21.62,4.884,277,1,0
ember_ebf85f14011d.exe,4001792,1.28,4.727,165,0,0
ember_9fb44704a904.exe,5000512,0.69,4.441,8,0,0
ember_64746ddd6acf.exe,280576,12.99,5.152,1,0,0
ember_666a0a98c1fc.exe,1664824,2.06,5.722,164,0,0
ember_f0005e42be24.exe,1248,49.52,4.109,0,0,0
ember_d8ff7ee40fd6.exe,1234184,5.38,4.953,156,2,0
ember_f5ee349f0d28.exe,670720,70.58,2.492,609,0,0
ember_2980fb531332.exe,1343488,17.73,3.266,116,0,0
ember_500dd3fb2851.exe,115200,19.34,4.56,229,1,0
ember_d7df48e6bce4.exe,637952,2.03,6.186,7,0,0
ember_4ab7fd9e3aaf.exe,57872,20.86,5.677,127,0,0
ember_9673be380f67.exe,1286144,2.16,4.717,1,0,0
ember_6d351b491c94.exe,5001440,5.08,4.536,135,2,0
ember_f4754065e81b.exe,221595,31.32,4.459,259,1,0
ember_4580fa648a94.exe,73728,27.21,3.577,1,0,0
ember_e3267856ae91.exe,977873,13.92,5.435,398,2,0
ember_24cbd85d2608.exe,5001954,1.1,4.423,135,2,0
ember_d4684d8b0ded.exe,26112,32.63,3.437,1,0,0
ember_a21382bc6b2d.exe,156696,28.94,3.936,111,1,0
ember_0fadaf31a9ea.exe,5001916,1.46,5.589,173,2,0
ember_d02d9b369fb3.exe,5112832,33.72,4.778,353,1,0
ember_2cc4a9a09667.exe,3706952,15.53,4.979,194,1,0
ember_248c3a74c57a.exe,35096,20.01,4.284,72,0,0
ember_c4ba5f9b6407.exe,1667072,6.66,5.465,159,0,0
ember_5c9d02c33b2b.exe,1557720,4.44,5.898,16,1,0
ember_7b03907ad2d5.exe,155136,22.0,4.383,168,1,0
ember_804553537372.exe,809906,14.15,1.098,0,0,0
ember_471614fca014.exe,5729,69.38,1.419,0,0,0
ember_12016b3307fd.exe,3239040,0.78,4.941,154,0,0
ember_568939b520a5.exe,803019,14.27,1.096,0,0,0
ember_b1079fcfc964.exe,4403557,1.19,4.424,135,2,0
ember_823c22254be0.exe,19505,48.76,0.92,0,0,0
ember_b053c63cbddc.exe,802347,14.28,1.096,0,0,0
ember_b0fa15b81d09.exe,1925728,2.35,6.588,3,0,0
ember_40bf31a7bd7e.exe,695296,29.81,3.63,1,0,0
ember_b293b39f3084.exe,10752,31.12,4.251,72,1,0
ember_138bdf3a4c7b.exe,275968,16.14,4.975,192,1,0
ember_e29dd09da1d4.exe,80120,30.28,3.413,1,0,0
ember_b26f2aea5732.exe,3531264,31.94,5.39,2901,0,0
ember_95e0c413f107.exe,1817704,1.36,3.729,64,0,0
ember_1cd4adec8a1f.exe,2982216,12.52,5.163,0,0,0
ember_1358ef8f4490.exe,37112,15.68,4.376,97,1,0
ember_be55bb82c063.exe,1425408,21.17,4.558,1,0,0
ember_a81f399f29e5.exe,10485760,0.51,4.402,8,0,0
ember_ff9d35093755.exe,41472,21.0,1.545,0,0,0
ember_7bc495283b6e.exe,184832,18.53,4.83,1143,0,0
ember_f2b4807a758f.exe,2704384,3.19,5.355,1,0,0
ember_886e1ba82768.exe,834829,13.72,1.104,0,0,0
ember_3fe684f43688.exe,1856,36.26,5.121,0,0,0
ember_de33ab272fc6.exe,798377,14.35,1.094,0,0,0
ember_3aa69a253901.exe,800514,14.31,1.095,0,0,0
ember_53981bd8c5d4.exe,5001064,15.12,0.728,0,0,0
ember_ace726165dbf.exe,256696,15.42,5.077,261,1,0
ember_fa48b42e1b29.exe,774656,0.84,7.993,0,0,0
ember_ade7099048a7.exe,398364,71.14,4.405,325,0,0
ember_47ac090fba6e.exe,4096,27.83,1.258,0,0,0
ember_a9ab7ebd3a70.exe,88576,15.7,4.829,88,0,0
ember_1f5fd9f52a54.exe,782272,1.1,6.914,20,1,0
ember_927281011790.exe,808489,14.17,1.097,0,0,0
ember_cee17255a5ce.exe,4096,21.09,3.899,0,0,0
ember_db79e8bdb9e4.exe,5000300,0.89,4.26,26,0,0
ember_452f6b0bdc51.exe,262656,15.94,3.691,1,0,0
ember_f86bc53c8e75.exe,98304,36.29,3.709,1,0,0
ember_fcfa68f0c50a.exe,28672,58.65,3.661,1,0,0
ember_2c0e37d8cde8.exe,1317824,12.53,1.015,0,0,0
ember_3eef0aa469e5.exe,604672,2.76,5.757,12,0,0
ember_5563a273daad.exe,17273408,0.5,4.875,165,0,0
ember_a043001a9030.exe,727716,4.21,6.261,124,1,0
ember_7f97b6455a24.exe,5002199,1.41,5.58,147,2,0
ember_0f74b8c60dee.exe,629224,23.66,3.753,0,0,0
ember_2e354360eaa0.exe,167936,33.09,3.473,249,1,0
ember_98ac74bf6100.exe,1925328,2.33,6.588,3,0,0
ember_57ff0ecf5aea.exe,708608,26.01,3.547,0,0,0
ember_80dbe07e7bb3.exe,2363055,0.87,4.673,8,0,0
ember_f522c5c99191.exe,1942568,26.52,3.695,1,0,0
ember_4a7b6a713f57.exe,1517056,3.73,4.71,1,0,0
ember_b5497e1cebf2.exe,2703360,28.89,3.747,1,0,0
ember_81d3a96d4a81.exe,692400,5.49,5.948,117,1,0
ember_f7e9cecfe22d.exe,1068544,99.97,0.0,0,0,0
ember_89f075b5e20d.exe,498760,17.72,4.387,196,5,0
ember_295305af03da.exe,4096,93.53,0.0,0,0,0
ember_5b5038e3f83c.exe,331776,24.09,4.804,224,0,0
ember_4252b6d6a6c9.exe,113326,19.62,4.78,129,2,0
ember_d4469c22dfb4.exe,1427144,15.85,4.297,146,0,0
ember_0f14d07724d2.exe,1271472,2.71,5.609,98,1,0
ember_1073f84aecdb.exe,5001390,0.65,5.764,26,0,0
ember_37c653a1a892.exe,54784,9.73,4.5,1,0,0
ember_6a133fe75fed.exe,76800,20.63,4.957,77,2,0
ember_bea14cf76eda.exe,683520,19.81,5.359,118,1,0
ember_75db34259c8b.exe,9728,42.04,3.26,1,0,0
ember_e5418b2d45a7.exe,3485944,16.48,4.859,824,2,0
ember_644b79c744c2.exe,118784,28.14,4.328,87,0,0
ember_0dce6294f1ec.exe,10752,40.22,4.002,59,1,0
ember_ad97a5f1534e.exe,1053579,1.47,5.023,110,0,0
ember_bcb8ec565443.exe,819200,21.01,3.777,261,1,0
ember_f04658be76db.exe,61440,42.55,3.897,1,0,0
ember_7afd423bc298.exe,105944,2.21,7.922,0,0,0
ember_a53fe97e7482.exe,133120,5.34,5.832,101,0,0
ember_65d9569d8c69.exe,339968,12.54,2.223,0,0,0
ember_7b7f57c71882.exe,221184,28.9,4.385,308,1,0
ember_26a73573cb54.exe,637992,9.46,5.513,195,1,0
ember_aba24ca175e1.exe,20480,91.49,2.96,26,0,0
ember_632f428696c2.exe,4749,69.99,3.194,2,0,0
ember_ed1e75a6f6aa.exe,637992,9.46,5.513,195,1,0
ember_1b5c5f2c1295.exe,1368787,3.88,4.556,41,0,0
ember_02bcc563f93d.exe,2693589,7.33,6.276,338,2,0
ember_0c73a2cf9e1e.exe,847461,1.57,4.923,84,0,0
ember_1011ffd55239.exe,94208,35.4,4.731,107,0,0
ember_3f88afc7cb8e.exe,263168,28.94,5.216,0,0,0
ember_556d49997563.exe,1167360,16.86,5.326,341,1,0
ember_aba89f4aa730.exe,13824,53.27,3.808,0,0,0
ember_ffc92f51401c.exe,1201686,2.56,4.84,11,0,0
ember_ffba1077c279.exe,494192,22.85,5.082,368,2,0
ember_34f9d9dc9d8b.exe,143464,18.04,5.131,154,0,0
ember_9b4d1a43715c.exe,135680,22.11,4.473,188,2,0
ember_085f89c938e1.exe,40960,54.2,4.502,36,0,0
ember_9c007cdef4ac.exe,5286639,11.41,1.316,0,0,0
ember_4b374798fb8b.exe,10479128,0.84,5.047,134,1,0
ember_8ce5d120d2df.exe,568320,26.03,2.993,1,0,0
ember_6ce8e49d7a45.exe,278016,7.49,4.653,1,0,0
ember_41e13a2875ae.exe,2756608,19.13,5.114,0,0,0
ember_52503d6dd8de.exe,331776,7.5,6.806,2,0,0
ember_a4fb744cb8da.exe,1813192,17.83,5.245,455,1,0
ember_2edb1ae9a1ba.exe,375808,12.64,5.35,169,1,0
ember_8d7cbaa4d787.exe,401408,40.76,4.211,304,2,0
ember_dc40bf01b227.exe,375200,12.02,5.511,167,2,0
ember_93014a28aea2.exe,5002215,0.92,4.606,113,1,0
ember_c66772a6746f.exe,245760,1.12,3.958,0,0,0
ember_4dbe78272758.exe,400387,19.23,5.278,308,1,0
ember_558514739562.exe,1288704,19.65,4.307,1,0,0
ember_a07f56cf2358.exe,814899,14.06,1.1,0,0,0
ember_e08c73918b84.exe,306818,13.68,1.244,0,0,0
ember_54cb38f23c93.exe,8254664,51.62,5.0,116,1,0
ember_18d3fe66d77c.exe,923295,20.09,5.555,283,2,0
ember_8fe6c0473e41.exe,21504,46.02,3.616,0,0,0
ember_5b2981209ab0.exe,637992,9.46,5.513,195,1,0
ember_199bc5215eea.exe,736264,14.01,4.258,309,1,0
ember_1f0c0c16624c.exe,15013528,9.52,1.319,0,0,0
ember_5ffcdb3df9c2.exe,638136,29.51,3.618,56,1,0
ember_43a733efd3bc.exe,1370112,11.42,3.747,1,0,0
ember_05da2b835ba9.exe,1044480,6.64,3.09,0,0,0
ember_a34be5ca16f4.exe,1180400,1.35,5.489,157,0,0
ember_345a67876f04.exe,1979776,0.75,2.65,0,0,0
ember_aea517200f7a.exe,7412089,5.09,5.41,9,0,0
ember_6a3012702a95.exe,45056,10.52,1.316,0,0,0
ember_4fc169ed9e0e.exe,5002800,1.11,7.038,7,0,0
ember_269b9a7e9ead.exe,645120,15.97,4.572,111,0,0
ember_36b01d063c20.exe,1194205,9.39,5.2,456,3,0
ember_903e05a17427.exe,225056,27.74,3.469,1,0,0
ember_657d894056f8.exe,809489,14.15,1.098,0,0,0
ember_82ae9d478be2.exe,41984,8.42,4.545,1,0,0
ember_4e56c97dd5c3.exe,733224,8.62,5.765,195,1,0
ember_2b40b3009c80.exe,387936,15.06,4.548,274,1,0
ember_d387dae03478.exe,271872,5.67,5.427,98,2,0
ember_be63ea0b370b.exe,19847,14.1,1.281,0,0,0
ember_c65e3c9e533e.exe,5001144,3.17,4.665,129,1,0
ember_d1a0c3860273.exe,22528,58.97,3.889,0,0,0
ember_6a3944e665ec.exe,279552,21.98,5.401,258,1,0
ember_4711e88a954e.exe,1740374,23.09,5.179,173,2,0
ember_7e4b8c01cee4.exe,140029,20.66,4.389,200,0,0
ember_1aeafa848891.exe,393432,30.77,0.0,32,0,0
ember_d092001312a4.exe,7168,41.84,3.149,1,0,0
ember_3efc3974ff3a.exe,5003058,0.9,4.429,168,0,0
ember_d71d32758a73.exe,1521664,15.84,6.966,0,0,0
ember_1e519638544e.exe,1299456,39.37,4.53,0,0,0
ember_095807fd976a.exe,30160,20.18,4.934,104,1,0
ember_22b740276a9a.exe,471688,6.72,4.81,1,0,0
ember_8e2d1b001bc2.exe,621620,18.63,3.955,367,1,0
ember_a06ea9d56295.exe,762880,12.98,3.841,1,0,0
ember_a53d03054d77.exe,176128,2.94,5.956,1,0,0
ember_20441781c959.exe,1549144,2.58,3.26,109,1,0
ember_f6a6f2ff5b5d.exe,802311,14.28,1.096,0,0,0
ember_69f868bc0301.exe,1715464,1.08,7.164,0,0,0
ember_1eb6d2c83efa.exe,1572352,17.56,5.287,1,0,0
ember_02d3ad04edf4.exe,240640,24.58,4.659,193,1,0
ember_0d50cb39abb9.exe,1814573,4.09,4.947,322,1,0
ember_97eaa153b4d9.exe,637952,44.6,4.516,64,1,0
ember_5e67c32d8b9a.exe,72192,31.14,3.564,1,0,0
ember_de2ea2243bad.exe,1851392,82.84,1.41,0,0,0
ember_aceba001b1f0.exe,662549,2.07,6.562,14,0,0
ember_bff6e3e72827.exe,1279368,13.15,4.891,15,0,0
ember_b692669517c8.exe,637992,9.46,5.513,195,1,0
ember_d2a0a0b5a627.exe,300949,4.2,6.917,14,0,0
ember_0e3db16ba49c.exe,43800,22.85,5.082,0,0,0
ember_1fc7ab47b088.exe,4096,52.25,3.309,1,0,0
ember_ae39fdd77ae1.exe,4280872,17.05,5.507,524,1,0
ember_216a699fb74f.exe,348802,19.53,1.047,0,0,0
ember_55447bf6923a.exe,30674134,0.86,3.497,171,0,0
ember_e5cd4bb4518b.exe,7168,55.85,4.297,0,0,0
ember_a2bf065fefd0.exe,253440,16.78,4.908,517,0,0
ember_51335619f14f.exe,539246,18.64,5.338,285,0,0
ember_686ed494d3d7.exe,1850016,5.43,5.299,19,0,0
ember_06aa5cc127c5.exe,89600,22.78,4.617,104,1,0
ember_c645426167d5.exe,375488,17.09,5.935,222,2,0
ember_c7edde25835d.exe,637992,9.46,5.513,195,1,0
ember_1a5aff881751.exe,295024,24.35,4.521,220,0,0
ember_c0733817079f.exe,2582200,19.77,5.198,375,2,0
ember_d7dc4c8d45c7.exe,20992,26.56,4.811,121,1,0
ember_894464e63861.exe,130840,38.76,3.709,25,1,0
ember_baccb2709c16.exe,80688,19.58,3.95,1,0,0
ember_e690e04b08d2.exe,610816,21.82,3.724,1,0,0
ember_36287186fe7a.exe,625912,28.01,3.642,1,0,0
ember_021b3859cd9a.exe,848384,11.42,4.972,209,1,0
ember_037fa05d126d.exe,2312192,0.93,7.249,14,0,0
ember_e9283edccecc.exe,440832,26.94,3.577,1,0,0
ember_b67d059bb4ec.exe,5561595,14.42,0.934,0,0,0
ember_33e6ebe66278.exe,5002764,3.26,5.224,312,2,0
ember_d8b4577539ef.exe,74240,25.82,3.393,1,0,0
ember_27f9014934cd.exe,6729700,1.39,5.161,95,1,0
ember_be2f24eb7da8.exe,637992,9.46,5.513,195,1,0
ember_61955a1e8d5c.exe,980480,22.25,4.89,1977,1,0
ember_7c39d9a56e24.exe,2895872,17.84,4.253,482,1,0
ember_11b15e82f83b.exe,24576,72.77,3.418,1,0,0
ember_fed8cf94aa95.exe,105984,24.26,4.244,67,1,0
ember_d63bffcf4bbf.exe,4096,29.57,1.613,0,0,0
ember_1b8942231f30.exe,2319872,19.8,4.952,275,1,0
ember_01662a1d7106.exe,58368,25.07,4.822,258,0,0
ember_0ee57816e7d1.exe,1499136,38.53,4.314,11,0,0
ember_63da14ca038e.exe,6144,50.54,3.558,1,0,0
ember_61f628c6cdb0.exe,23835136,18.32,5.595,126,1,0
ember_41a405c09784.exe,85922,4.74,0.666,0,0,0
ember_136ebd124c0d.exe,195555,1.25,3.942,0,0,0
ember_1f68e3ba77da.exe,212992,5.79,5.01,8,0,0
ember_52ee9fb0835d.exe,274432,18.14,3.743,1,0,0
ember_1481a9cd541b.exe,18016,10.14,3.999,0,0,0
ember_33fba970b265.exe,560128,20.29,4.842,226,1,0
ember_47077b4bd759.exe,2006016,28.86,3.064,1,0,0
ember_1a44780ef706.exe,803924,14.25,1.096,0,0,0
ember_26ecdf06a444.exe,80024,21.16,4.148,80,0,0
ember_5cd035b722b0.exe,342072,17.42,5.246,315,2,0
ember_8c6e02bdb9ae.exe,1025192,4.85,5.171,896,1,0
ember_03b5a4314cf8.exe,5002266,0.49,5.608,154,0,0
ember_ad918b6662ea.exe,28672,54.87,3.969,5,0,0
ember_2d72afc315ff.exe,1995064,17.8,1.483,0,0,0
ember_f6f8143056b8.exe,807053,14.2,1.097,0,0,0
ember_3c7e28b16c60.exe,6040944,18.54,5.09,834,2,0
ember_757955a020b0.exe,10485760,0.57,4.875,165,0,0
ember_f560fdae865b.exe,12288,41.68,4.399,35,0,0
ember_99f7e273ee46.exe,27136,34.76,3.453,206,0,0
ember_fdc804ab5aae.exe,24064,31.17,3.481,1,0,0
ember_7312a4c8a3fb.exe,5002280,0.55,3.356,64,0,0
ember_a996800bac5f.exe,69632,28.41,3.506,31,0,0
ember_10c4173a2ea4.exe,42576,15.16,4.76,0,0,0
ember_0e0c2ab67fb1.exe,26685,11.07,6.126,6,0,0
ember_25419e76982d.exe,2076069,3.05,4.506,90,0,0
ember_6bbc6718d153.exe,800896,14.31,1.095,0,0,0
ember_7e3c3b5886c8.exe,5000777,0.86,5.303,146,0,0
ember_668ddc080d43.exe,21964800,0.92,4.639,18,1,0
ember_de5a20882fc9.exe,637992,9.46,5.513,195,1,0
ember_ce3b8345de06.exe,5001627,0.86,4.467,115,1,0
ember_79519168a4e0.exe,15360,31.65,3.261,1,0,0
ember_213eaba8b3c2.exe,271102,12.37,1.677,0,0,0
ember_ecf1899e5988.exe,176128,54.97,3.493,1,0,0
ember_5905776d4eae.exe,475488,2.03,5.221,8,0,0
ember_81f89c4d1b39.exe,61952,23.45,5.11,238,0,0
ember_2748d113edb4.exe,20272,8.58,4.219,0,0,0
ember_b7f0d1e06800.exe,376512,15.24,5.445,199,2,0
ember_9ff9cbf397a8.exe,2080382,8.1,0.837,0,0,0
ember_20345ff449d6.exe,814462,1.99,5.293,57,0,0
ember_537b392bf393.exe,2111768,18.12,4.573,218,1,0
ember_4f6b596e9569.exe,16384,65.28,1.702,0,0,0
ember_de0d4e94d107.exe,322048,13.75,5.104,81,1,0
ember_4f045492553e.exe,77472,21.23,4.749,73,1,0
ember_cd0ca5e28913.exe,1614336,13.3,3.383,1,0,0
ember_0b39ff994b63.exe,7921272,35.46,3.775,0,0,0
ember_7ff99f50d107.exe,799255,14.33,1.095,0,0,0
ember_1fc055792c2d.exe,627878,14.53,1.088,0,0,0
ember_affdc4ffabef.exe,1268562,1.38,4.39,8,0,0
ember_c52c330a1e9f.exe,870848,2.02,5.054,84,0,0
ember_c8a93847fd4f.exe,5001028,0.67,5.286,204,1,0
ember_274c800cb874.exe,38912,56.13,3.88,0,0,0
ember_3207b1d474e4.exe,662256,15.42,4.727,272,1,0
ember_e53c5cf8642a.exe,5002267,0.66,5.557,154,0,0
ember_ca3a32ee2bcd.exe,1226752,12.99,4.723,1,0,0
ember_30b857ffba73.exe,137224,13.02,4.342,231,1,0
ember_268b5f1b7b7d.exe,637440,16.13,3.45,1,0,0
ember_1e40e47889d2.exe,17612,8.01,3.928,0,0,0
ember_401792d392a9.exe,10479746,0.5,5.593,154,0,0
ember_56ed4f70279b.exe,5003955,0.72,4.647,8,0,0
ember_0e13490cdc77.exe,10479023,2.09,4.503,122,2,0
ember_e1f4afe65784.exe,472456,10.07,4.431,279,1,0
ember_1d736e246867.exe,11783,54.7,3.805,0,0,0
ember_5d6edca82eb4.exe,899584,6.24,4.77,11,0,0
ember_1fb75847183b.exe,65024,29.12,3.588,1,0,0
ember_631304d2a11a.exe,751080,18.22,4.793,1,0,0
ember_6f1532a54d99.exe,743432,21.32,5.052,297,1,0
ember_861cf029f584.exe,248086,91.68,0.633,0,0,0
ember_8e047ede1dde.exe,427961,9.2,4.237,63,0,0
ember_f39d6ab1de76.exe,637992,9.46,5.513,195,1,0
ember_74a91d44146c.exe,125384,11.97,3.526,155,3,0
ember_3775f60e6adb.exe,66112,20.77,3.29,1,0,0
ember_0ac7ac5db2a6.exe,243200,25.73,3.599,1,0,0
ember_5d35a51609b8.exe,812495,14.1,1.099,0,0,0
ember_848fa27eac55.exe,1339392,8.71,3.016,106,0,0
ember_0df658bc8a3a.exe,7637504,19.9,4.441,682,2,0
ember_e3c1d54b213f.exe,239616,42.63,4.29,120,2,0
ember_32c9c84cfc60.exe,2720,27.46,5.193,0,0,0
ember_35fe5adae8d1.exe,271360,15.67,4.881,320,2,0
ember_e82381603927.exe,5001038,0.46,4.701,70,0,0
ember_c53fb6422b5b.exe,950784,16.0,4.452,1,0,0
ember_12930e773e52.exe,2049620,25.22,5.564,232,1,0
ember_93a9946e8643.exe,30208,31.5,3.39,1,0,0
ember_5f26dafe29ac.exe,1345320,19.2,4.443,125,2,0
ember_79098c028a9f.exe,5220908,2.54,4.722,333,2,0
ember_3c704e68b199.exe,81280,18.67,5.21,132,1,0
ember_40a6820520c6.exe,9216,36.59,2.397,1,0,0
ember_ff3bf5e657ed.exe,319488,25.48,3.596,1,0,0
ember_2a93d9bf8e95.exe,26624,28.69,3.089,1,0,0
ember_67f5edac1923.exe,401720,19.29,4.247,83,0,0
ember_9dce5e92a681.exe,2018391,1.28,7.17,13,0,0
ember_88a33795274e.exe,168960,33.83,3.357,1,0,0
ember_099f01ff783c.exe,1348160,23.46,5.243,308,2,0
ember_e5427b5debff.exe,125440,13.52,4.173,52,0,0
ember_af43e29c1548.exe,662176,12.46,5.655,117,1,0
ember_600687c1eba5.exe,833778,13.74,1.104,0,0,0
ember_a24d8c2d371b.exe,409851,1.01,3.962,0,0,0
ember_0d5284cad1a6.exe,1557386,4.44,5.898,16,1,0
ember_16e7bc520579.exe,2116096,27.33,3.727,1,0,0
ember_90715d4c7515.exe,637992,9.46,5.513,195,1,0
ember_c4bd899213ac.exe,328116,69.72,4.281,157,0,0
ember_07b1f63ea759.exe,2686976,24.34,5.384,1122,1,0
ember_84e4048c8961.exe,10485350,0.66,3.827,130,1,0
ember_4696914cc151.exe,2304616,17.22,4.851,31,0,0
ember_37b6bd9d20de.exe,637992,9.46,5.513,195,1,0
ember_629d39c4405d.exe,862064,4.45,5.948,117,1,0
ember_26a501984fc4.exe,258048,28.7,3.61,1,0,0
ember_133fd4d130b0.exe,1091584,25.76,3.063,1,0,0
ember_6f785c1edc30.exe,832512,2.17,6.184,1,0,0
ember_3114bbd4093a.exe,156160,12.27,6.023,36,0,0
ember_e8d811e6acc2.exe,56320,21.24,3.617,1,0,0
ember_6c130dd5b087.exe,1442325,16.79,4.799,210,2,0
ember_00183d1ab415.exe,376832,16.08,4.2,463,0,0
ember_0db073e31f59.exe,903976,38.6,5.413,165,0,0
ember_514fa24d583d.exe,31232,32.86,3.486,252,0,0
ember_61f935d96792.exe,637992,9.46,5.513,195,1,0
ember_4eb837346267.exe,9728,62.61,2.235,0,0,0
ember_b23f2bced1e1.exe,555520,23.37,5.243,166,1,0
ember_ef8952c83aa7.exe,65536,10.37,1.599,0,0,0
ember_0eee2c929cda.exe,2489856,16.35,4.749,659,2,0
ember_e02c840f9860.exe,1468947,9.61,1.305,0,0,0
ember_35475aff7009.exe,413696,8.32,4.538,155,0,0
ember_e0ef0909993b.exe,1253888,12.68,5.557,452,1,0
ember_b21a6a00ce3f.exe,63494,18.27,5.217,80,0,0
ember_6f461f65e8d2.exe,800000,90.94,1.223,0,0,0
ember_c908f0a56e50.exe,15040,15.37,4.618,0,0,0
ember_742ad095ec2f.exe,5002765,0.89,3.967,0,0,0
ember_5b00aee0a875.exe,182688,13.33,5.636,126,0,0
ember_d67ae4c025da.exe,86016,13.83,7.129,0,0,0
ember_878002e52767.exe,712704,19.52,4.329,184,0,0
ember_4fea338cdad1.exe,930280,9.38,4.985,410,1,0
ember_888c1448542e.exe,14920,25.49,3.45,1,0,0
ember_ea31abf4aa37.exe,5000586,0.84,4.528,171,0,0
ember_fa4e13cb1d1f.exe,90112,50.8,3.056,97,0,0
ember_8ca67086f179.exe,6144,49.71,3.325,1,0,0
ember_799be9071bab.exe,5000967,2.42,4.788,90,1,0
ember_69afff232d14.exe,12472944,2.88,4.876,0,0,0
ember_8593f612e49d.exe,175944,14.16,1.24,0,0,0
ember_b84de1e7da96.exe,2560,68.87,3.033,1,0,0
ember_b6fdb8af91b1.exe,30720,16.08,4.377,1,0,0
ember_41a1dfc19db2.exe,211968,12.84,5.329,225,0,0
ember_502954bdae2e.exe,462696,35.43,4.389,128,1,0
ember_62448376530a.exe,104960,19.69,4.326,1,0,0
ember_525bfe1f26f6.exe,290959,1.09,3.961,0,0,0
ember_b870105a0e6b.exe,4384768,15.62,4.455,264,2,0
ember_53b98ee5b0e7.exe,131584,18.82,3.978,1,0,0
ember_f29776cf7a64.exe,10481506,0.5,5.751,158,0,0
ember_b29ec671a82d.exe,1849223,16.53,5.648,502,3,0
ember_4f9324694910.exe,62160,21.16,4.28,78,1,0
ember_a5417b29fa56.exe,270336,5.8,4.369,101,1,0
ember_7406f7bcba1d.exe,42680,21.59,4.215,29,1,0
ember_e8cfb4b32af4.exe,8192,39.76,3.492,1,0,0
ember_287ee2a39dc7.exe,82352,24.12,4.981,118,1,0
ember_0ae50991f44a.exe,156344,14.19,5.782,150,0,0
ember_01447f8b6c43.exe,9216,42.0,3.089,1,0,0
ember_595c7a8dfbaa.exe,813128,16.76,5.353,971,1,0
ember_cd2feae0760e.exe,88044,16.61,4.372,167,0,0
ember_69061c14a24f.exe,828625,13.83,1.102,0,0,0
ember_0d15d8e4fa71.exe,133632,22.05,4.642,1,0,0
ember_b66b73f8cd0e.exe,3047517,12.22,5.183,444,2,0
ember_180f551d4378.exe,866584,16.44,4.683,237,1,0
ember_e2b8c4d1367f.exe,3096957,1.58,5.867,38,1,0
ember_f350680b52d2.exe,8192,18.18,1.112,0,0,0
ember_e6be8032ae37.exe,55296,29.52,3.975,111,0,0
ember_583b80f62187.exe,1853886,1.56,4.555,167,0,0
ember_801a8322b8ec.exe,57344,53.38,3.879,1,0,0
ember_d6c806a8f428.exe,39948362,0.48,4.629,22,0,0
ember_053b821f6ad0.exe,1547776,29.3,4.651,523,2,0
ember_a6ac81e12433.exe,5002520,1.13,4.865,22,0,0
ember_abfc3180993f.exe,486912,12.45,4.507,1,0,0
ember_0c1cd113200a.exe,3018752,9.41,4.632,463,1,0
ember_7772b5be295f.exe,146944,8.68,4.555,1,0,0
ember_bbad9e4450d9.exe,637992,9.46,5.513,195,1,0
ember_4ea3720b9ee9.exe,2811392,32.51,3.394,1,0,0
ember_c466094a38e2.exe,66732,29.62,4.428,126,0,0
ember_a89d07f431f1.exe,293888,16.0,5.394,255,1,0
ember_d7b427e0396a.exe,161792,18.86,5.487,317,0,0
ember_56d209064f07.exe,11072,22.71,3.281,1,0,0
ember_a2320ec141fa.exe,9699328,15.57,5.947,0,0,0
ember_2f366ba7ff6d.exe,291731,8.8,5.295,79,2,0
ember_2e0a1b508dd8.exe,1511424,10.91,6.314,290,1,0
ember_0918bf501398.exe,10752,50.23,3.011,1,0,0
ember_03cc9d85e33f.exe,109104,19.99,4.05,102,0,0
ember_bb923da62154.exe,816372,14.03,1.1,0,0,0
ember_af1a0665d045.exe,926208,29.57,3.49,1,0,0
ember_ae8417285175.exe,35328,27.51,4.49,23,0,0
ember_a9232c35e12f.exe,10485379,0.57,4.875,165,0,0
ember_c0c05ccdc084.exe,10135984,0.91,5.636,263,2,0
ember_a1d7677e6ebf.exe,661596,13.79,1.101,0,0,0
ember_31f47cf7bfd4.exe,294912,22.42,4.627,1,0,0
ember_027a7a99c32f.exe,6144,50.62,3.369,1,0,0
ember_9f55b90aaaef.exe,5003515,0.78,5.318,154,0,0
ember_91f2dda84c1a.exe,1130496,16.09,4.003,1,0,0
ember_4eb3da1a371d.exe,1951969,13.83,5.87,382,2,0
ember_a3fcb6ea37a1.exe,89784,14.12,4.981,105,1,0
ember_12d582c0320d.exe,10752,50.23,3.01,1,0,0
ember_7973370b1dd4.exe,483328,87.11,0.53,0,0,0
ember_c5c796e73fd5.exe,5001700,1.35,4.771,59,1,0
ember_147218f0ef45.exe,2961,32.22,1.162,0,0,0
ember_91056af42139.exe,14848,34.23,3.639,1,0,0
ember_32a85ceb2515.exe,89600,21.77,4.043,142,1,0
ember_e77b492d837d.exe,158288,17.73,4.784,93,2,0
ember_7b706dd9a375.exe,600274,12.84,1.62,0,0,0
ember_c23a4385f782.exe,5000563,0.69,4.619,167,0,0
ember_f8c257c5f90b.exe,624207,14.61,1.086,0,0,0
ember_19a47b0705ad.exe,30720,14.45,4.037,2,0,0
ember_424c826da691.exe,210432,13.26,5.213,96,0,0
ember_dfca6c1bc4ea.exe,5001232,0.58,5.472,157,0,0
ember_9ecf8986cc85.exe,160256,26.11,3.592,1,0,0
ember_02d6c6b35502.exe,39424,14.57,3.577,1,0,0
ember_2802bb523614.exe,747008,21.99,3.756,1,0,0
ember_4c0c0c6ec1d2.exe,15072,25.25,3.517,1,0,0
ember_941d461443a8.exe,71256,48.83,4.172,112,0,0
ember_61b90e573b3e.exe,288768,16.59,5.086,1,0,0
ember_bb3deded9e5c.exe,284924,3.94,4.426,78,0,0
ember_38a01a5d2ec1.exe,239488,15.5,5.862,117,1,0
ember_d57419cf3d9a.exe,218624,32.68,3.528,1,0,0
ember_1195a7fc3796.exe,798471,14.35,1.095,0,0,0
ember_321a51f7d53e.exe,637992,9.46,5.513,195,1,0
ember_8ba5e8488559.exe,5000152,2.36,5.784,334,2,0
ember_56b3e8bc172c.exe,71680,3.91,5.784,4,0,0
ember_809a44c7ba8b.exe,98472,18.59,4.017,67,1,0
ember_af5969551fb8.exe,566272,49.49,2.353,1,0,0
ember_2b5d8a05fde8.exe,6144,56.32,3.894,0,0,0
ember_e740be8169ca.exe,14848,33.59,3.231,1,0,0
ember_4ce2ae275b1c.exe,342724,1.54,4.792,57,0,0
ember_5413122eb84c.exe,1326080,18.15,4.281,450,1,0
ember_8eb8a2fcef4f.exe,169528,10.65,4.916,154,0,0
ember_1553951ff6e2.exe,18496,12.47,5.707,0,0,0
ember_1b8410052984.exe,801656,4.81,5.948,117,1,0
ember_d59e67f2e046.exe,5001560,0.82,5.023,8,0,0
ember_2b70c79523db.exe,802948,14.27,1.096,0,0,0
ember_ca1715868bc3.exe,991744,27.99,3.691,1,0,0
ember_7ed929fd37cb.exe,2482176,9.89,1.831,0,0,0
ember_44ebfcb93e76.exe,5002666,1.11,7.041,7,0,0
ember_67da5e00a701.exe,80896,18.37,4.375,1,0,0
ember_736b707e088f.exe,9728,44.62,4.611,36,0,0
ember_ad2a42a931de.exe,3130648,14.58,4.78,69,1,0
ember_41a1a031c59f.exe,840479,13.63,1.104,0,0,0
ember_c0bbf2f5da87.exe,71168,19.73,4.057,242,1,0
ember_69e1d0cec71b.exe,1162580,11.6,5.82,441,4,0
ember_e4667b4de275.exe,826940,13.85,1.103,0,0,0
ember_c193256da8ad.exe,140800,26.67,3.5,1,0,0
ember_6422211061a7.exe,1314816,1.68,6.274,133,0,0
ember_de425a2fcb9c.exe,294912,53.01,3.504,2,0,0
ember_bd76da4decc9.exe,19968,16.73,1.567,0,0,0
ember_50ebcebcc974.exe,2899968,24.94,4.659,1,0,0
ember_04ef7cf4f92e.exe,4096,39.6,0.629,0,0,0
ember_c8490ca3eaee.exe,1134592,5.42,4.763,131,0,0
ember_7d4bb9c53cc0.exe,569856,49.34,2.371,1,0,0
ember_0533b4e5aace.exe,5000862,0.74,5.018,164,0,0
ember_34c99d4c65e5.exe,356352,20.58,3.042,186,1,0
ember_151749575eae.exe,31360,27.83,3.403,1,0,0
ember_cd0477f72d7c.exe,835704,95.35,4.707,92,0,0
ember_64d7251b555c.exe,825499,13.88,1.101,0,0,0
ember_89771ef6847d.exe,799599,14.33,1.095,0,0,0
ember_967e406aa9d0.exe,28608,27.35,3.786,0,0,0
ember_111f7051d7ba.exe,19456,50.53,3.95,29,1,0
ember_16d6bdd97596.exe,133064,14.2,4.838,79,1,0
ember_f08883a7359d.exe,2178560,19.22,3.766,1,0,0
ember_9d61baa803b2.exe,10485760,0.66,3.827,130,1,0
ember_bc9e36168e14.exe,5000087,1.72,4.804,154,0,0
ember_049c24087701.exe,5001572,0.64,5.557,154,0,0
ember_bb988838b266.exe,49152,10.49,1.325,0,0,0
ember_1448265a97ed.exe,948568,2.61,4.715,154,0,0
ember_4f6646e3709d.exe,1787904,21.49,5.929,242,1,0
ember_a8dfa559d3d4.exe,1800704,16.19,4.908,1,0,0
ember_4e8cbe6c8c87.exe,804067,14.25,1.096,0,0,0
ember_7701d31c9114.exe,21780992,14.91,5.748,0,0,0
ember_e9e70361e5be.exe,1497653,1.63,4.898,155,0,0
ember_59f683de7c26.exe,423928,28.59,4.703,94,0,0
ember_543da082fb84.exe,590032,27.65,5.153,904,2,0
ember_d5a128d37d15.exe,1130840,68.82,3.437,98,1,0
ember_65a4f1807e11.exe,5003632,0.89,4.716,164,0,0
ember_13bfab664467.exe,444416,19.84,5.425,124,0,0
ember_20d45afd6806.exe,3591556,0.61,5.392,152,0,0
ember_7d779dfe1805.exe,2216,38.94,1.587,0,0,0
ember_d333b00eb123.exe,178176,1.75,5.154,6,1,0
ember_c49a20830b30.exe,1244160,40.32,3.517,1,0,0
ember_001be96ccb86.exe,3125528,14.56,4.78,69,1,0
ember_ddc4bfbed0db.exe,1113088,0.77,7.869,2,1,0
ember_6f518c24a990.exe,1370112,15.56,4.733,1585,1,0
ember_0bab99299942.exe,8975787,0.53,4.412,8,0,0
ember_acafeaf00480.exe,14336,31.5,3.246,1,0,0
ember_f6a633504ead.exe,9216,54.43,3.915,0,0,0
ember_4cb8f3ee58a7.exe,146888,14.31,4.352,145,1,0
ember_d33a3b5f6c9e.exe,15872,27.07,2.508,1,0,0
ember_de0b0be4c744.exe,373760,22.7,5.22,0,0,0
ember_5b32a464460f.exe,659456,16.18,4.619,131,0,0
ember_94333a0e4cd8.exe,21538,12.94,1.108,0,0,0
ember_e44a1a1b4a3a.exe,3238679,0.78,4.941,154,0,0
ember_a6fcc319592e.exe,42496,16.07,4.71,31,0,0
ember_a1d2d6a6b932.exe,70952,18.82,4.758,72,2,0
ember_3ac2441d1f06.exe,2832384,10.08,5.672,1001,0,0
ember_bf627746b653.exe,27368,23.92,1.903,0,0,0
ember_fff444ec7411.exe,5242880,1.38,4.459,97,2,0
ember_e7af5831360f.exe,660480,35.58,4.46,245,1,0
ember_1788a69c89b5.exe,503208,5.13,7.081,0,0,0
ember_e6ad53e77789.exe,49152,44.77,3.449,1,0,0
ember_1b7717169d28.exe,723968,27.87,5.399,16,0,0
ember_a7656197926d.exe,27648,28.57,3.102,1,0,0
ember_f9ebbc1549e0.exe,462902,21.09,5.636,209,1,0
ember_e3c5ff056b5d.exe,408064,25.08,3.711,1,0,0
ember_083c6f79e684.exe,14166,36.42,1.425,0,0,0
ember_635b7350b727.exe,272384,18.02,5.572,224,1,0
ember_a6e7c50b1cad.exe,541848,13.16,5.496,282,1,0
ember_7af22f62ad01.exe,3281920,9.67,5.585,0,0,0
ember_b8707e894c1b.exe,202752,18.74,5.314,1,0,0
ember_3f0dc220a12c.exe,3584,58.48,3.063,1,0,0
ember_274a708919c9.exe,33280,17.16,4.362,1,0,0
ember_d367e3ad7505.exe,803159,14.27,1.096,0,0,0
ember_2c2987affd48.exe,154112,24.76,3.582,1,0,0
ember_e07f23783dd2.exe,10240,43.12,3.056,1,0,0
ember_df3a6cc42f39.exe,637992,9.46,5.513,195,1,0
ember_b04b8c8bd3e7.exe,5120,54.88,3.908,0,0,0
ember_271d9c714e11.exe,47588,16.1,5.439,154,0,0
ember_d0b7322fa9a7.exe,856064,87.21,2.939,0,0,0
ember_831456475428.exe,520192,28.46,4.223,7,0,0
ember_4c438ec2afd7.exe,7003840,16.84,5.643,355,2,0
ember_ad7ba886e649.exe,342206,1.55,4.792,57,0,0
ember_402928950473.exe,6144,45.61,3.064,1,0,0
ember_11441246f899.exe,1212928,70.73,2.651,260,1,0
ember_3de2cfdeb2bc.exe,817939,1.01,5.239,0,0,0
ember_8589d5717b46.exe,249856,32.65,3.999,1,0,0
ember_d5f307e8ce00.exe,4096,93.53,0.0,0,0,0
ember_a610d690eb6c.exe,1418792,4.58,5.462,195,1,0
ember_d4bc3d3c5473.exe,305927,15.42,5.707,135,1,0
ember_087faceeede9.exe,10485760,2.05,4.382,133,2,0
ember_2f540bb48061.exe,885760,20.37,4.608,203,2,0
ember_b5fd31c20e09.exe,807480,14.19,1.097,0,0,0
ember_65b353dd3b10.exe,12834304,20.92,4.396,1093,2,0
ember_67b6bf208c4a.exe,1397829,4.44,5.1,143,2,0
ember_eb01614f6cc8.exe,5033409,0.54,4.977,160,0,0
ember_a14d88d07814.exe,2507064,38.15,4.906,295,0,0
ember_fb6a9aebf893.exe,784384,5.96,4.486,1,0,0
ember_e949cf8b20d6.exe,1130840,94.57,0.965,0,0,0
ember_409a0fcb8f79.exe,438576,17.4,4.963,210,1,0
ember_5bfcdc29f2f5.exe,7768224,21.63,3.902,490,3,0
ember_be8759dce025.exe,656896,8.25,3.994,1,0,0
ember_dd7235d5137d.exe,185969,31.48,5.037,215,1,0
ember_7a8b81f7d5a2.exe,388367,24.13,4.172,109,1,0
ember_c62f955cd215.exe,810267,14.14,1.098,0,0,0
ember_ce257bace56c.exe,68728,39.35,4.617,38,1,0
ember_50a958fe8727.exe,2838016,54.99,3.394,1,0,0
ember_8877de4e750e.exe,5001448,0.59,5.636,154,0,0
ember_b42592e28dd2.exe,500736,26.77,3.707,1,0,0
ember_ce4abe85ed3a.exe,834535,13.73,1.103,0,0,0
ember_8c613269a4de.exe,208976,37.92,3.79,215,3,0
ember_887c45f87eb2.exe,61248,27.27,3.855,136,1,0
ember_ec6eb3fcf6b6.exe,3550592,13.9,4.802,236,2,0
ember_713fcfdb0b79.exe,807081,14.2,1.097,0,0,0
ember_0d5919f7ce5b.exe,14922992,0.46,4.573,8,0,0
ember_cdf8afbe4b48.exe,40960,7.9,6.57,1,0,0
ember_3526790a12a8.exe,78822,1.2,1.999,0,0,0
ember_e3e951496d80.exe,282624,26.9,4.815,182,0,0
ember_51005389f4e6.exe,415288,9.68,5.278,86,1,0
ember_e70218311bff.exe,188896,10.18,3.247,106,1,0
ember_a5f9c1bddaf4.exe,10481120,0.47,2.091,0,0,0
ember_0a6aa71657d7.exe,335872,1.69,4.656,70,0,0
ember_ec6e08ba2c05.exe,5000938,0.88,5.303,146,0,0
ember_6bada2884605.exe,637992,9.46,5.513,195,1,0
ember_837c4af8f4d3.exe,1963408,15.57,4.674,1003,1,0
ember_7912f356b1de.exe,637992,9.46,5.513,195,1,0
ember_083dbce04eab.exe,1592961,97.92,4.707,92,0,0
ember_c59b362ab958.exe,637992,9.46,5.513,195,1,0
ember_5ca0a481e119.exe,83584,19.91,4.851,134,1,0
ember_a6b9b9255f2b.exe,307200,19.49,5.789,173,2,0
ember_004dd49eccbd.exe,186880,14.93,5.464,209,1,0
ember_223eefd00616.exe,168960,33.83,3.356,1,0,0
ember_9c76da84dafa.exe,934453,95.84,4.707,92,0,0
ember_3e4569966adc.exe,2189824,14.15,4.539,1,0,0
ember_8e392726c71a.exe,830263,13.8,1.104,0,0,0
ember_beb1fca8bf29.exe,303376,15.97,4.264,133,1,0
ember_a8d80b7c3245.exe,171129,12.5,0.803,0,0,0
ember_09909db768db.exe,15360,30.38,3.58,1,0,0
ember_e65559d1b8ad.exe,1953280,20.56,4.737,1,0,0
ember_0538ea685126.exe,5000164,0.76,5.926,157,0,0
ember_12c71f8aa791.exe,7046272,0.92,4.355,122,2,0
ember_936b7363f0b7.exe,177149,2.51,2.652,0,0,0
ember_bf32328bbfcb.exe,14848,27.66,4.973,36,0,0
ember_85cb7f83ab51.exe,134144,12.98,5.075,1,0,0
ember_2816487145d7.exe,87552,37.1,4.752,115,1,0
ember_73a51fbc6b2d.exe,601768,15.22,5.628,230,1,0
ember_0b06dfad3e70.exe,68064,30.72,3.355,1,0,0
ember_e143904a46c6.exe,1728335,5.54,5.255,134,1,0
ember_e5aa4159adcd.exe,5000317,1.17,7.09,7,0,0
ember_b0219add4500.exe,3282432,28.88,4.948,462,1,0
ember_e0f4877357f9.exe,798860,14.34,1.095,0,0,0
ember_0dd62b2574bc.exe,331504,43.39,3.619,0,0,0
ember_d1fdac5539f9.exe,152848,14.25,5.008,178,0,0
ember_ac3dd9ae414a.exe,3072,59.05,3.581,0,0,0
ember_b5e582e1544f.exe,806364,14.21,1.097,0,0,0
ember_b0a998496ad3.exe,17216,25.81,3.425,1,0,0
ember_c4c0868c1a6b.exe,1253376,24.77,3.279,69,0,0
ember_c48e254f52c2.exe,493384,4.71,5.934,153,0,0
ember_690b03e951ea.exe,937984,26.76,3.675,1,0,0
ember_11d7ac575d4e.exe,28160,31.53,4.983,87,1,0
ember_13a0d0e6f965.exe,32128,9.95,4.07,0,0,0
ember_ff9c94309b83.exe,83000,16.75,5.06,133,1,0
ember_7c6549fb45fe.exe,411320,14.91,4.229,49,1,0
ember_394b5d78c6d5.exe,801189,14.3,1.095,0,0,0
ember_4dbc111aab93.exe,5000965,0.82,5.322,158,0,0
ember_26f1d5ee8792.exe,593920,11.69,2.089,0,0,0
ember_b09bf9d05ac9.exe,177664,30.47,3.087,1,0,0
ember_8bd609dd6d8f.exe,16869376,9.84,5.161,470,2,0
ember_ad54959e155d.exe,18208,6.88,3.152,0,0,0
ember_bbe7bc97e257.exe,10752,40.85,3.344,1,0,0
ember_61d7268783e7.exe,16108,18.1,1.297,0,0,0
ember_4f4cb7b82437.exe,801420,14.3,1.096,0,0,0
ember_67f59e44a5f1.exe,655360,17.62,5.605,138,2,0
ember_586f9caecdf4.exe,2167578,1.77,4.248,37,0,0
ember_40d4b5075678.exe,14912,15.37,4.394,0,0,0
ember_05c55a9af4c8.exe,567808,22.3,4.0,2341,1,0
ember_9d223a82e6b9.exe,18816,8.36,2.394,0,0,0
ember_ac9a58c31cfc.exe,442791,10.01,7.04,14,0,0
ember_f719921968d6.exe,48128,21.85,3.37,68,1,0
ember_c94bd810151e.exe,10530632,17.54,5.791,162,2,0
ember_dff8635299fc.exe,753765,2.03,4.401,8,0,0
ember_e141af9ef065.exe,798724,14.34,1.095,0,0,0
ember_6f8ea6d2b6e7.exe,543744,0.76,6.925,26,0,0
ember_8809c476e24b.exe,34816,36.17,3.329,1,0,0
ember_e610b4eb8cd1.exe,2808832,58.17,3.052,407,1,0
ember_9a2f4f154328.exe,57856,30.07,3.484,1,0,0
ember_e37fa1ea6287.exe,2802688,27.1,4.773,32,1,0
ember_64de96c6161f.exe,81408,9.48,4.593,1,0,0
ember_7b43835f42d7.exe,1607899,4.33,5.782,16,1,0
ember_5027b0583cc6.exe,1015808,48.91,4.457,0,0,0
ember_38ef6caf4f6c.exe,227328,25.43,4.628,188,1,0
ember_05cddf4f6ee6.exe,65085,18.77,5.583,154,0,0
ember_afae51d96a6b.exe,5001284,0.75,5.181,165,0,0
ember_c8cb1bd9ae90.exe,1992192,11.01,4.577,18,0,0
ember_11db62d14186.exe,1025165,16.85,4.332,353,1,0
ember_93f9e7e325dd.exe,4608,57.12,3.4,1,0,0
ember_4ffd0c77559b.exe,1961984,16.9,3.363,237,1,0
ember_d9e3754ef534.exe,936632,0.65,6.998,0,0,0
ember_4bd3e41fa8d2.exe,95360,11.49,4.565,1,0,0
ember_194cb24d294d.exe,121344,30.3,3.433,1,0,0
ember_6c1bb7a69d8c.exe,454656,19.34,5.062,1834,0,0
ember_c25db855ca08.exe,8704,40.75,3.295,1,0,0
ember_113f339cc82f.exe,5001009,1.01,3.811,130,1,0
ember_5d3e4ea83029.exe,72192,26.65,3.728,1,0,0
ember_9f7e52f0d047.exe,66921,31.02,1.708,0,0,0
ember_1078df45ddac.exe,1816800,1.41,6.259,125,0,0
ember_98c19a16c7d0.exe,486912,7.98,3.585,1,0,0
ember_ea03dc4a1c5a.exe,318464,22.43,3.733,1,0,0
ember_f335178f142b.exe,970240,1.85,4.454,1,0,0
ember_b995eea5f81c.exe,5003130,0.75,5.018,164,0,0
ember_081ed0dc381f.exe,109960,23.45,5.614,167,1,0
ember_c92d76a0ae75.exe,23249023,1.64,5.236,535,2,0
ember_94874dfcca41.exe,24576,44.51,3.659,0,0,0
ember_7bfd42d8c2c0.exe,24064,31.28,4.78,63,1,0
ember_45a12d449fa6.exe,834344,13.73,1.104,0,0,0
ember_ad7c48a8aa37.exe,171344,9.68,4.272,291,1,0
ember_8dac0b97f483.exe,144000,18.83,4.803,91,1,0
ember_8f45783b043f.exe,320912,24.28,4.847,142,1,0
ember_8a839b17eb9d.exe,5002240,7.3,5.795,390,4,0
ember_395e3460860b.exe,3117056,1.0,4.515,104,1,0
ember_97cf72514158.exe,5000504,0.54,7.635,2,0,0
ember_aa67d0040a5e.exe,950272,20.27,5.385,219,1,0
ember_c1bb76a0e0ec.exe,1483730,14.76,4.657,408,2,0
ember_92403388ee46.exe,1573376,1.56,6.26,125,0,0
ember_0db3434bbfbc.exe,252352,19.79,4.835,83,1,0
ember_ca18a90d64c8.exe,5002801,0.71,5.441,165,0,0
ember_11998298450e.exe,1105920,21.94,3.431,184,0,0
ember_d74d7412e7df.exe,215776,24.04,3.716,1,0,0
ember_2d98d913077e.exe,33195,10.29,1.098,0,0,0
ember_b8e41d57ffa5.exe,804489,14.24,1.097,0,0,0
ember_3fb11e230002.exe,2451344,23.49,5.085,1128,0,0
ember_41cf3a02b4ba.exe,45568,31.39,3.585,132,0,0
ember_a03a9b71a569.exe,4055,92.73,0.0,0,0,0
ember_f6c63bca52f3.exe,3072,64.81,3.172,1,0,0
ember_802da1727b52.exe,1441792,4.19,4.799,22,0,0
ember_f051e55e846a.exe,2233290,3.62,5.972,22,1,0
ember_409b7bf3723d.exe,83968,8.39,4.635,1,0,0
ember_b540ee78917f.exe,2171800,18.61,4.857,409,2,0
ember_db49bd7c7d5b.exe,1321984,15.57,4.831,1,0,0
ember_616089462b12.exe,317464,48.93,3.595,0,0,0
ember_9d9483541fe6.exe,846272,1.57,4.923,84,0,0
ember_6d067135dbdb.exe,1829376,22.93,5.512,252,0,0
ember_ca68e7dece6e.exe,29700,32.0,5.054,54,1,0
ember_2e9b1dccd8f6.exe,22360,26.52,3.772,1,0,0
ember_154bef0fbddb.exe,1488384,1.26,5.914,71,2,0
ember_2c9d8642041c.exe,222008,16.56,5.288,76,1,0
ember_afaa32e61bd9.exe,1430425,16.93,4.799,210,2,0
ember_858332901d93.exe,5002330,0.78,4.626,161,0,0
ember_63067c83e949.exe,443904,19.91,5.429,123,0,0
ember_6a69fe38203c.exe,266240,11.43,4.818,138,1,0
ember_2d4df1c00f1f.exe,692224,13.3,5.153,84,0,0
ember_79cbc72e7c5e.exe,290544,12.83,3.811,0,0,0
ember_9bedb6f18a17.exe,2478872,13.5,5.333,513,2,0
ember_9a7e8482427b.exe,2875039,1.93,4.856,122,2,0
ember_0f3eb098bfa0.exe,2072064,27.29,3.733,1,0,0
ember_1c9cc8fcf9c5.exe,3044136,15.38,3.9,1742,0,0
ember_e5e2b1c5ae26.exe,425984,2.97,5.708,155,0,0
ember_1e1cd8ad5280.exe,383736,21.1,4.09,248,1,0
ember_04ba2f781ae6.exe,21504,44.0,2.955,41,1,0
ember_9fba14fe534b.exe,10240,37.95,5.137,50,1,0
ember_6fe64daa0999.exe,143360,38.79,3.175,94,0,0
ember_e1f8f4b82354.exe,397824,28.23,3.556,1,0,0
ember_05cde6ce2e83.exe,10482225,0.9,5.589,173,2,0
ember_4a5df2bfdab7.exe,1689600,29.09,3.513,1,0,0
ember_db2acfa2cecf.exe,1131008,0.25,0.0,0,0,0
ember_0e6a910bc53b.exe,781312,14.85,4.979,17,0,0
ember_be2e5eaa4f28.exe,3068528,17.18,4.195,148,1,0
ember_80aa187a9715.exe,5002983,0.88,4.423,8,0,0
ember_f64909857d95.exe,1024,78.91,0.0,0,0,0
ember_962573f67fe6.exe,18432,28.12,4.331,67,1,0
ember_2155e3ce441e.exe,428304,11.61,5.059,166,1,0
ember_8e0ac788ac75.exe,14336,52.48,3.63,0,0,0
ember_c173a8316c41.exe,806734,14.2,1.097,0,0,0
ember_6d67889437ac.exe,317680,12.45,5.36,86,1,0
ember_74efe97e8200.exe,3072,43.85,1.731,0,0,0
ember_e3458145c008.exe,1079296,25.38,3.746,1,0,0
ember_2031f2dd3f56.exe,5002683,0.92,4.606,113,1,0
ember_45820fc8cb30.exe,159024,21.37,4.211,136,0,0
ember_85a207b57c71.exe,147456,2.46,7.105,50,0,0
ember_c5fb8f9a3246.exe,77824,18.94,4.71,1,0,0
ember_1b9398bac1d0.exe,1393152,22.8,5.27,288,0,0
ember_be8f5eb67ef0.exe,621620,18.63,3.955,367,1,0
ember_bf2bfd52cb1f.exe,633624,19.2,4.257,148,1,0
ember_937d4ef1e5ec.exe,36544,23.57,3.567,1,0,0
ember_1a7f971c54f7.exe,5632,46.36,3.377,1,0,0
ember_205913268c57.exe,213488,3.96,5.232,15,0,0
ember_615c5468c90b.exe,380928,9.59,4.357,120,2,0
ember_10d543bfc782.exe,733224,8.62,5.765,195,1,0
ember_ac5f2242f9d4.exe,165264,1.64,5.64,0,0,0
ember_01e9a1a91bba.exe,488315,11.05,1.254,0,0,0
ember_a5e621a74a79.exe,810074,14.14,1.098,0,0,0
ember_dbe00a152c8d.exe,122880,27.03,4.542,147,0,0
ember_11ec5a0870ff.exe,7168,48.13,3.187,1,0,0
ember_0806b482915c.exe,267883,10.7,5.238,161,2,0
ember_f118b4cbcc2b.exe,637992,9.46,5.513,195,1,0
ember_6d7ba7aa7582.exe,1201936,23.5,4.197,285,1,0
ember_e8dae30f0616.exe,24184,15.32,3.57,1,0,0
ember_807f860b7d9f.exe,4675272,14.56,5.371,593,2,0
ember_916283cb8e3e.exe,23095,33.67,1.455,0,0,0
ember_0c55fe1e5563.exe,637992,9.46,5.513,195,1,0
ember_93dcc75a522c.exe,618008,10.95,6.074,1130,1,0
ember_e69b48ffc812.exe,2570240,31.23,4.767,21,0,0
ember_bc53a2e190ca.exe,40960,52.79,3.91,70,0,0
ember_2175ba960851.exe,1952064,47.6,4.867,169,1,0
ember_6d61c4c9bc60.exe,1345328,37.23,3.97,235,1,0
ember_7e4f8f0dbc95.exe,5024432,27.61,3.585,148,0,0
ember_451d63b770a2.exe,47104,33.73,4.23,0,0,0
ember_5462b4e3ca76.exe,637992,9.46,5.513,195,1,0
ember_b8d7eaa07ae2.exe,5003551,0.6,5.177,167,0,0
ember_dd9de80aece3.exe,1237442,6.29,5.115,62,0,0
ember_f8bf7f192605.exe,1415462,12.84,5.401,22,0,0
ember_0672706a0e20.exe,1896448,0.42,4.554,1,0,0
ember_cd7425d58c06.exe,933888,8.81,6.478,0,0,0
ember_1e3430d3e682.exe,233928,16.07,5.392,92,3,0
ember_083b737563b2.exe,268288,26.37,5.206,0,0,0
ember_31b346b4e4d0.exe,11264,40.1,4.715,21,0,0
ember_073b5045106c.exe,808458,14.17,1.097,0,0,0
ember_2bca83ff38bb.exe,942080,24.3,4.114,133,0,0
ember_37dcbbf23f46.exe,41984,78.12,1.123,0,0,0
ember_41993280fe90.exe,810075,14.14,1.098,0,0,0
ember_04095838cb76.exe,2351632,19.73,5.424,513,0,0
ember_b56ae7d00cc2.exe,2112553,0.58,7.058,8,0,0
ember_d95fc7970402.exe,738864,1.52,6.928,2,0,0
ember_0a0815bcc468.exe,5280,29.75,2.424,0,0,0
ember_9266a7bbdf73.exe,108112,20.18,4.098,114,1,0
ember_868ea0c83781.exe,22830024,12.64,5.42,443,2,0
ember_e26532d069ef.exe,5000937,0.74,4.626,161,0,0
ember_f6b3e6d6d934.exe,502669,3.59,4.032,53,1,0
ember_f64fec6bd594.exe,4096,93.53,0.0,0,0,0
ember_f43c807668d4.exe,1882612,1.76,4.46,79,2,0
ember_405db8527e49.exe,16557440,0.81,4.63,122,2,0
ember_a14f13f05403.exe,184320,13.43,2.997,2,0,0
ember_77a55d4ef5ef.exe,2699264,77.76,0.257,0,0,0
ember_34e714fa785f.exe,1427536,11.22,3.783,160,1,0
ember_c1642e0f26db.exe,5003725,3.85,4.696,140,1,0
ember_12282d5d7efd.exe,2048,63.96,1.295,0,0,0
ember_0d479135a207.exe,352256,30.59,4.886,95,1,0
ember_335212b54814.exe,524288,33.89,5.899,0,0,0
ember_61f21adad752.exe,651928,39.43,5.364,165,0,0
ember_2302dca1c415.exe,571904,14.19,4.812,1,0,0
ember_78e17274cc92.exe,5000233,1.1,4.421,135,2,0
ember_060e1972762e.exe,5002136,0.68,4.7,167,0,0
ember_8d5c3c892e2a.exe,5112480,16.41,4.901,642,2,0
ember_0ef99d31cbc2.exe,822107,13.94,1.101,0,0,0
ember_4836dd678ec4.exe,675200,25.64,4.027,122,1,0
ember_20c0f564fac0.exe,86016,50.28,3.078,58,0,0
ember_2bebe0094de2.exe,820560,11.13,5.893,159,2,0
ember_b091c7d418d0.exe,405872,16.19,4.933,81,1,0
ember_3b570f3626d5.exe,7484579,0.65,5.861,38,1,0
ember_3f0215c7a2af.exe,1302232,14.68,4.536,156,2,0
ember_692d8089e969.exe,1368576,13.86,4.603,78,1,0
ember_5a5002ad6de4.exe,39831,2.26,3.998,0,0,0
ember_7b4db07a1741.exe,97280,19.46,4.784,70,0,0
ember_598fac90edc6.exe,630784,32.34,1.879,0,0,0
ember_5a87b31c93ce.exe,305296,35.1,5.166,73,1,0
ember_1d79af7f4175.exe,175616,13.91,4.188,1,0,0
ember_47194df892e0.exe,5001870,1.31,5.65,254,1,0
ember_20196084f77d.exe,1816648,22.31,5.067,452,2,0
ember_91cf885ec0e3.exe,621620,18.63,3.955,367,1,0
ember_65b2742cb280.exe,22288712,0.67,4.376,232,2,0
ember_385a23c03918.exe,137968,25.87,4.727,0,0,0
ember_de414607ff75.exe,1302528,14.08,5.544,333,0,0
ember_325d0dd31813.exe,1406080,1.86,5.764,109,2,0
ember_3a534e1b8764.exe,1921184,11.71,5.256,86,1,0
ember_72f687370c0b.exe,49152,59.72,4.118,0,0,0
ember_f80f6f462cee.exe,27648,36.49,3.809,1,0,0
ember_236866639fcf.exe,59912,20.81,4.072,224,1,0
ember_62f819c83333.exe,1810080,9.99,5.166,0,0,0
ember_e4bf578d4154.exe,821063,13.95,1.101,0,0,0
ember_101df8ef8012.exe,34816,33.35,3.712,1,0,0
ember_0cd4f74510ad.exe,102912,12.83,3.958,1,0,0
ember_d38dc6a993ea.exe,100456,21.74,3.576,100,1,0
ember_60ab49d0dc14.exe,12800,36.81,3.328,1,0,0
ember_daf2b9311f35.exe,1093632,17.07,5.534,185,0,0
ember_28fcbbaff09a.exe,643395,14.18,1.095,0,0,0
ember_85d1f4571b7f.exe,803791,14.25,1.096,0,0,0
ember_c3a2cc192e55.exe,507392,39.33,3.221,1,0,0
ember_209dc34a67b1.exe,5440,32.26,2.42,0,0,0
ember_333157dff520.exe,277160,10.57,5.423,183,1,0
ember_1d1eeb4b92aa.exe,27984,25.89,4.001,95,1,0
ember_4d0f9ae19146.exe,119026,6.61,2.983,0,0,0
ember_010b12e79699.exe,810210,14.14,1.098,0,0,0
ember_780d26611df3.exe,10483898,0.63,5.013,164,0,0
ember_ce4b2ed6b496.exe,11264,40.47,3.292,1,0,0
ember_fd57487cbc42.exe,14336,45.05,3.429,44,0,0
ember_bc0774dcbcc0.exe,968772,1.82,5.293,57,0,0
ember_44268651da68.exe,999424,1.7,4.568,167,0,0
ember_5a256d6c613b.exe,802079,14.28,1.096,0,0,0
ember_bbea696b5769.exe,6176256,13.96,4.619,558,2,0
ember_5eb4e2126b46.exe,1155184,17.57,5.213,524,2,0
ember_647d12ee774b.exe,5000951,5.98,4.349,59,1,0
ember_212a2643e5be.exe,1024,71.78,0.0,0,0,0
ember_2ef955d4a4b1.exe,6400,19.16,5.589,0,0,0
ember_a1336b125374.exe,926720,14.91,5.808,2108,0,0
ember_a01a56a1f63d.exe,276992,34.65,4.908,73,1,0
ember_cdfd16551721.exe,1109504,16.08,4.393,278,2,0
ember_b50925dff183.exe,564920,13.88,3.547,1,0,0
ember_7b8ac99ac1bd.exe,10596312,36.61,3.906,963,1,0
ember_13eb315ece0a.exe,1083904,5.93,4.995,1,0,0
ember_5728de9fe26f.exe,5004080,1.1,4.357,120,2,0
ember_575a3f5d7aa1.exe,8602304,0.33,5.627,0,0,0
ember_d958ac9a757d.exe,40960,62.92,3.934,40,1,0
ember_0a626a6e8961.exe,562688,28.4,4.908,87,1,0
ember_42f9f8dcc020.exe,144048,18.05,4.728,29,0,0
ember_bbc1fead8fe8.exe,242079,9.71,5.04,161,0,0
ember_9a2be8d8cf23.exe,424960,17.35,5.381,155,2,0
ember_60144e98902a.exe,14554696,17.16,5.224,895,2,0
ember_b12af58e4284.exe,840632,13.63,1.104,0,0,0
ember_18570bd19851.exe,5003432,5.77,4.887,236,1,0
ember_03feb4878f88.exe,10485186,0.51,5.751,158,0,0
ember_c7853e07ab48.exe,5003820,0.83,5.07,170,0,0
ember_69915686905c.exe,115200,24.89,3.78,1,0,0
ember_8e12b3ac481c.exe,459776,22.11,4.364,192,2,0
ember_ee81bc2d2de8.exe,111104,59.72,3.126,68,0,0
ember_7afa366d0730.exe,1359360,5.78,7.263,9,0,0
ember_e9b61acaaac7.exe,103992,24.3,3.645,1,0,0
ember_4775c33ec6de.exe,10485622,0.51,5.593,154,0,0
ember_e6af32e48bbf.exe,937984,19.84,3.962,1,0,0
ember_868bc061768c.exe,637992,9.46,5.513,195,1,0
ember_9bdaf5455e48.exe,419840,2.78,5.802,10,0,0
ember_02f9efd048a7.exe,7680,38.55,3.356,1,0,0
ember_7a0b55751243.exe,1155185,17.57,5.213,524,2,0
ember_9e3993d02162.exe,228352,12.82,4.624,248,1,0
ember_0ff835cd7c8f.exe,637992,9.46,5.513,195,1,0
ember_ba924a42715f.exe,16352,19.03,5.138,0,0,0
ember_6db3bdcd2a34.exe,7168,53.12,3.147,1,0,0
ember_cf2aa24a47b9.exe,33280,17.25,4.363,1,0,0
ember_7357bff76b1d.exe,637992,9.46,5.513,195,1,0
ember_f8e9f118cbe2.exe,237880,17.3,5.638,188,2,0
ember_0f08d39feddf.exe,1552816,15.56,4.242,293,2,0
ember_5163d9881f02.exe,2740978,7.21,6.276,338,2,0
ember_b439809cbe51.exe,1536,85.03,3.49,2,0,0
ember_b1a97ad3d14c.exe,254246,35.76,4.846,154,0,0
ember_6b05c016cd4f.exe,5815808,20.76,4.373,476,1,0
ember_3f8d83a723bc.exe,122880,45.06,3.402,107,0,0
ember_85de04735f46.exe,9957137,12.69,0.712,0,0,0
ember_4018262628b2.exe,77842,36.11,3.464,135,0,0
ember_0be0760bf6a1.exe,16384,89.85,3.165,1,0,0
ember_c762c9c8cdbb.exe,1508589,17.72,4.496,473,2,0
ember_2f2256a1ecb6.exe,2560,60.51,3.93,0,0,0
ember_85639af13c59.exe,508928,1.11,5.548,4,0,0
ember_85f5b41c7fdf.exe,92112,21.49,3.739,0,0,0
ember_f5e942ad7ef6.exe,157816,49.69,4.688,193,0,0
ember_7e130bd519f5.exe,41112,5.65,5.747,3,0,0
ember_dfe63f2ea9ea.exe,4096,27.81,1.258,0,0,0
ember_61b55f759e75.exe,49591,2.48,3.953,0,0,0
ember_9a9dcaa2c672.exe,17408,34.49,3.365,1,0,0
ember_636d96d88d17.exe,936736,1.33,6.977,0,0,0
ember_517c684e99b1.exe,46991544,0.5,4.428,122,2,0
ember_5eebe0c80f32.exe,1266688,14.84,3.609,1,0,0
ember_faf81f53d541.exe,822784,24.56,3.436,163,1,0
ember_ec4b09e10ba5.exe,190464,7.24,6.592,4,0,0
ember_53a38909c581.exe,5003703,0.7,4.942,171,0,0
ember_2bc4da5aa84e.exe,582656,16.92,5.509,1,0,0
ember_ed66de395bc0.exe,40960,39.1,4.68,75,1,0
ember_4f4947b2d686.exe,764928,5.41,6.159,19,0,0
ember_cf0bbebc7004.exe,17920,25.27,2.537,1,0,0
ember_1b06319cf4c4.exe,1250552,22.77,4.673,386,1,0
ember_6b7dc4488cda.exe,1056768,1.56,5.466,158,0,0
ember_90cc215a980a.exe,17408,53.27,3.934,0,0,0
ember_854f6363e10b.exe,509792,20.88,5.184,384,2,0
ember_15ed48f4fe1d.exe,5002753,1.75,5.388,176,0,0
ember_54c3dc4fc64b.exe,637992,9.46,5.513,195,1,0
ember_3e8108195442.exe,1925120,15.11,4.969,23,0,0
ember_957ddf5e9074.exe,106496,24.77,4.88,202,1,0
ember_5c9f2a18a6f4.exe,290816,23.04,4.719,1,0,0
ember_b32a09cb8b92.exe,652800,51.17,3.378,1,0,0
ember_5b657094e5c4.exe,756736,25.75,3.652,1,0,0
ember_d666560990dd.exe,5002432,1.1,4.424,135,2,0
ember_ec84613d9039.exe,1978368,31.04,3.2,122,0,0
ember_3e6b7e05186a.exe,166224,33.73,4.447,1,0,0
ember_d60638ea543d.exe,3104708,4.83,4.859,21,0,0
ember_fcc3dfbfc6c9.exe,81920,37.57,4.268,187,1,0
ember_09892e68a545.exe,862080,1.3,4.583,88,0,0
ember_7155075cc684.exe,442368,24.61,3.053,148,0,0
ember_2b815718968f.exe,575488,49.21,2.396,1,0,0
ember_ca2601496712.exe,426977,8.35,2.542,0,0,0
ember_cd8ab1d35b4e.exe,806739,14.2,1.097,0,0,0
ember_4a1e7503df38.exe,806360,16.64,5.347,173,2,0
ember_3e57bbbedbf8.exe,200704,23.58,5.464,49,0,0
ember_7c2734546933.exe,131072,38.15,3.616,1,0,0
ember_d53f64ff7bc9.exe,135276,23.73,5.032,91,1,0
ember_0f93aced0eab.exe,753664,3.68,2.831,1,0,0
ember_010583a2234d.exe,7440,65.43,4.128,0,0,0
ember_259bb50f381c.exe,404840,11.31,0.923,0,0,0
ember_f647dc21d4f5.exe,225280,13.35,4.395,50,1,0
ember_7d042931fbaf.exe,1694651,0.67,5.81,100,0,0
ember_373b6f3d640c.exe,229635,27.49,5.374,175,1,0
ember_682098995230.exe,5375131,1.3,5.651,254,1,0
ember_be92b429dc15.exe,6450912,16.04,4.157,392,1,0
ember_f4d854ed6878.exe,479641,9.93,1.057,0,0,0
ember_86be76446233.exe,808448,4.22,4.771,1,0,0
ember_6a1ed8edbb1e.exe,55808,21.1,3.615,1,0,0
ember_2c1927143c8d.exe,389776,13.15,5.119,94,2,0
ember_33637bf5a903.exe,32768,45.98,3.359,38,0,0
ember_888840eaacda.exe,830814,13.79,1.103,0,0,0
ember_bdb79953f012.exe,8341872,9.3,2.575,0,0,0
ember_ae6c783956ab.exe,5002768,1.82,3.834,59,1,0
ember_9934afb3852e.exe,2167808,16.74,5.298,536,3,0
ember_855c21b52e27.exe,2834432,76.61,1.571,0,0,0
ember_c34fe4a3ed94.exe,13000832,13.21,5.443,232,3,0
ember_0e8083bea0e8.exe,185968,31.48,5.037,215,1,0
ember_44b1fb6db192.exe,813123,14.09,1.099,0,0,0
ember_668280439f1d.exe,5002280,0.57,4.44,167,0,0
ember_54dceefc8a15.exe,611840,13.55,3.172,142,3,0
ember_5d1697fe23ef.exe,1867082,0.79,2.104,0,0,0
ember_4020caeca630.exe,3233832,15.77,4.954,24,0,0
ember_b3e36a2969ae.exe,49880,16.51,5.099,63,1,0
ember_42bb797356b4.exe,800000,38.03,3.046,0,0,0
ember_aab79d02c6e3.exe,1239040,2.06,5.885,13,0,0
ember_e26111074c57.exe,1773568,15.12,2.86,143,0,0
ember_7fa62a69419f.exe,540672,3.03,5.074,154,0,0
ember_44f459257e8d.exe,4003768,0.53,3.919,0,0,0
ember_e432a27fed99.exe,15360,38.02,3.348,1,0,0
ember_2a120988d5d1.exe,10485760,0.47,6.886,4,0,0
ember_737577561c24.exe,368640,21.16,5.197,0,0,0
ember_e5a4d775f8c7.exe,1822720,1.8,5.616,14,0,0
ember_8ebc2bd191ab.exe,92160,28.25,4.197,2,0,0
ember_3684e45d0d90.exe,1363968,13.44,4.066,172,3,0
ember_ec7acc8dfcb9.exe,758272,23.94,3.108,1,0,0
ember_2eb351092290.exe,74720,35.39,4.02,1,0,0
ember_669afccd0c67.exe,10744,19.82,4.3,0,0,0
ember_252af5328336.exe,5632,54.65,3.929,0,0,0
ember_ea79500bbb2c.exe,808058,14.18,1.097,0,0,0
ember_a500f8529f82.exe,388624,50.6,3.532,189,1,0
ember_54dcccc1ffae.exe,2512810,1.69,3.392,122,1,0
ember_4d0ea60d7445.exe,10284153,0.74,4.567,155,1,0
ember_a1ca94d0cbf2.exe,49152,48.92,3.479,48,0,0
ember_6eef30af08d3.exe,1535524,6.15,5.705,245,2,0
ember_c10059a2bbda.exe,2035200,16.45,2.678,1,0,0
ember_fe787155af99.exe,1132032,26.12,3.693,1,0,0
ember_6dffb09b8d09.exe,5000363,1.19,4.417,171,0,0
ember_295cc037a9bc.exe,22016,34.11,4.068,1,0,0
ember_99e471b0203a.exe,77980,15.09,1.251,0,0,0
ember_11bee6821891.exe,2205696,21.67,6.022,789,1,0
ember_b05788cf379b.exe,801370,14.3,1.096,0,0,0
ember_ddf74fdb4f5f.exe,803833,14.25,1.096,0,0,0
ember_c35b2b56fdac.exe,801807,14.29,1.096,0,0,0
ember_1431db49a298.exe,304232,1.48,5.384,0,0,0
ember_f62e245269c0.exe,1642496,16.58,6.393,336,1,0
ember_141e4be151a7.exe,801466,14.3,1.096,0,0,0
ember_2990f8b9f717.exe,805026,14.23,1.097,0,0,0
ember_d0eab40746db.exe,38912,21.11,5.689,156,0,0
ember_83d8be919e46.exe,5001659,2.61,4.549,167,0,0
ember_e35e9d21c12a.exe,132633,37.65,3.928,64,0,0
ember_aeb7d42b9035.exe,28160,17.7,4.437,54,1,0
ember_bcd3600c23e8.exe,71168,21.9,3.749,1,0,0
ember_594fa4fc02c2.exe,5001874,1.92,4.616,194,0,0
ember_ee77961582d2.exe,19456,53.09,3.808,0,0,0
ember_937cc65d0678.exe,19419648,12.59,4.79,896,2,0
ember_46524032b1aa.exe,801657,14.29,1.096,0,0,0
ember_06024135079b.exe,278528,27.42,4.776,178,0,0
ember_0369f5c115da.exe,5003736,0.94,5.423,183,1,0
ember_7c7c85fed85a.exe,765952,18.33,5.466,163,1,0
ember_c306fc15d505.exe,2060288,15.51,3.98,7,0,0
ember_aae2fabddbcb.exe,24576,64.32,3.79,1,0,0
ember_80b36fff66a2.exe,1423360,32.95,3.692,1,0,0
ember_2e3f38eba7e0.exe,2064384,21.72,4.95,486,2,0
ember_799a0e1830fa.exe,5457896,0.8,4.528,171,0,0
ember_60561423a0d3.exe,169480,30.39,4.288,106,1,0
ember_5392a014dec0.exe,2085888,1.23,7.265,18,0,0
ember_97798aeec031.exe,386048,18.65,4.291,1,0,0
ember_7bd9a294be9f.exe,965120,54.02,4.178,32,0,0
ember_b28d72f14547.exe,290816,13.97,5.166,185,1,0
ember_1e7f77e0c12f.exe,282624,36.81,3.497,1,0,0
ember_83df95ae74de.exe,219136,32.7,3.473,1,0,0
ember_3c02f94fcac3.exe,3699080,25.32,5.093,143,2,0
ember_81a40a39dbd9.exe,637992,9.46,5.513,195,1,0
ember_ae07d001238f.exe,590180,14.26,0.918,0,0,0
ember_2044fbf5259d.exe,73728,13.74,1.635,0,0,0
ember_6e2f34cd9c5a.exe,2560,68.55,3.059,1,0,0
ember_3ab530205821.exe,11606016,15.15,5.328,466,2,0
ember_d8c5d9238253.exe,637992,9.46,5.513,195,1,0
ember_5ce769bb0c0c.exe,86016,1.31,3.999,0,0,0
ember_5b71ac109421.exe,40760,32.16,4.113,0,0,0
ember_bdbe328f2aad.exe,258056,28.69,4.093,150,1,0
ember_aaefd18334d2.exe,141248,22.56,4.652,169,0,0
ember_27fba6647d37.exe,5003551,2.61,4.549,167,0,0
ember_b13b8e6d5f8b.exe,1101949,1.93,6.237,14,0,0
ember_e27de23a7907.exe,779820,4.68,5.221,170,1,0
ember_339fa0fab470.exe,142848,10.38,4.523,1,0,0
ember_947b6a2a8d0f.exe,417792,19.62,5.399,123,0,0
ember_0da3498577b0.exe,98320,19.67,5.081,78,1,0
ember_6878a79be563.exe,7168,55.64,3.809,0,0,0
ember_7e24468204c5.exe,1451904,2.75,5.948,117,1,0
ember_635e3cb077c8.exe,1155184,17.57,5.213,524,2,0
ember_2966d262e762.exe,3082896,14.68,4.778,69,1,0
ember_e4fbf7d5c367.exe,36352,31.13,3.571,225,0,0
ember_5cb689b61462.exe,56232,26.92,3.484,1,0,0
ember_2ad47e0420c3.exe,28672,58.82,3.662,1,0,0
ember_90cd2562f51b.exe,996352,27.89,3.694,1,0,0
ember_079497271928.exe,241664,16.9,4.794,106,0,0
ember_547bc5e60951.exe,141312,47.17,2.78,1,0,0
ember_ea62689a1631.exe,86016,17.31,4.982,88,0,0
ember_3ba3035d2819.exe,460418,6.86,4.549,67,1,0
ember_637585214bb2.exe,174376,15.95,3.719,0,0,0
ember_ba38ddb179d1.exe,637992,9.46,5.513,195,1,0
ember_7d4a34aec8b6.exe,5003503,0.92,5.317,154,0,0
ember_f7a12d7dcb70.exe,5056000,29.11,4.728,0,0,0
ember_3410fdd668ac.exe,462076,11.8,0.951,0,0,0
ember_00a6313dbf72.exe,28160,32.29,3.387,1,0,0
ember_9fc9ecada96d.exe,31744,49.18,3.579,0,0,0
ember_5acfa413b346.exe,131072,45.85,6.022,57,0,0
ember_56c257ea9587.exe,84480,11.69,5.185,85,0,0
ember_dc4dbd0360f4.exe,817551,14.01,1.1,0,0,0
ember_e35122e9950b.exe,5896,69.18,1.32,0,0,0
ember_073261ae6913.exe,809885,14.15,1.098,0,0,0
ember_689aa6ea54bf.exe,10484039,0.84,4.637,120,2,0
ember_06ca73e9a502.exe,286720,25.33,4.562,321,1,0
ember_8f8d8d1a0e83.exe,1239552,17.95,4.147,476,1,0
ember_18d27b7942d7.exe,1136448,16.66,5.129,121,2,0
ember_5c12215bd37d.exe,802492,14.28,1.096,0,0,0
ember_84e52778e3b6.exe,32256,29.71,3.659,191,0,0
ember_ca39fa287226.exe,1162752,8.36,4.297,1,0,0
ember_3049a6df79e3.exe,482133,10.37,1.295,0,0,0
ember_76bce3323220.exe,481161,0.96,3.964,0,0,0
ember_d4d257fbcdc4.exe,83536,22.05,3.75,1,0,0
ember_d62b02d6fd87.exe,236032,3.07,6.29,16,0,0
ember_6b61ab11ac8c.exe,6708680,1.9,4.651,295,2,0
ember_7bbce4cf5700.exe,5002720,1.78,3.878,171,0,0
ember_535541893142.exe,29696,20.18,3.147,113,1,0
ember_abd24a6fc88d.exe,174976,24.93,5.069,58,2,0
ember_59734ca789a9.exe,10482912,1.61,4.155,133,0,0
ember_b545b636ce20.exe,501163,51.55,5.886,159,2,0
ember_ad45158e1536.exe,54272,4.93,6.969,6,0,0
ember_b629e6fe461d.exe,950140,2.02,5.803,10,0,0
ember_d0fddfb10562.exe,666896,32.74,5.364,165,0,0
ember_a0002ce9f5e4.exe,2442848,15.18,5.242,21,0,0
ember_78bd6aa1ea37.exe,79872,26.95,4.579,85,1,0
ember_a8806095a540.exe,47616,24.56,3.744,53,1,0
ember_b89345c91c1d.exe,196608,22.79,4.619,332,0,0
ember_10d079964e90.exe,1227432,25.81,5.199,1293,1,0
ember_8dd340a52ff5.exe,167788,12.34,4.57,167,0,0
ember_012caac4fa39.exe,124928,22.91,3.769,1,0,0
ember_065f2dde46dd.exe,167424,9.91,4.582,1,0,0
ember_5472cabc363e.exe,319024,15.82,5.153,124,2,0
ember_ec5ed84a26e1.exe,4064,35.7,2.492,0,0,0
ember_45f1bd3c8b31.exe,212992,40.54,1.593,0,0,0
ember_d51d0e24b883.exe,979440,16.14,5.081,19,0,0
ember_0c924cc6d308.exe,266240,21.73,1.03,0,0,0
ember_b83e77268f69.exe,31890,11.02,6.126,6,0,0
ember_3a3926841170.exe,15360,48.5,3.117,1,0,0
ember_026749a752f1.exe,19968,35.62,3.087,1,0,0
ember_fa9cb742d45c.exe,29696,53.46,3.459,0,0,0
ember_e26000e93fea.exe,8704,50.54,3.105,1,0,0
ember_2d6e53940e5d.exe,69632,10.18,1.313,0,0,0
ember_34b81b8c0e4b.exe,53312,32.52,3.889,80,0,0
ember_c12810e4042a.exe,1551872,2.45,5.852,3,0,0
ember_f2655c022eab.exe,323584,4.7,2.595,0,0,0
ember_f88346d1f425.exe,830869,13.79,1.103,0,0,0
ember_f7b862fdee35.exe,154624,38.94,2.525,86,1,0
ember_0a1f7f9f9d36.exe,1223384,1.31,5.489,157,0,0
ember_95ccc6f0507b.exe,295025,24.35,4.521,220,0,0
ember_e5940e356df9.exe,380538,7.01,5.295,79,2,0
ember_f9685f2511ca.exe,262144,23.78,5.118,335,1,0
ember_182eccd115ec.exe,5001544,0.64,4.399,8,0,0
ember_5762df0f3f27.exe,1514357,0.99,4.421,88,0,0
ember_868e838da55f.exe,10484232,0.51,4.4,8,0,0
ember_b01220f416f6.exe,83657,42.42,4.406,120,1,0
ember_612649b164dc.exe,4096,60.33,3.497,1,0,0
ember_27e5b448d8a6.exe,232960,20.46,4.699,141,1,0
ember_a4c2c3d060f2.exe,77842,36.89,3.749,191,0,0
ember_47d5d35528fc.exe,803700,14.26,1.096,0,0,0
ember_7ccb9bb3f493.exe,10485157,0.89,5.037,189,2,0
ember_680c11101664.exe,161280,26.78,3.643,1,0,0
ember_d90da5ab8246.exe,5120,56.64,3.91,0,0,0
ember_1df250d6c60a.exe,1166336,26.19,3.688,1,0,0
ember_02e288f81c30.exe,46080,18.59,3.989,1,0,0
ember_cd45fad14f21.exe,693375,0.5,1.143,0,0,0
ember_1e60808b7354.exe,1517528,19.87,5.23,195,1,0
ember_ee5dc95288f3.exe,524288,63.51,2.008,0,0,0
ember_7d4ad706f91e.exe,280267,20.01,4.252,123,1,0
ember_75f07f109786.exe,3486720,17.14,5.184,255,1,0
ember_042b5549e20e.exe,65536,30.15,4.442,1,0,0
ember_36bbf0f4894d.exe,367924,4.66,6.435,11,0,0
ember_bc2414cb898a.exe,214639,20.17,3.74,196,0,0
ember_de34b2a456ec.exe,2942920,2.36,4.46,59,1,0
ember_f8cc1ee7ad52.exe,1020416,15.48,5.634,475,4,0
ember_c6122126b078.exe,65536,4.04,1.687,0,0,0
ember_7b2fc8870eaf.exe,1641472,24.08,3.978,0,0,0
ember_86d6f44b5c0e.exe,472064,38.68,4.102,1,0,0
ember_0e105585891c.exe,42958,10.43,5.616,6,0,0
ember_e8d99fe25181.exe,10240,47.47,3.53,25,1,0
ember_8391841153c2.exe,516096,16.23,5.453,184,1,0
ember_84f7ece15443.exe,987136,19.89,3.956,1,0,0
ember_157890986fb7.exe,75776,6.84,5.82,7,0,0
ember_0b38c4070b74.exe,78336,27.79,3.668,1,0,0
ember_b84fbd79f918.exe,742062,18.16,3.955,367,1,0
ember_eade942ded82.exe,451126,2.14,3.527,106,0,0
ember_36bdfe1cf720.exe,2587112,28.95,5.093,1,0,0
ember_a5577a1e83a0.exe,471040,6.22,4.661,1,0,0
ember_ce39043fe4bb.exe,463872,1.13,7.316,11,0,0
ember_801d8b8ceef9.exe,5002392,2.8,3.652,17,0,0
ember_f597ca9a7d95.exe,149168,28.16,5.197,117,1,0
ember_ab29d70bb564.exe,766704,19.3,4.707,202,1,0
ember_c45b8ee00e63.exe,996352,27.89,3.694,1,0,0
ember_e02b3a857915.exe,5000430,0.92,5.357,94,2,0
ember_8d17083dc3af.exe,57344,41.43,3.916,1,0,0
ember_1947d05ea056.exe,3939,92.16,0.0,0,0,0
ember_c131c8fbc8cc.exe,7680,50.22,3.264,1,0,0
ember_a07556ba33ac.exe,803574,14.26,1.096,0,0,0
ember_36a7edf27ba4.exe,5002193,0.63,4.412,8,0,0
ember_f251066bebe8.exe,122880,26.39,4.994,141,1,0
ember_2b3fce2aaa1b.exe,108304,20.33,4.346,156,1,0
ember_acd3c8c69971.exe,5392400,3.53,5.572,255,1,0
ember_97d4c243e58a.exe,47648,15.74,3.781,1,0,0
ember_bbd39020adcd.exe,24576,63.14,2.917,39,0,0
ember_f2c318593914.exe,771072,12.96,4.769,1,0,0
ember_2d85cec6b340.exe,20538880,0.45,4.63,8,0,0
ember_bc9dfd3494dd.exe,688128,1.59,3.888,0,0,0
ember_a966b1bd1eea.exe,253952,38.21,4.191,0,0,0
ember_39ab0e6d98e4.exe,696320,7.13,6.015,158,2,0
ember_e7734c113012.exe,12217792,7.56,3.505,471,1,0
ember_1ee23288bc4c.exe,282624,27.08,4.783,178,0,0
ember_26770795b77a.exe,103746,19.51,4.597,167,0,0
ember_c9b5ba3fce92.exe,129288,24.62,4.39,108,1,0
ember_4790cfd7250f.exe,7680,46.59,4.828,34,1,0
ember_51cb3552082b.exe,24576,73.25,3.416,1,0,0
ember_6e43933de516.exe,577024,17.96,4.626,306,1,0
ember_7a4e8dbfc090.exe,1642,48.42,3.731,0,0,0
ember_86033664c4db.exe,89407,4.91,4.474,54,0,0
ember_619f7718982a.exe,709984,18.26,5.554,268,1,0
ember_a2e20c44e956.exe,2044136,16.67,5.21,443,2,0
ember_a0c9dcfd5c1a.exe,105760,19.98,4.188,197,0,0
ember_dc3a2eef7327.exe,1607791,4.33,5.782,16,1,0
ember_5aa7aafc4608.exe,139264,11.79,6.845,7,0,0
ember_25add0f6e7f9.exe,139926,26.4,4.724,154,1,0
ember_dfb65afe4b0e.exe,5001704,21.3,5.556,379,2,0
ember_019850c6e964.exe,469788,15.63,5.587,135,1,0
ember_8bb263b2c10c.exe,344064,34.6,4.243,7,0,0
ember_43c8d5ace6d2.exe,5002388,1.05,3.534,105,0,0
ember_dc588a276910.exe,489408,26.73,4.523,0,0,0
ember_5db3dd34bd80.exe,2871296,4.97,5.714,119,2,0
ember_f2a2777180c2.exe,69632,39.25,4.292,50,0,0
ember_2ad6b51caec8.exe,242176,5.12,5.837,12,0,0
ember_2181a28d6a85.exe,145031,43.9,3.333,1,0,0
ember_c8cc68af813f.exe,466944,15.05,5.538,344,1,0
ember_88f39a417fbe.exe,4096,59.77,3.498,1,0,0
ember_a51dee142f13.exe,39424,30.38,4.419,0,0,0
ember_38067e5cb5e7.exe,8704,33.24,4.292,33,1,0
ember_f9317da14d62.exe,3940272,11.01,6.124,638,2,0
ember_f661e12a022f.exe,32768,59.22,5.343,37,0,0
ember_40083edbde03.exe,1249280,2.89,2.881,1,0,0
ember_2c9cf87535b5.exe,69808,19.67,4.518,25,0,0
ember_8737476f9d6f.exe,10240,34.81,4.876,27,0,0
ember_b9441bb25cbe.exe,10780,17.84,4.122,0,0,0
ember_be7965a6eeac.exe,820810,13.96,1.101,0,0,0
ember_060dcdda88f0.exe,41472,14.51,1.091,0,0,0
ember_bd955dba9fe5.exe,42496,29.12,4.368,81,1,0
ember_430f477abbbd.exe,1203896,20.28,4.87,401,2,0
ember_4f3ac0c82456.exe,2163202,14.47,5.288,21,0,0
ember_106c371195b9.exe,69138,18.01,1.293,0,0,0
ember_ba3bb36a4416.exe,5002963,0.81,5.201,182,1,0
ember_34a43bcee4eb.exe,2211840,17.89,4.119,1,0,0
ember_5608151629e6.exe,1676800,19.05,2.965,1,0,0
ember_4c2dcd53e449.exe,4773448,16.61,3.285,606,1,0
ember_5d7c6bae5448.exe,826488,13.86,1.103,0,0,0
ember_567666f32ff4.exe,1769472,41.81,4.539,0,0,0
ember_db51ab228c34.exe,208896,80.14,4.382,87,1,0
ember_4120d451f4df.exe,78255,29.28,3.936,58,0,0
ember_acad159215e5.exe,637992,9.46,5.513,195,1,0
ember_e652cda3bc70.exe,5000935,0.63,4.4,8,0,0
ember_5711789b2b4b.exe,207017,5.01,5.131,168,1,0
ember_f97722f54eda.exe,29192,23.95,3.529,1,0,0
ember_4c37465aa036.exe,303104,27.79,4.65,1453,0,0
ember_3b211fab0909.exe,77824,33.02,4.63,1,0,0
ember_312dec9de5b0.exe,1601819,2.7,5.007,88,1,0
ember_b9db4bda2c98.exe,222208,3.52,6.074,12,0,0
ember_e868437ea6a1.exe,2362248,17.85,5.665,609,2,0
ember_53092c4503bd.exe,192640,73.29,0.857,0,0,0
ember_10d470612413.exe,106496,18.9,4.712,1,0,0
ember_dc967c5b3f72.exe,179264,8.99,5.525,1,0,0
ember_146b8b2c4c5d.exe,515320,14.58,4.808,76,1,0
ember_494c27df8dbf.exe,5858304,13.86,5.581,5280,0,0
ember_7c09b8c9fbf7.exe,127488,18.59,4.928,68,1,0
ember_3b897afa6744.exe,428544,13.17,5.276,299,0,0
ember_56def5f0173f.exe,2805760,21.75,3.585,1,0,0
ember_771d4aba144e.exe,5002335,0.81,4.897,165,1,0
ember_2992df46412b.exe,13573,16.48,1.273,0,0,0
ember_2ae56ab849a1.exe,308625,4.33,4.412,8,0,0
ember_d33519954395.exe,41472,36.51,2.488,81,1,0
ember_fa4671d9255b.exe,22016,29.83,4.233,58,0,0
ember_3a9e478a5078.exe,5000782,2.61,4.549,167,0,0
ember_3c5357eccf26.exe,809786,14.15,1.098,0,0,0
ember_aec34b9de14e.exe,1966080,17.82,1.616,0,0,0
ember_aff11918144e.exe,172032,9.95,5.842,38,1,0
ember_8365cec022f8.exe,5003602,0.83,4.852,157,0,0
ember_ee1be8f0316d.exe,1742848,31.23,5.615,263,2,0
ember_1f3d3233f354.exe,2172928,27.42,3.608,1,0,0
ember_735636c37625.exe,2394112,1.08,6.866,38,0,0
ember_0c487c7e5b9f.exe,475136,21.07,5.129,210,1,0
ember_37f25e72d4ab.exe,20480,68.71,3.722,1,0,0
ember_c7681b282be6.exe,1495570,27.25,3.597,413,1,0
ember_34638fa3de44.exe,323296,30.07,3.647,1,0,0
ember_058eb8da1387.exe,16384,81.38,2.57,29,0,0
ember_ed3a89cba8cb.exe,61952,36.13,2.592,81,1,0
ember_b935c3fa6b5a.exe,13368,23.64,3.358,1,0,0
ember_034855cd87f1.exe,489444,18.41,4.408,197,2,0
ember_bebcc968922e.exe,21040,14.13,3.414,1,0,0
ember_5e53f4df307e.exe,637992,9.46,5.513,195,1,0
ember_f58e608cd480.exe,19456,53.22,3.785,0,0,0
ember_c08fbd11780f.exe,61952,30.28,3.405,1,0,0
ember_a707a9b29672.exe,627426,6.98,5.864,1,0,0
ember_124c291a4ae6.exe,1418104,15.33,5.769,374,4,0
ember_38fdbd668ec2.exe,23040,26.76,5.262,84,2,0
ember_d51ff9bec837.exe,5000176,1.11,4.572,154,1,0
ember_6073f9c773ab.exe,1953320,20.27,4.923,509,2,0
ember_9bb37b9b5db8.exe,1239262,0.75,6.203,7,0,0
ember_3fd2c050fa15.exe,10752,50.23,3.01,1,0,0
ember_8f3df14f5471.exe,340856,16.9,4.701,4,0,0
ember_49868bcd9f73.exe,810113,14.14,1.098,0,0,0
ember_11369cd85ed6.exe,4141390,8.74,5.795,391,4,0
ember_db9982f55223.exe,216576,32.73,3.528,1,0,0
ember_549d1a806e75.exe,77144,16.64,3.983,248,1,0
ember_094faae8a12f.exe,52128,28.0,2.741,108,1,0
ember_8eeb61558171.exe,389136,50.61,3.532,189,1,0
ember_38c838c74938.exe,806399,14.21,1.097,0,0,0
ember_78b35ed75ccc.exe,28672,61.96,3.475,1,0,0
ember_f8eaf2fab7b4.exe,43008,37.17,3.248,1,0,0
ember_1910c7d8e42f.exe,125692,5.56,5.437,98,0,0
ember_5608baddd730.exe,27080,31.01,4.2,45,1,0
ember_3527e1a09adb.exe,677888,7.11,4.648,1,0,0
ember_330e624f5281.exe,806013,14.21,1.097,0,0,0
ember_0f33ba10e909.exe,637992,9.46,5.513,195,1,0
ember_839a75b1934d.exe,8651976,0.59,4.629,8,0,0
ember_48fe812e3382.exe,3047171,7.38,5.574,194,3,0
ember_7cc033ffcc69.exe,22192,14.28,3.432,1,0,0
ember_f897921edbb4.exe,802802,1.59,4.536,130,0,0
ember_a92473ca0bad.exe,20936,26.95,3.883,32,1,0
ember_b6a8aa02cd97.exe,1675958,1.08,2.665,0,0,0
ember_b75acd228d71.exe,163328,12.55,4.538,1,0,0
ember_7b94a29b7f2a.exe,42228,20.48,1.066,0,0,0
ember_7963a551e2ba.exe,3584,61.22,3.864,0,0,0
ember_931e8d831349.exe,46048,19.78,4.433,60,1,0
ember_a643d31279d3.exe,3448419,15.25,4.434,461,1,0
ember_438f6ddb5a52.exe,21004,22.9,5.322,27,1,0
ember_b8e2a0f9c7f2.exe,636928,11.85,3.818,1,0,0
ember_95ac1a4d8704.exe,640740,14.24,1.094,0,0,0
ember_568bdee4120d.exe,1155184,17.57,5.213,524,2,0
ember_088e75e0843c.exe,328192,26.99,3.462,1,0,0
ember_c5cd7d0f17c6.exe,1627648,16.05,4.657,456,1,0
ember_d44cecde8a1b.exe,536576,2.62,6.025,30,0,0
ember_bd5496849cc8.exe,5632,43.09,3.738,1,0,0
ember_099cd22b9a07.exe,5004072,0.93,5.303,146,0,0
ember_17706e68da3a.exe,26792,21.55,3.147,1,0,0
ember_2123e6de3670.exe,58336,34.86,3.012,0,0,0
ember_b544ca187c2b.exe,569872,13.51,4.945,400,2,0
ember_8053f60b9658.exe,2158016,1.36,7.538,0,0,0
ember_be28b83cdccd.exe,5003752,0.97,5.092,191,2,0
ember_c2976ce32388.exe,897024,9.72,6.13,13,0,0
ember_acd72d7bf82a.exe,4096,57.42,3.553,1,0,0
ember_207dcf4f8f6c.exe,435488,21.3,4.914,171,0,0
ember_96682f31b5b7.exe,810634,14.13,1.098,0,0,0
ember_3c79798f5e56.exe,691200,26.21,3.704,1,0,0
ember_e594c175baae.exe,806804,14.2,1.097,0,0,0
ember_484dbf0f8014.exe,133632,25.08,5.146,245,1,0
ember_045cfe03a9da.exe,280968,18.65,5.48,121,1,0
ember_35d6495e967d.exe,428544,3.3,4.708,1,0,0
ember_da4743464478.exe,800048,14.32,1.095,0,0,0
ember_1c5c3769ce38.exe,37196,2.37,3.997,0,0,0
ember_6fea5e2bc416.exe,4939776,0.48,5.142,154,0,0
ember_bea52fcee08b.exe,372736,26.14,3.747,1,0,0
ember_f63b6ca6918c.exe,956416,44.08,5.121,500,2,0
ember_bd179403b8f3.exe,637992,9.46,5.513,195,1,0
ember_e557e19c4975.exe,210208,20.17,5.19,217,1,0
ember_6083a4da99e9.exe,93048,16.68,4.797,141,1,0
ember_26a9efedfea4.exe,426496,2.43,4.691,1,0,0
ember_7016568dae0c.exe,830457,13.8,1.103,0,0,0
ember_bb48bebf74ae.exe,5993472,0.83,5.932,151,0,0
ember_5eaa763b6563.exe,115245,22.29,1.465,0,0,0
ember_55485f28c1e4.exe,2946336,17.28,5.28,686,3,0
ember_651e4cb9c435.exe,384728,13.11,5.128,420,2,0
ember_bd3200845292.exe,579084,21.55,4.359,237,0,0
ember_952a4fc32c79.exe,75264,29.17,3.647,1,0,0
ember_e212a9fb19d8.exe,1024,79.39,0.0,0,0,0
ember_1056c0b438d4.exe,2190336,4.39,5.214,1,0,0
ember_c9e94f1f0bf1.exe,807138,14.19,1.097,0,0,0
ember_e57705cb8e3d.exe,2560000,5.6,4.077,125,0,0
ember_d024c2a9c283.exe,210107,1.18,3.961,0,0,0
ember_0a9b827272dc.exe,117680,15.36,5.083,95,2,0
ember_2f117e52029e.exe,135168,25.74,4.396,124,1,0
ember_14575d08b07f.exe,33688,42.02,3.857,0,0,0
ember_8a349c9cc584.exe,801280,14.49,4.781,17,0,0
ember_5dec1ad0c926.exe,27910,2.74,3.954,0,0,0
ember_3abcedda05d6.exe,9728,28.79,1.924,0,0,0
ember_741540ffa211.exe,2079862,0.7,5.837,10,0,0
ember_7aedbef763c8.exe,4002828,1.49,4.758,59,1,0
ember_506ec3066cc4.exe,94208,32.48,3.428,1,0,0
ember_3d2a511c9793.exe,72984,10.86,5.357,0,0,0
ember_eaa8c1e68865.exe,5002453,1.21,4.705,167,0,0
ember_080385dda359.exe,1330236,39.27,1.998,0,0,0
ember_51463f6088b3.exe,633511,14.4,1.091,0,0,0
ember_7921318c2fe4.exe,142848,24.13,3.583,1,0,0
ember_3b342fdd9c6a.exe,377936,1.97,7.451,0,0,0
ember_4cedb7057ad2.exe,79360,14.1,4.505,1,0,0
ember_fc8a4b5710d9.exe,3584,60.35,3.997,0,0,0
ember_a12a33237428.exe,2659600,1.9,3.205,105,0,0
ember_d8f90b6b3461.exe,168960,33.83,3.358,1,0,0
ember_53f843f9922a.exe,86880,13.82,0.915,0,0,0
ember_c9352ef60927.exe,1233408,17.8,4.877,0,0,0
ember_8e62678fdde3.exe,52736,34.9,2.503,81,1,0
ember_3b18c8f7e2d8.exe,35840,28.19,3.335,1,0,0
ember_36f1ba915de6.exe,5001651,1.04,4.35,120,2,0
ember_b3c926a33706.exe,5477847,2.71,4.429,93,1,0
ember_6a0c8cf0eb0d.exe,3198064,20.33,5.775,603,2,0
ember_d2373d1e2132.exe,345000,1.54,7.982,0,0,0
ember_ab4531fa985c.exe,87552,56.89,4.632,0,0,0
ember_a1ef7c4ea745.exe,3090432,5.74,6.544,430,0,0
ember_8e0133c8b6a2.exe,624012,12.18,1.001,0,0,0
ember_eb4177cabd84.exe,634935,5.94,3.72,130,1,0
ember_897fb92c8d16.exe,652288,51.18,3.377,1,0,0
ember_92686a1725e3.exe,9216,36.66,3.727,1,0,0
ember_57308a1ac5ae.exe,5003567,0.66,5.557,154,0,0
ember_9431cfa9542e.exe,15360,31.56,3.359,1,0,0
ember_3c5cd3e67ad3.exe,627664,14.53,1.088,0,0,0
ember_43d2439083b6.exe,130560,28.72,3.468,1,0,0
ember_76a9f3c2f565.exe,1480140,1.54,6.274,133,0,0
ember_e4b3ad7759ee.exe,642560,11.98,4.468,1,0,0
ember_56b6c5f09ee5.exe,648704,39.46,4.383,66,1,0
ember_d4ce708dc731.exe,26424,15.25,3.572,1,0,0
ember_de04814338cb.exe,1728933,13.22,1.29,0,0,0
ember_336b7da792ac.exe,6850,18.57,1.071,0,0,0
ember_746ca34332f6.exe,24576,70.78,3.779,1,0,0
ember_4136e2c0e327.exe,10440704,9.76,4.358,1,0,0
ember_4a4fce6926b7.exe,1907712,30.94,4.282,1,0,0
ember_adeb03a41f3e.exe,1035264,8.66,3.724,1,0,0
ember_d1bc92481b9f.exe,170496,15.37,6.036,170,1,0
ember_a3953ada7da8.exe,83456,20.12,4.539,234,1,0
ember_da881dc61232.exe,454656,9.53,6.926,0,0,0
ember_ae4714bff914.exe,4968448,2.63,4.549,167,0,0
ember_85cfb3dea39d.exe,216576,10.07,4.584,1,0,0
ember_c50e670ea180.exe,4625163,1.17,4.35,122,2,0
ember_9d6739a48a99.exe,1116160,14.74,3.137,227,1,0
ember_19c180884110.exe,5003344,1.11,5.074,214,2,0
ember_6fbe932a394f.exe,9248848,22.78,5.09,348,2,0
ember_9a2eaeee59cb.exe,1280524,1.62,4.73,8,0,0
ember_22e92aff31a2.exe,8578560,11.34,3.754,1,0,0
ember_16db09ba712b.exe,262144,20.57,4.408,1,0,0
ember_8c1c08ee081c.exe,1895424,15.01,5.636,249,2,0
ember_50a3e2a21973.exe,11360,22.56,3.442,1,0,0
ember_62e1aa57b642.exe,5003898,5.87,3.43,167,0,0
ember_9f32be2f1105.exe,1829888,6.43,5.865,1,0,0
ember_5b9aa5b5b349.exe,5003000,0.72,4.418,8,0,0
ember_d67516964622.exe,162776,17.71,5.17,131,2,0
ember_10f677c543b1.exe,581632,2.84,4.609,9,0,0
ember_6a862ea5f53b.exe,8622721,1.7,4.934,185,1,0
ember_16509f0e5e0a.exe,3088896,18.92,4.363,175,0,0
ember_3fa6ef3d0bef.exe,356352,3.03,5.04,84,0,0
ember_d0b2427bf7b8.exe,96256,20.5,3.901,167,1,0
ember_47bf92a3dc12.exe,802796,14.27,1.096,0,0,0
ember_8205304ecb53.exe,340480,4.67,5.922,1,0,0
ember_1e3e000874d4.exe,5000042,6.27,5.682,14,0,0
ember_2dfd173473a0.exe,807347,14.19,1.097,0,0,0
ember_e0e026d0803c.exe,1307261,12.75,1.583,0,0,0
ember_d842022df88e.exe,1646592,9.58,6.431,184,3,0
ember_bc0bd8faf7fa.exe,1021952,18.35,5.208,304,0,0
ember_7af57649609c.exe,6714000,26.44,4.455,1,0,0
ember_f1957139cf7d.exe,4001246,0.72,5.083,102,1,0
ember_ebe8c8a683c3.exe,1766408,12.98,5.705,180,2,0
ember_e19c7c892cd3.exe,121054,14.08,1.236,0,0,0
ember_65fbdcbca605.exe,806901,14.2,1.097,0,0,0
ember_a2e624ea981e.exe,320216,3.04,7.647,2,0,0
ember_60e89d4b89f4.exe,2500720,2.18,7.008,5,0,0
ember_f33009b13fb8.exe,1131424,3.35,4.93,85,2,0
ember_8bb58e7ce23e.exe,671349,10.25,1.321,0,0,0
ember_0867e1359974.exe,721136,10.95,5.058,25,0,0
ember_bdeb98087906.exe,1497088,23.12,5.331,267,1,0
ember_24063d3ec1fd.exe,4608,56.86,3.842,0,0,0
ember_ca8468e965d4.exe,3114799,6.85,5.708,328,2,0
ember_7d2642b94085.exe,20480,77.24,3.357,1,0,0
ember_0c6338f252fb.exe,1533952,26.56,3.9,1,0,0
ember_b8d3eef64359.exe,46080,30.19,3.642,47,1,0
ember_9377e0fea21a.exe,2048,58.45,3.741,0,0,0
ember_5cc622f73d28.exe,5001599,0.7,4.141,8,0,0
ember_26f1bc40b2e2.exe,105472,21.11,3.213,238,1,0
ember_109dae8062cd.exe,225280,13.35,4.396,50,1,0
ember_2c3c77347966.exe,8192,13.76,1.647,0,0,0
ember_97763d4b1109.exe,3077672,4.09,5.23,154,0,0
ember_91dc229f4c09.exe,800779,14.31,1.095,0,0,0
ember_80a8a23ed391.exe,126976,14.95,0.821,0,0,0
ember_0344e2a80226.exe,10485498,1.32,4.44,122,2,0
ember_e1c88e1cdff4.exe,200704,15.87,3.691,99,0,0
ember_8bc7361ea298.exe,84992,7.34,4.649,1,0,0
ember_722677cb7b51.exe,717312,24.32,5.697,69,1,0
ember_36f92806db7a.exe,368544,10.38,0.902,0,0,0
ember_527f65965747.exe,238777,11.61,5.587,170,1,0
ember_4e7e0476407d.exe,802098,14.28,1.096,0,0,0
ember_d234e1d09acd.exe,42496,27.8,3.597,89,0,0
ember_a05a3cb20d0e.exe,804944,20.69,4.727,1,0,0
ember_33985a61e386.exe,958464,28.54,3.585,1,0,0
ember_247b8ff890ea.exe,4096,64.55,3.551,1,0,0
ember_a5bc8e63f73f.exe,637952,8.57,4.414,64,1,0
ember_e3e83a98b8f0.exe,757176,3.3,5.106,65,0,0
ember_fe3732be8483.exe,230400,27.09,3.576,1,0,0
ember_0b572368e1b1.exe,1630608,10.15,3.621,1,0,0
ember_4a6c115a18f6.exe,6613464,38.34,3.891,897,1,0
ember_1570320163a4.exe,1285980,7.85,2.578,0,0,0
ember_cc1562e6c48d.exe,43520,15.74,4.361,1,0,0
ember_78d32dcfce26.exe,5003248,1.65,5.347,154,0,0
ember_653cbf05dcdf.exe,1158512,4.7,5.518,121,1,0
ember_bb6639baa863.exe,202752,2.74,5.84,5,0,0
ember_0f591a6b98ac.exe,808791,14.17,1.098,0,0,0
ember_807f1fc0f22a.exe,96766,19.27,1.796,0,0,0
ember_5616276f8a2e.exe,637992,9.46,5.513,195,1,0
ember_22128bd0845c.exe,31232,19.59,4.335,1,0,0
ember_42978fa59cd0.exe,167287,6.02,5.131,168,1,0
ember_95f05eb0d50c.exe,28256,22.29,2.723,0,0,0
ember_ffeecd22d2a6.exe,11720,20.53,2.26,0,0,0
ember_aaea0b85cf06.exe,311904,29.84,4.238,58,1,0
ember_18a029b567b8.exe,36400,17.02,3.611,1,0,0
ember_9ff1a3bee8a3.exe,160768,26.73,3.523,1,0,0
ember_b26385173c76.exe,10485536,0.47,5.626,154,0,0
ember_8d247933c52d.exe,23040,43.02,4.716,21,1,0
ember_8c800ea7192d.exe,69103,33.7,4.455,0,0,0
ember_1f72fd1ec7dc.exe,7993,21.84,1.003,0,0,0
ember_61cfadfa7957.exe,6144,39.96,3.092,1,0,0
ember_79b64e956947.exe,155424,19.76,4.357,143,0,0
ember_38fb17b183e6.exe,814240,13.03,5.14,0,0,0
ember_ffe648fa6740.exe,2792109,33.47,3.285,64,0,0
ember_79542ea67a3d.exe,210944,20.99,3.752,1,0,0
ember_1fdf0db9d70c.exe,1555485,97.87,4.707,92,0,0
ember_fa30e5fb04ce.exe,24064,25.22,3.274,1,0,0
ember_63e07607be1c.exe,229376,24.52,4.794,306,1,0
ember_f0466accf9d6.exe,20492,23.57,5.325,26,1,0
ember_f876c6b8a512.exe,1016320,20.35,5.145,1,0,0
ember_ddf63a49859c.exe,7040,33.01,2.946,0,0,0
ember_05d958e46188.exe,261448,12.92,4.833,1,0,0
ember_21c529c884ae.exe,4789816,19.1,5.082,165,1,0
ember_9b31ce257a9b.exe,1967104,22.11,5.244,1,0,0
ember_f9c2d54e2e9b.exe,9721448,9.13,4.83,506,1,0
ember_8ed845ca3ce8.exe,637952,22.95,4.6,64,1,0
ember_467bc6afa6d2.exe,65616,40.52,4.289,52,1,0
ember_fd1c0215d44e.exe,5000313,0.9,7.334,7,0,0
ember_226c2ff084ab.exe,452312,16.29,5.631,92,1,0
ember_61a748e6a9bd.exe,800000,20.14,6.569,0,0,0
ember_fbd47a7fc9e4.exe,59344,19.92,3.58,1,0,0
ember_2f3c6cf848aa.exe,247968,29.14,3.572,1,0,0
ember_603ac1498b98.exe,229376,30.73,3.825,1,0,0
ember_f85d6abdef64.exe,10484135,0.6,4.7,158,0,0
ember_a47c75158f20.exe,513024,13.22,5.526,400,2,0
ember_a134129e6331.exe,621620,18.63,3.955,367,1,0
ember_5140df35f135.exe,185656,16.81,5.121,155,2,0
ember_0d1aa6a28671.exe,1195726,97.22,4.707,92,0,0
ember_981dcfe317cd.exe,153318,23.22,4.354,120,2,0
ember_113cd05e5605.exe,1496592,16.27,4.473,1650,1,0
ember_0877d763a6cb.exe,421395,19.57,5.714,283,1,0
ember_0438aa59dad3.exe,128369,1.3,3.963,0,0,0
ember_0c8939d10347.exe,18224,18.93,4.017,20,1,0
ember_1ec079455881.exe,253045,8.18,5.737,104,1,0
ember_85b023069f97.exe,695472,95.1,1.144,0,0,0
ember_23e40bec58d3.exe,6735753,14.43,1.82,0,0,0
ember_ba868eed95bb.exe,345824,19.45,4.613,105,1,0
ember_36ceff2ef46a.exe,326248,10.01,5.323,488,1,0
ember_cf82d1183fb8.exe,19605,13.74,2.167,0,0,0
ember_075c8e37f2ef.exe,7556248,19.66,1.765,0,0,0
ember_089af12cb67f.exe,225135,24.86,4.556,122,2,0
ember_dd99776ae945.exe,696832,6.86,3.281,1,0,0
ember_ed08732d83e8.exe,504320,4.74,5.636,5,0,0
ember_e0ee9120852e.exe,13344,20.06,3.452,1,0,0
ember_2e5bac7385f6.exe,91648,23.8,3.083,110,1,0
ember_c3f529d24369.exe,53248,51.39,3.262,1,0,0
ember_496c587734b5.exe,860976,1.64,6.974,7,0,0
ember_7298ac75b649.exe,217648,14.19,1.236,0,0,0
ember_c957d695a26e.exe,637992,9.46,5.513,195,1,0
ember_88c5c28c6add.exe,5001277,0.64,4.396,8,0,0
ember_2be78fdb88b9.exe,1032304,22.19,4.126,432,1,0
ember_ffc98339801c.exe,720896,3.03,3.492,13,1,0
ember_6a3632e34e60.exe,70656,34.62,3.51,1,0,0
ember_8b92cb926103.exe,10240,48.08,2.478,0,0,0
ember_1cf4c83bb38a.exe,1595529,39.7,3.771,157,1,0
ember_393a9a8781b1.exe,17920,30.82,3.253,1,0,0
ember_ede1625f4437.exe,1702400,18.51,5.612,527,2,0
ember_670eeeeb4272.exe,126976,23.14,4.118,62,0,0
ember_29804a5ac8b8.exe,8192,40.53,3.372,1,0,0
ember_1a4d30a485f6.exe,19456,27.31,2.108,0,0,0
ember_5b37a4b62628.exe,402944,11.18,4.564,1,0,0
ember_de7ce8f77181.exe,3171968,0.71,4.397,8,0,0
ember_e39ade5daf55.exe,807026,14.2,1.097,0,0,0
ember_f3033a6dfdf3.exe,34304,40.51,2.598,45,1,0
ember_bb6980be2ed4.exe,2489856,16.35,4.749,659,2,0
ember_50d3e570ebce.exe,799323,14.33,1.095,0,0,0
ember_88af68d079b7.exe,244736,12.52,4.757,1,0,0
ember_0a220d93a462.exe,852473,11.06,1.5,0,0,0
ember_b2fa7c0585fe.exe,76800,25.72,3.738,1,0,0
ember_ac79d34417ad.exe,10752,39.02,3.405,1,0,0
ember_4e2553cf44ac.exe,462399,3.88,5.799,104,1,0
ember_d69b6129f0c5.exe,637992,9.46,5.513,195,1,0
ember_34b7a7742930.exe,712704,19.97,5.78,0,0,0
ember_2d979e833529.exe,18904,24.57,3.612,1,0,0
ember_8e877e5b8b39.exe,2895872,1.09,4.481,164,0,0
ember_d2ac3250d899.exe,744430,1.72,5.285,6,0,0
ember_7557b2e6d37d.exe,570392,11.06,4.379,236,2,0
ember_3643f0af97c4.exe,192640,83.43,0.582,0,0,0
ember_a60736864905.exe,9361920,22.98,5.471,0,0,0
ember_97dfc22c6488.exe,806746,14.2,1.097,0,0,0
ember_dab4718c3017.exe,2560,64.06,3.086,1,0,0
ember_a07e5038e39c.exe,888744,17.47,4.312,170,2,0
ember_ee269911ef94.exe,795800,12.21,5.199,178,2,0
ember_07fb2032d2ae.exe,5003470,1.64,5.542,264,2,0
ember_957ef2c695fd.exe,2537355,2.49,4.763,119,1,0
ember_143322862c1d.exe,229376,37.72,4.193,7,0,0
ember_b3e16c8cec9a.exe,107624,94.22,0.18,0,0,0
ember_34d70950eaf2.exe,2560,61.72,3.063,1,0,0
ember_cd9911b46922.exe,107520,23.99,4.233,98,1,0
ember_99d29732a816.exe,800894,14.31,1.095,0,0,0
ember_a600bb758a27.exe,712704,5.57,5.223,80,1,0
ember_d9338bc6bb7c.exe,65000,66.67,3.596,52,1,0
ember_350ec716fb74.exe,869376,7.82,5.565,296,1,0
ember_756fa0801f7f.exe,2523712,0.68,5.093,158,0,0
ember_fd36a51db741.exe,11776,39.4,3.361,1,0,0
ember_1b5c1e5dff45.exe,300032,2.27,5.72,9,0,0
ember_2ed3d2841686.exe,124928,47.58,3.948,0,0,0
ember_30775d64d483.exe,10485487,0.61,5.057,171,0,0
ember_486074a6436e.exe,345728,18.96,5.276,253,2,0
ember_9ce6d3c93199.exe,696320,17.8,5.337,159,0,0
ember_f85d6144303a.exe,39631,22.06,5.068,158,0,0
ember_7ca81a5c0de7.exe,637992,9.46,5.513,195,1,0
ember_cbaf02177367.exe,9216,37.39,3.219,1,0,0
ember_9bd3a9d16589.exe,1845871,3.69,6.485,23,0,0
ember_d455137c7023.exe,47736,53.87,3.383,4,0,0
ember_ebddc5cebf13.exe,2768999,1.47,4.234,37,0,0
ember_2254ec8783f8.exe,167368,31.65,3.132,0,0,0
ember_0301f0468574.exe,7842674,0.56,4.584,8,0,0
ember_e494dfc040b9.exe,440736,26.55,4.127,0,0,0
ember_2a5138047018.exe,26544,21.95,3.709,1,0,0
ember_99b0c2fde6e7.exe,7680,65.83,3.41,0,0,0
ember_e7a6a4ac0929.exe,5003655,1.4,4.688,120,2,0
ember_353ad723ea48.exe,1355984,17.16,5.051,140,1,0
ember_4b53cf659f41.exe,31232,16.98,4.388,1,0,0
ember_d924298f5d59.exe,217088,16.13,4.808,1,0,0
ember_2c3a188b8365.exe,1363968,16.84,5.814,447,2,0
ember_4a415d5a8b47.exe,5242880,11.92,1.337,0,0,0
ember_1f57766c753c.exe,15872,29.73,3.299,1,0,0
ember_026fc3ff6340.exe,42624,35.33,2.838,0,0,0
ember_619dc4612675.exe,907264,8.31,4.658,212,0,0
ember_93a356522f8d.exe,5202432,21.33,4.402,566,1,0
ember_018c0b7670e4.exe,6871040,1.37,5.958,20,0,0
ember_495e675c4bd0.exe,107523,82.65,4.194,66,1,0
ember_b250181a243c.exe,2766336,0.35,3.78,1,0,0
ember_8d3cb8f69d92.exe,5002760,8.48,3.048,532,2,0
ember_eb2d65913a10.exe,21760,15.81,3.376,1,0,0
ember_2ec14cfb3073.exe,3103744,10.85,6.593,209,1,0
ember_15699b213a84.exe,752512,5.09,5.948,117,1,0
ember_fad5fc1aca87.exe,2446726,66.33,0.898,0,0,0
ember_ef923e6decd8.exe,29814488,0.42,4.798,157,0,0
ember_8c7e5d5068c9.exe,621620,18.63,3.955,367,1,0
ember_365bb8307938.exe,593448,22.12,5.384,195,1,0
ember_2d8d9647c29e.exe,818688,30.2,4.343,0,0,0
ember_88ed718db32a.exe,24082172,0.58,5.066,134,1,0
ember_da932a915bc7.exe,77824,41.18,4.235,122,1,0
ember_9400485cad31.exe,192722,26.35,5.145,167,0,0
ember_67b3fe02ac19.exe,61440,33.89,4.328,78,1,0
ember_2235d4525da9.exe,167424,9.87,4.582,1,0,0
ember_ccfd7edca8c5.exe,1658880,18.54,2.786,121,0,0
ember_8859fb8b489f.exe,1151809,9.95,3.984,556,2,0
ember_75aba2a5ce60.exe,3174680,14.52,4.78,69,1,0
ember_aab7f95884ee.exe,170496,48.13,3.233,1,0,0
ember_edc38bd69038.exe,10485460,3.05,4.315,133,2,0
ember_220e582baa8c.exe,30480,22.61,4.975,24,0,0
ember_f5202ce87ca3.exe,21004,22.9,5.322,27,1,0
ember_411ea8b1df2a.exe,574976,3.46,4.523,1,0,0
ember_15fc4e796158.exe,305664,25.99,3.629,1,0,0
ember_de7756b32c84.exe,794192,97.96,3.191,50,0,0
ember_9200537d840e.exe,225280,30.54,5.025,205,0,0
ember_24040f8b468b.exe,3606640,19.78,5.137,252,2,0
ember_215184f68862.exe,813987,14.08,1.099,0,0,0
ember_681076bca341.exe,86528,21.46,4.938,148,1,0
ember_d1b3f8a6b2f3.exe,25619,40.47,3.468,57,0,0
ember_16731781d0c0.exe,317104,16.56,5.51,121,1,0
ember_e921f3b4ae42.exe,5003055,0.8,4.895,165,1,0
ember_5a0ee3db2ed5.exe,348160,18.6,4.855,123,1,0
ember_382b936dd8c5.exe,807682,14.19,1.098,0,0,0
ember_0c93aaa7bb1e.exe,5003278,0.71,3.636,122,0,0
ember_28c039bbf869.exe,1582180,21.19,4.47,0,0,0
ember_d6c41ecdfb37.exe,4800320,0.72,4.979,167,0,0
ember_6635886f9d55.exe,441344,27.08,4.265,250,0,0
ember_e7e5b33d63d1.exe,826444,13.86,1.103,0,0,0
ember_43ad6e966a33.exe,1712474,26.22,5.145,506,2,0
ember_48072bb48699.exe,4096,93.53,0.0,0,0,0
ember_26939745ab63.exe,3584,54.3,4.368,0,0,0
ember_a7b101071e03.exe,5000544,0.86,4.467,115,1,0
ember_022852c944e3.exe,9640408,1.5,5.869,8,0,0
ember_1a2801c31a4c.exe,817881,4.24,5.619,214,2,0
ember_02e62b80198a.exe,75920,4.51,7.795,7,0,0
ember_f9e3164dfc17.exe,2374307,13.02,5.338,290,1,0
ember_67263bba3878.exe,2500096,15.21,5.493,1,0,0
ember_094b045df430.exe,59124,26.9,4.475,194,0,0
ember_a38938a747e7.exe,10485760,0.91,4.664,133,2,0
ember_583bfe4d71c0.exe,26624,35.38,3.441,191,0,0
ember_07d6e3d76a90.exe,229376,9.48,1.319,0,0,0
ember_0d5f5fe184da.exe,367896,4.65,6.435,11,0,0
ember_2a9968e13fff.exe,161592,43.23,4.753,0,0,0
ember_8468c0968c58.exe,317536,36.08,2.972,175,0,0
ember_00bdcdfc76cf.exe,405504,19.98,5.243,136,1,0
ember_d7c90709b963.exe,3584,67.49,2.946,1,0,0
ember_dddd21833ede.exe,16649,24.7,4.474,54,0,0
ember_3b5192d05796.exe,2777088,31.83,4.213,7,0,0
ember_35f3fdd2c5ce.exe,182264,6.72,7.551,3,0,0
ember_3b520f130304.exe,4096,18.55,3.864,0,0,0
ember_48ba60eddc6c.exe,419600,34.44,3.46,1,0,0
ember_c938239f53bc.exe,8192,21.79,0.99,0,0,0
ember_6bff5fb51f1a.exe,95748,15.03,1.229,0,0,0
ember_6ef385afcfb3.exe,5002148,0.83,6.125,146,0,0
ember_900d47b40579.exe,10484722,0.81,4.517,135,2,0
ember_53176014f395.exe,22016,37.27,3.287,1,0,0
ember_612fdc50ecab.exe,1171456,17.1,3.176,168,0,0
ember_04ce974626b4.exe,30208,31.61,3.59,1,0,0
ember_d73dcb953de0.exe,989184,25.77,3.661,1,0,0
ember_9ee8ee120521.exe,201728,16.69,6.008,8,0,0
ember_d238d9c00c28.exe,5000152,1.21,5.212,154,0,0
ember_d5dac65cd4c7.exe,11264,71.6,1.556,0,0,0
ember_0e8148f11fea.exe,80000,19.24,4.726,92,2,0
ember_c283b1c04708.exe,5003232,0.64,4.415,8,0,0
ember_e0f6a3472147.exe,5000695,3.66,4.105,447,3,0
ember_8caeff84773c.exe,3007232,28.28,3.012,359,3,0
ember_a3e4c7298664.exe,225280,13.35,4.395,50,1,0
ember_9f7b8f336980.exe,2110861,1.42,4.42,63,0,0
ember_2f50f05157cd.exe,5002893,0.43,5.859,98,0,0
ember_74c1ed1a8199.exe,5003364,1.32,5.533,154,0,0
ember_133ea97bdd5f.exe,368532,23.98,3.478,1,0,0
ember_03dc899a5c15.exe,441592,15.48,4.028,131,1,0
ember_fb4fccf89fc4.exe,800000,17.87,3.213,0,0,0
ember_c2ae967779c9.exe,149545,15.55,2.934,132,2,0
ember_305e93f44990.exe,921600,13.01,5.742,338,1,0
ember_6d3aae37416a.exe,1095680,7.53,4.731,1,0,0
ember_341ba819bca4.exe,5002552,0.67,5.284,204,1,0
ember_85b2cc6f1ef1.exe,169192,12.89,4.726,171,0,0
ember_52b2384fb835.exe,609488,11.99,5.201,52,1,0
ember_08bfbd569048.exe,219000,0.25,3.16,0,0,0
ember_47b1a0e72d63.exe,65296,23.0,4.497,70,1,0
ember_41f510df2729.exe,109796,16.81,4.863,542,0,0
ember_ad5f4eb39f60.exe,82432,20.15,5.261,243,0,0
ember_41b986745ec8.exe,576000,49.13,2.402,1,0,0
ember_36c2548a5ca5.exe,61960,18.89,4.159,86,1,0
ember_0cb728019468.exe,231424,40.73,3.032,1,0,0
ember_8a9849137b6f.exe,12800,54.79,3.811,0,0,0
ember_94078566c845.exe,27667,42.2,3.586,56,0,0
ember_19838bfc29ca.exe,1824680,2.67,5.518,167,2,0
ember_c85fd83ca6e6.exe,68528,26.64,3.684,1,0,0
ember_cbc0b8a00e5c.exe,3072,59.05,3.909,0,0,0
ember_f0912a54a341.exe,262144,14.01,1.641,0,0,0
ember_d3545cbf8655.exe,12288,13.56,1.303,0,0,0
ember_c913f94962fc.exe,192582,12.57,1.281,0,0,0
ember_7d26c77578b2.exe,1604096,1.77,4.354,1,0,0
ember_c0c4c27271b8.exe,201216,14.61,4.598,1,0,0
ember_2c233a8567ce.exe,50176,32.34,2.648,81,1,0
ember_446687b81d6e.exe,29502,16.22,1.581,0,0,0
ember_7fbcf64a017e.exe,5000912,0.67,5.286,204,1,0
ember_14f2bbdcc099.exe,434182,17.51,5.498,195,1,0
ember_a5f31ef1097b.exe,23584,19.83,3.501,1,0,0
ember_143a98885723.exe,217160,12.24,4.66,120,1,0
ember_238e3ba562c1.exe,4102656,1.8,4.507,2,0,0
ember_26b14c1ad017.exe,181760,44.33,3.2,1,0,0
ember_8095d914fe2f.exe,4096,93.53,0.0,0,0,0
ember_ae03ad321f91.exe,615424,23.9,4.277,1,0,0
ember_c4e2e7491a73.exe,367908,4.67,6.435,11,0,0
ember_759f4fdaee25.exe,45016,39.5,3.639,114,1,0
ember_db317709dc66.exe,4906040,17.4,5.705,646,2,0
ember_d3b3db420f12.exe,185622,14.22,1.241,0,0,0
ember_ffb0f8e65575.exe,10484712,0.5,6.761,2,0,0
ember_94cc95e93df3.exe,127488,18.59,4.928,68,1,0
ember_67798e4400c3.exe,595387,15.82,5.124,193,0,0
ember_88bfbf20455f.exe,57856,20.1,4.576,68,0,0
ember_2d7b486f9390.exe,1244672,1.18,5.632,1,0,0
ember_d165154aa3ce.exe,5230652,18.9,5.628,589,1,0
ember_6fb53b7ea79b.exe,122880,28.22,4.726,162,1,0
ember_0089c4c674bc.exe,107008,32.58,3.507,1,0,0
ember_98704d5dee35.exe,2339768,86.31,0.831,0,0,0
ember_d37dcdd56597.exe,759808,23.36,4.492,249,1,0
ember_1b9a7b047f4d.exe,289043,1.11,3.961,0,0,0
ember_2200cd2d837d.exe,55296,53.56,3.842,0,0,0
ember_c81dc7c7b4f5.exe,266240,25.98,5.435,282,0,0
ember_ff286d878364.exe,731681,14.97,4.765,18,0,0
ember_b0f3bf4f2567.exe,1583187,2.23,5.366,59,0,0
ember_50abf0ab80c1.exe,185969,31.48,5.037,215,1,0
ember_57a4ef38e853.exe,1850880,16.08,3.61,300,5,0
ember_537c4e2b4ea6.exe,280015,23.65,5.044,105,1,0
ember_62da8536bf2b.exe,140800,32.69,4.237,181,0,0
ember_7082a584b69b.exe,54269,15.45,1.269,0,0,0
ember_0529e23a4b75.exe,363000,13.42,5.148,94,1,0
ember_55a7c5612716.exe,7680,51.43,2.316,0,0,0
ember_0668b7f87535.exe,572095,3.12,4.033,53,1,0
ember_a0396e201f62.exe,5000955,0.72,5.442,154,0,0
ember_95d7feebe101.exe,7520962,22.14,4.793,354,0,0
ember_253c680a3011.exe,1196050,17.25,1.26,0,0,0
ember_518965ffc15f.exe,5002033,0.66,5.557,154,0,0
ember_fb2cc4addd2b.exe,174704,28.08,5.441,76,1,0
ember_f08edae2a4af.exe,144896,6.68,3.733,1,0,0
ember_bba725a95921.exe,192640,97.06,0.124,0,0,0
ember_a029492635bc.exe,76288,24.3,3.752,1,0,0
ember_5bc074acf4ea.exe,139776,21.73,5.205,119,0,0
ember_643112409a47.exe,2661888,14.97,5.662,597,2,0
ember_95c7d912e62c.exe,791892,5.24,5.232,233,2,0
ember_71d03429ce29.exe,1644032,30.33,3.641,1,0,0
ember_654e9c31bad5.exe,68096,18.28,4.462,47,1,0
ember_07e1f51771e9.exe,6656,48.44,3.261,1,0,0
ember_e4658ca98eb9.exe,2224319,15.27,5.785,547,2,0
ember_38a287ef824f.exe,262656,6.24,7.807,0,0,0
ember_823a595aa86f.exe,10485760,0.67,4.346,167,1,0
ember_7169038096d6.exe,18988,29.57,4.341,41,1,0
ember_c572136c2a14.exe,728576,14.07,4.73,506,0,0
ember_1104438ac9c9.exe,220624,11.96,5.333,228,4,0
ember_f002f4e0c578.exe,5001542,1.59,5.351,174,2,0
ember_0a3777e7c4d8.exe,36864,30.0,3.482,1,0,0
ember_2b4927091b1a.exe,51200,15.04,4.39,1,0,0
ember_5d8eaa167e97.exe,5003337,0.8,5.556,154,0,0
ember_d0cb4e7b65ab.exe,2508800,7.66,4.898,1,0,0
ember_037519188e3c.exe,5003568,11.66,4.29,638,1,0
ember_da9decd823f7.exe,53248,43.01,3.52,1,0,0
ember_32d835025584.exe,1578425,0.52,6.274,6,0,0
ember_e95193d9803b.exe,274824,19.08,5.454,121,1,0
ember_c4ba140d9b8e.exe,595456,48.25,2.491,1,0,0
ember_4559e4645370.exe,244056,58.02,3.846,38,1,0
ember_eb095d1a3a5b.exe,243200,25.73,3.599,1,0,0
ember_580f5dd7de36.exe,144040,23.59,3.827,1,0,0
ember_4a1285523503.exe,385536,2.16,6.85,0,0,0
ember_cc327f846377.exe,2170880,23.4,2.633,194,0,0
ember_faa68b1b6ea9.exe,798542,14.35,1.095,0,0,0
ember_b37cdc98d71c.exe,228585,13.05,0.909,0,0,0
ember_71926b0d3c44.exe,606208,14.86,3.818,1,0,0
ember_7861460d0afb.exe,281248,0.79,6.984,0,0,0
ember_3cb2db6862c9.exe,807711,14.18,1.098,0,0,0
ember_35058fb1a9e9.exe,181248,12.21,4.582,1,0,0
ember_c52f8f941ec5.exe,810844,14.13,1.099,0,0,0
ember_8f38ffd9af18.exe,877600,26.92,1.768,0,0,0
ember_a78f7c4db87a.exe,998688,42.33,5.144,166,1,0
ember_31e966d4d907.exe,2420736,38.38,3.823,12,0,0
ember_66c328784c9f.exe,671592,21.18,4.759,237,3,0
ember_39184080f253.exe,149372,5.52,6.146,154,0,0
ember_fe40f91f3315.exe,38912,31.23,3.485,1,0,0
ember_73678b0a3611.exe,1896448,21.09,3.753,163,0,0
ember_5dd405b10a8a.exe,1152,56.77,4.17,0,0,0
ember_b419deb84a9e.exe,595920,20.7,3.878,1,0,0
ember_49558b5a2e33.exe,49683,29.41,3.616,89,0,0
ember_eb40cba2e666.exe,132221,21.07,4.904,94,1,0
ember_5f48afde6add.exe,37200,44.66,5.873,94,0,0
ember_44c75fdde764.exe,790528,16.77,5.774,305,1,0
ember_8c9b8ccc87bd.exe,447716,7.08,4.549,67,1,0
ember_8422419a9647.exe,1572344,22.29,3.673,0,0,0
ember_35054aa47d31.exe,19968,29.3,3.838,1,0,0
ember_a4cd0d496efd.exe,5002807,1.11,4.35,122,2,0
ember_06f8e3651e61.exe,802064,14.28,1.096,0,0,0
ember_c475b37248e9.exe,130560,16.27,4.529,0,0,0
ember_1fc245c96199.exe,806352,16.64,5.347,173,2,0
ember_272603715db3.exe,109568,19.13,5.038,68,1,0
ember_4a2ea19f6076.exe,130716,14.56,3.929,97,0,0
ember_687347b05081.exe,76302,42.18,4.275,47,1,0
ember_4433a0fba5df.exe,2688398,0.61,5.189,8,0,0
ember_e1f15e850f6e.exe,319488,26.53,4.848,58,0,0
ember_fe6cc399a076.exe,943104,27.55,4.512,341,0,0
ember_e937de04adab.exe,26152,15.25,3.616,1,0,0
ember_68f4b6504cfc.exe,6172510,0.59,4.411,8,0,0
ember_07291ffb5e01.exe,524288,38.73,5.134,813,1,0
ember_a08eff5eab62.exe,344879,3.12,5.905,14,0,0
ember_7973ead1a252.exe,799868,14.32,1.095,0,0,0
ember_60d7809b39e4.exe,836608,10.96,4.844,1,0,0
ember_cb17162f0974.exe,1084472,16.28,5.175,191,3,0
ember_8b64c5e1e14c.exe,269824,15.34,5.026,225,2,0
ember_11ba627ed4ae.exe,5003680,1.42,4.374,167,1,0
ember_6e7b6ff716a7.exe,4030403,0.87,6.277,133,0,0
ember_4eaa018458b6.exe,46592,27.75,3.437,1,0,0
ember_818b68d89fab.exe,809758,14.15,1.098,0,0,0
ember_8ed356df3b71.exe,70470,1.52,3.999,0,0,0
ember_44c62bc18e4d.exe,835584,50.77,3.303,1,0,0
ember_f999f1a6f3e3.exe,118784,36.81,2.899,146,0,0
ember_48c49d206aab.exe,161280,26.68,3.524,1,0,0
ember_6ae7a71f20e5.exe,1658240,3.36,5.518,121,1,0
ember_848f9ed864d9.exe,68152,17.88,4.691,0,0,0
ember_12f4bf32d792.exe,4147200,21.45,4.513,1,0,0
ember_8bc552f91088.exe,122368,31.65,3.486,1,0,0
ember_1a2deea1071c.exe,802443,14.28,1.096,0,0,0
ember_64b156aead5f.exe,393216,22.72,3.052,125,0,0
ember_5c0c14fb8374.exe,1578863,2.52,4.592,88,0,0
ember_83efadfceea7.exe,4820611,1.39,4.336,89,2,0
ember_7b177e9326b1.exe,4502016,21.77,3.828,811,1,0
ember_80f0a8203166.exe,19829584,22.72,4.155,666,2,0
ember_647b4517d034.exe,17408,26.81,5.421,20,1,0
ember_5535f9c8f728.exe,276768,50.16,4.436,188,1,0
ember_805b6d393ceb.exe,150528,52.21,3.155,1,0,0
ember_f91eabd51eb8.exe,3834352,12.57,5.344,340,2,0
ember_064a2ebf2e6a.exe,160944,9.95,5.251,40,1,0
ember_782d3a6684f7.exe,19632,27.78,4.21,22,0,0
ember_9256656ba548.exe,454656,20.07,5.383,332,2,0
ember_9f28e4e77a5a.exe,20480,57.77,3.78,1,0,0
ember_cdfc559a0ed3.exe,84979,32.53,4.662,91,1,0
ember_37d6e680a8f2.exe,1421475,16.61,4.755,417,1,0
ember_8d53cc78226a.exe,547183,6.32,1.318,0,0,0
ember_e7876687d02f.exe,1341688,17.39,5.793,519,4,0
ember_040c01a2ee82.exe,5002038,1.22,3.534,107,0,0
ember_0f1c63963cdb.exe,11776,36.72,3.399,1,0,0
ember_d587153e43c0.exe,2469888,34.59,4.99,7,0,0
ember_f8c45e6a9380.exe,46408,26.77,3.48,1,0,0
ember_8d6a2151ddc9.exe,1372160,80.17,2.476,0,0,0
ember_58a354fd994a.exe,1605019,22.04,1.899,0,0,0
ember_ec1064dad002.exe,61952,29.65,3.475,1,0,0
ember_cb707baf5068.exe,11776,40.06,3.187,1,0,0
ember_5c6c36dc4e21.exe,10485760,1.54,3.881,391,2,0
ember_f3bcfcab600f.exe,111104,19.02,4.965,65,1,0
ember_2f2bbebcdcf4.exe,1971256,48.97,3.107,1,0,0
ember_4531135d4058.exe,55808,35.23,3.49,103,1,0
ember_91f157d1838f.exe,18944,34.08,3.244,1,0,0
ember_3c0bb4313a98.exe,933888,78.2,0.298,0,0,0
ember_2b9c507ae6b0.exe,55434,12.91,1.326,0,0,0
ember_3fa3fc0a531b.exe,1165312,6.23,6.578,0,0,0
ember_bfb7ae93d5c8.exe,960,60.52,3.916,0,0,0
ember_02b9d74b5ec9.exe,1217536,17.18,5.818,469,0,0
ember_f50b6f1c3375.exe,798849,14.34,1.095,0,0,0
ember_1ea4ea4ffa8b.exe,56264,14.71,3.994,43,1,0
ember_dddb52ea7b68.exe,393672,11.23,0.916,0,0,0
ember_88708d7fe479.exe,26960,17.63,5.287,85,1,0
ember_09b054eb9df4.exe,164336,79.36,0.612,0,0,0
ember_13b19291417e.exe,1349528,19.19,5.218,548,2,0
ember_790a70240b09.exe,2148794,4.89,4.351,215,0,0
ember_145871c9ae88.exe,9216,38.4,4.784,0,0,0
ember_ee0b0e79697f.exe,1810796,11.24,4.876,257,2,0
ember_4d26025fff32.exe,2016,40.08,4.366,0,0,0
ember_0e27e466507b.exe,1482880,4.62,4.76,314,1,0
ember_f1b3fe070d85.exe,254976,16.13,4.31,1,0,0
ember_c2caa31ec8a2.exe,363112,22.93,4.527,44,1,0
ember_6ad2cd7fdad6.exe,303616,29.78,3.642,1,0,0
ember_2cdec18a04e7.exe,802610,14.27,1.096,0,0,0
ember_59e9ff845e26.exe,1470464,7.77,4.116,0,0,0
ember_12da75a7c488.exe,4505698,0.45,4.7,70,0,0
ember_00940f37a10b.exe,415232,20.41,5.466,286,1,0
ember_fe47d32d8feb.exe,637992,9.46,5.513,195,1,0
ember_a2d31cf1c754.exe,32768,31.02,3.152,1,0,0
ember_5072d8da56f4.exe,5001743,0.76,4.027,153,0,0
ember_32bc5aa525af.exe,9572832,10.63,4.946,0,0,0
ember_7d889defd01f.exe,1303552,1.12,6.807,21,1,0
ember_8e10f6e1a875.exe,409488,23.0,4.691,94,1,0
ember_71cea18ba71d.exe,51200,23.1,4.661,171,0,0
ember_fbef69cb7afa.exe,6111232,1.3,6.368,149,2,0
ember_2f39ba7a86f0.exe,1667072,38.93,3.823,12,0,0
ember_07831ad7287d.exe,8192,36.73,3.142,1,0,0
ember_3fbf6565dd91.exe,136386,20.93,4.693,145,1,0
ember_f1050d6e365f.exe,641968,14.21,1.094,0,0,0
ember_bd4cdc3178f0.exe,978992,9.81,5.51,381,2,0
ember_93c165703350.exe,637992,9.46,5.513,195,1,0
ember_484c3e54417a.exe,251976,14.03,5.056,608,1,0
ember_865ce52eed5f.exe,181131,1.24,3.961,0,0,0
ember_0be3577b0327.exe,10752,39.03,3.411,1,0,0
ember_00158ed7b0d3.exe,54616,27.98,3.429,1,0,0
ember_87f39e9f859d.exe,34944,11.67,3.444,1,0,0
ember_b58f4f2e24b2.exe,69632,1.28,1.997,0,0,0
ember_4ad33e6e5f86.exe,318464,22.43,3.733,1,0,0
ember_71c3753c97b3.exe,913412,40.38,4.461,433,1,0
ember_0a24010016df.exe,60891,13.33,1.953,0,0,0
ember_515b7f17796c.exe,122480,17.36,4.639,232,1,0
ember_813df5f2569c.exe,970752,53.22,1.985,288,1,0
ember_cbd76e7b63c4.exe,41984,35.93,2.498,87,1,0
ember_cf0505204dd2.exe,489472,25.15,3.505,1,0,0
ember_d09c1e10d088.exe,28105,45.16,3.584,30,0,0
ember_35946986c05e.exe,90112,32.56,3.131,118,0,0
ember_194ab453246f.exe,277504,18.03,5.496,114,2,0
ember_6fd73393bce9.exe,57088,28.8,4.366,79,1,0
ember_b17acf7b8964.exe,2858496,1.03,4.577,1,0,0
ember_2cc3bb2fc8f8.exe,4000354,0.9,5.556,154,0,0
ember_abc7ddaaa57e.exe,2339768,12.57,5.298,190,2,0
ember_35bd0582bb05.exe,2105618,22.71,3.975,1177,0,0
ember_c9f78f357863.exe,93696,47.62,3.778,0,0,0
ember_c2eade27da01.exe,19368304,0.48,4.615,152,0,0
ember_5a779bec5ffe.exe,10482852,0.63,4.903,165,0,0
ember_91af0e78ef2b.exe,195072,28.16,3.631,1,0,0
ember_ea03a46faf63.exe,74240,16.02,4.827,1,0,0
ember_566e4ad18be7.exe,64880,34.3,3.339,60,0,0
ember_23fd07da191c.exe,5000020,0.46,7.102,50,0,0
ember_3722e83c35fa.exe,48128,19.65,4.025,1,0,0
ember_2dbeed89d882.exe,19072,21.53,3.58,1,0,0
ember_df1dbcaa3468.exe,288732,27.12,4.487,173,1,0
ember_174e33cd6344.exe,300132,7.52,5.178,165,0,0
ember_4393e158aac4.exe,806179,14.21,1.097,0,0,0
ember_badda6cb0143.exe,10480825,0.57,4.52,167,0,0
ember_7ddba6ad5ce6.exe,1257472,11.03,4.572,428,2,0
ember_bc2828c11b44.exe,5001396,1.49,4.332,122,2,0
ember_9ac6231adca5.exe,5632,53.64,3.987,0,0,0
ember_7a8af275a5e0.exe,28792,24.97,3.522,1,0,0
ember_584c00717886.exe,74240,5.46,6.078,1,0,0
ember_42982f3f8df0.exe,667648,12.3,3.532,1,0,0
ember_77fcb3c1289c.exe,1786368,25.16,3.111,0,0,0
ember_628773d4f0b4.exe,1271288,8.24,3.683,150,1,0
ember_1099875a1467.exe,313856,16.13,4.855,1,0,0
ember_9ee6f7d1ddce.exe,278016,29.0,3.15,102,1,0
ember_0f1df06a47a2.exe,49152,17.38,1.246,0,0,0
ember_bdf9ef7e3d21.exe,637992,9.46,5.513,195,1,0
ember_a9acc2703684.exe,2406400,17.7,5.376,1,0,0
ember_bbc16862f648.exe,22968,11.54,3.482,1,0,0
ember_022552902429.exe,2685440,2.13,4.455,119,1,0
ember_e952145ce315.exe,1925632,54.5,2.537,1,0,0
ember_adb2b8cc739c.exe,2727320,16.12,5.475,587,1,0
ember_807d7c5a6a1c.exe,362630,14.63,4.662,17,0,0
ember_2284bf5db0e8.exe,42735,10.47,5.616,6,0,0
ember_906d042db1a0.exe,1230336,3.36,2.296,1,0,0
ember_34a21c64c78f.exe,97792,21.99,4.509,79,0,0
ember_0bb21aed2d79.exe,132992,9.99,5.598,151,0,0
ember_4801de067180.exe,5001336,0.46,7.355,7,0,0
ember_3ecab6bb186b.exe,460314,5.69,6.234,124,1,0
ember_089d7522a520.exe,310290,22.39,1.977,0,0,0
ember_25d55be5cbca.exe,809876,14.15,1.098,0,0,0
ember_3e706df346f7.exe,5002647,1.11,4.349,122,2,0
ember_5af035bcab18.exe,739049,2.16,4.585,84,0,0
ember_69518a56654b.exe,4001792,5.42,4.432,120,2,0
ember_611fa9712e61.exe,873472,15.59,5.242,15,0,0
ember_976fe39acb3f.exe,253039,8.18,5.737,104,1,0
ember_ac983b785933.exe,409600,19.07,3.417,311,1,0
ember_fd17306f1069.exe,46080,54.29,3.484,0,0,0
ember_2f88302c33ce.exe,1172216,13.54,5.211,471,1,0
ember_b17057c28341.exe,3145496,14.56,4.78,69,1,0
ember_2e09f986899c.exe,83328,6.93,7.762,0,0,0
ember_cd2cbe6e39c6.exe,5001216,0.95,5.746,146,1,0
ember_9df7898e20b3.exe,524288,5.11,6.045,0,0,0
ember_d302d330a105.exe,5122219,1.2,5.523,154,0,0
ember_eb20c22852e5.exe,221184,11.06,3.562,83,0,0
ember_4cc46717c784.exe,1517056,3.73,4.71,1,0,0
ember_ea0e9aac8848.exe,525600,11.66,4.281,1,0,0
ember_e0cc0bfb76ba.exe,5002294,0.8,5.556,154,0,0
ember_7d57ee064aa3.exe,801817,14.29,1.096,0,0,0
ember_56e0dcc6e9f3.exe,4819556,3.93,4.888,272,2,0
ember_ae2fc9c044ad.exe,805372,14.23,1.097,0,0,0
ember_a97047b7af0e.exe,921600,72.73,0.558,0,0,0
ember_a81177168852.exe,139264,24.99,3.659,97,0,0
ember_036a52a3cafb.exe,110896,24.72,4.611,128,2,0
ember_5102fcd6b180.exe,446464,10.54,6.363,10,0,0
ember_f98b02bb1da7.exe,432544,10.72,5.511,167,2,0
ember_c753cd27d33a.exe,155648,31.33,3.415,1,0,0
ember_26ac444fdc15.exe,856064,22.79,5.401,0,0,0
ember_b5a70411e741.exe,471936,11.19,5.517,121,1,0
ember_476e5b956a0b.exe,637992,9.46,5.513,195,1,0
ember_32e519495e5c.exe,106496,33.61,4.537,157,0,0
ember_116e080abd96.exe,1402408,1.64,6.795,19,0,0
ember_ee5669f3ce85.exe,1859584,6.12,4.475,1,0,0
ember_8375e2c205de.exe,118076,12.09,4.444,233,1,0
ember_7ca43627983d.exe,242424,16.11,4.571,208,1,0
ember_7de4ba371fc8.exe,155648,22.28,5.62,120,1,0
ember_e1b5cd96077e.exe,496984,22.55,5.219,436,2,0
ember_2ae57ae2cdf8.exe,33528,23.44,3.727,1,0,0
ember_a7c89e5d0d7a.exe,2785787,18.81,4.436,536,0,0
ember_4d40f227f55c.exe,1291264,11.94,5.712,120,0,0
ember_fb856ee96541.exe,853728,23.61,5.156,258,2,0
ember_752f8569242a.exe,7905280,15.97,5.42,455,1,0
ember_6522bcb7e7ea.exe,1887744,8.32,5.588,152,1,0
ember_cbef350af6ba.exe,22528,28.38,3.898,1,0,0
ember_56d563e3bf98.exe,174080,24.18,3.748,1,0,0
ember_e185dc7993a0.exe,1200128,34.72,4.165,7,0,0
ember_8fe67d104cb7.exe,2480656,11.33,4.681,182,2,0
ember_43327b633691.exe,311880,6.29,4.59,83,1,0
ember_f341ef3857cd.exe,6937,18.42,1.071,0,0,0
ember_8fe906c16a2e.exe,69632,43.31,4.148,81,1,0
ember_820ce856ff86.exe,697203,3.24,3.893,4,0,0
ember_49d84fefd376.exe,806129,14.21,1.097,0,0,0
ember_ea7b58b26366.exe,10481992,5.81,6.2,414,2,0
ember_870955e0855c.exe,362496,13.78,5.031,85,1,0
ember_005a6aa9ea8c.exe,46592,31.07,3.681,67,1,0
ember_867f5bbae85d.exe,431501,17.94,5.065,164,0,0
ember_88f7bb86d09c.exe,154112,24.98,2.687,1,0,0
ember_2cf94414f753.exe,12288,43.54,3.516,52,1,0
ember_3f1591512b88.exe,131584,9.15,4.588,1,0,0
ember_09dc0c551e7c.exe,989696,27.56,4.324,392,0,0
ember_7c740c96ea1b.exe,637992,9.46,5.513,195,1,0
ember_dcf10794f143.exe,137452,15.62,5.911,154,0,0
ember_7583f9faadc9.exe,88576,15.26,3.887,148,1,0
ember_8fb4f78bbe4d.exe,4609456,25.22,4.416,2,0,0
ember_f5485017ef08.exe,5003648,0.58,3.64,122,0,0
ember_9308f7896791.exe,4001144,0.63,4.396,8,0,0
ember_35ee06e48dee.exe,802606,14.27,1.096,0,0,0
ember_109f31bbdf88.exe,5002547,1.68,5.323,148,0,0
ember_bfe43452a5b7.exe,241664,23.76,5.017,261,1,0
ember_8e29234b94e0.exe,625408,12.17,1.001,0,0,0
ember_d98543d6c32a.exe,108312,24.97,4.953,68,1,0
ember_d5e48c0f622b.exe,29696,20.72,4.234,1,0,0
ember_43663010a1d5.exe,1536,90.36,0.576,1,0,0
ember_bce6c9387b71.exe,65024,27.82,4.505,90,1,0
ember_ac47d2f7afbd.exe,3103000,14.63,4.779,69,1,0
ember_c71a301a026f.exe,637992,9.46,5.513,195,1,0
ember_d24b3c28afb8.exe,36864,44.54,3.878,52,1,0
ember_37a6d2a79281.exe,10485144,1.83,5.791,270,2,0
ember_0845ed09b82e.exe,154112,38.78,2.492,83,1,0
ember_3b1bf1017881.exe,241664,23.9,4.082,146,1,0
ember_1a988f5a24e9.exe,26624,26.93,3.875,1,0,0
ember_96856cc2c1a6.exe,336760,26.43,3.68,1,0,0
ember_d3ca2a119f70.exe,1622580,18.93,4.141,128,0,0
ember_d4f449936ba8.exe,644608,39.14,5.364,165,0,0
ember_f814ce0b4281.exe,36864,27.07,3.617,1,0,0
ember_583ba8f9de24.exe,2385944,12.05,5.553,543,2,0
ember_20a71e527bc4.exe,1024,82.81,1.487,0,0,0
ember_48b340e570c6.exe,804316,14.24,1.096,0,0,0
ember_029b4575b506.exe,161280,26.77,3.645,1,0,0
ember_70fc2dd9750d.exe,20480,70.84,3.407,1,0,0
ember_361b55dad1b1.exe,77824,37.62,3.893,66,1,0
ember_d9bbc8655754.exe,2048,63.96,1.307,0,0,0
ember_0b8d2838cee2.exe,5002664,0.54,5.859,98,0,0
ember_b05a3643529a.exe,2560,59.26,3.1,1,0,0
ember_be58c1eb728f.exe,5001216,0.81,6.276,133,0,0
ember_7adbb682cdc8.exe,800000,26.1,4.924,55,1,0
ember_6c9c4c12247b.exe,285864,18.0,5.158,52,1,0
ember_720e4b8158e4.exe,143464,18.06,5.131,154,0,0
ember_f9ed24417800.exe,5000996,1.04,4.35,120,2,0
ember_66f2852f9dcd.exe,409600,8.07,5.212,149,2,0
ember_4aed7114300c.exe,1205248,17.29,3.198,1,0,0
ember_fe529099d800.exe,1524904,21.52,5.596,446,1,0
ember_54f503f1b414.exe,995328,12.28,3.815,8,0,0
ember_05385e348ca4.exe,13824,33.21,4.495,40,1,0
ember_b1918bb879f7.exe,8704,41.27,3.379,1,0,0
ember_4948b7698d35.exe,1436672,30.2,3.233,1,0,0
ember_b6042708feb6.exe,105343,14.09,1.237,0,0,0
ember_22c7b48e84a4.exe,654336,25.15,3.703,1,0,0
ember_e4fae8665f07.exe,51532,12.65,3.981,10,0,0
ember_3d3566028ff3.exe,3145728,30.6,4.096,7,0,0
ember_f00aeda49f45.exe,6495544,14.46,4.53,1,0,0
ember_f5bbd3a215e4.exe,817518,14.01,1.1,0,0,0
ember_c267e51c4797.exe,905216,89.37,1.281,0,0,0
ember_c95156ea5238.exe,173416,44.03,4.083,108,0,0
ember_420cda506e91.exe,1130328,4.11,5.375,98,1,0
ember_22b8cebf2a22.exe,9216,28.17,1.981,0,0,0
ember_2ae3bd2ddf85.exe,30208,27.46,3.361,1,0,0
ember_02365aa8b735.exe,1345024,29.74,5.243,0,0,0
ember_2284956ab27b.exe,3072,23.57,4.492,0,0,0
ember_edd49d109bbb.exe,424960,21.76,4.669,389,0,0
ember_33750811bcaf.exe,2968557,23.71,5.79,268,2,0
ember_a04f89fec54f.exe,66560,33.58,4.726,0,0,0
ember_d105dfb55caf.exe,2244608,18.06,5.717,390,2,0
ember_5c81fcfc6a74.exe,240782,24.68,3.441,120,1,0
ember_3ff8b554434e.exe,372224,23.01,3.598,1,0,0
ember_ea61f7ca8c27.exe,35216,20.75,3.472,1,0,0
ember_091d156e2e56.exe,3031395,17.48,5.182,667,2,0
ember_07ab3d59417a.exe,8192,55.09,3.869,0,0,0
ember_3bdbcba85e8c.exe,795230,14.41,1.093,0,0,0
ember_b422220ee86f.exe,5002436,0.83,4.481,164,0,0
ember_73506d12a785.exe,10485760,0.65,4.38,99,1,0
ember_22b8d51b1001.exe,146944,13.53,5.009,113,2,0
ember_69011fd5caf2.exe,10240,19.2,6.856,4,1,0
ember_b540c13820aa.exe,53248,19.07,5.019,92,0,0
ember_31258c291507.exe,18320,21.82,4.223,0,0,0
ember_4c4c4a126af8.exe,367888,4.65,6.435,11,0,0
ember_fc048c5bf5ed.exe,1018368,98.23,3.057,49,1,0
ember_d8e0799b9f77.exe,431816,17.02,4.67,119,1,0
ember_71f266e2ec32.exe,57344,43.92,5.083,4,0,0
ember_e72cb4cb745d.exe,41984,21.44,4.183,1,0,0
ember_a1c311cfbe91.exe,65536,42.7,4.258,77,0,0
ember_5ba1b4bb9545.exe,4096,60.33,3.502,1,0,0
ember_d02dfc749d6f.exe,1069056,1.56,4.395,8,0,0
ember_a58a7e556830.exe,184320,22.69,3.335,1,0,0
ember_b0db47043ab9.exe,256512,13.18,4.741,1,0,0
ember_aa2800d1fcf9.exe,4363396,11.77,1.085,0,0,0
ember_1e0ed0435c78.exe,2560,29.38,5.418,0,0,0
ember_cd0df1965501.exe,315392,19.34,4.855,115,1,0
ember_d4b5d25edf96.exe,506880,11.92,3.287,1,0,0
ember_7b3a72fc40a4.exe,97552,14.45,5.472,239,1,0
ember_eaa75ac349b3.exe,1019904,14.98,1.547,0,0,0
ember_4ed3bb5e1228.exe,25768,16.68,4.417,63,1,0
ember_b3a82851da5a.exe,2039296,28.41,5.04,520,2,0
ember_5310a280f81b.exe,148480,27.36,4.322,122,2,0
ember_e779bc226a6e.exe,135239,25.22,5.26,107,0,0
ember_5c70cf83e598.exe,2614619,0.6,3.972,10,0,0
ember_303913e17d53.exe,2222592,25.52,4.633,699,1,0
ember_134edc21c387.exe,131088,18.0,4.332,77,1,0
ember_2e5eead3f497.exe,1341357,1.55,5.293,57,0,0
ember_f826e88087ce.exe,223864,16.04,4.119,4,0,0
ember_a8dd72a5667e.exe,1851904,3.87,4.995,1,0,0
ember_eeeb10885a20.exe,2068480,3.21,4.974,1,0,0
ember_5d1bc66a36e9.exe,418816,42.37,3.73,1,0,0
ember_0b08061aabd3.exe,804203,14.25,1.096,0,0,0
ember_547d3820fc7f.exe,223744,27.46,3.641,1,0,0
ember_33beda7c499f.exe,310624,19.77,4.963,103,1,0
ember_cfd8946a0a10.exe,656896,14.93,4.791,14,0,0
ember_df175ab6d7ee.exe,846848,17.78,3.075,139,1,0
ember_bf02e5172ce9.exe,268528,23.04,5.147,0,0,0
ember_92d5339ab408.exe,8103,19.97,1.279,0,0,0
ember_ae77ba3a3db3.exe,1699840,14.76,5.221,403,1,0
ember_b1fa2a78c66c.exe,3760128,2.07,5.399,164,0,0
ember_02b66d858fc4.exe,74752,22.38,4.948,135,0,0
ember_0b0aae57f736.exe,2233344,24.01,7.119,16,0,0
ember_0a35cb28e7d1.exe,389120,35.98,2.782,118,0,0
ember_67091b24f16b.exe,2955126,16.46,1.291,0,0,0
ember_150adb485223.exe,5003393,1.25,4.577,151,0,0
ember_e9710c6b10b5.exe,1328815,24.36,1.96,0,0,0
ember_1fda3e9499d7.exe,25032,25.95,4.303,57,1,0
ember_8f0da91840e6.exe,112640,19.64,4.818,98,1,0
ember_837a37841251.exe,696608,4.07,5.324,104,2,0
ember_210b4c131191.exe,13824,46.04,2.813,1,0,0
ember_c9877d278e58.exe,1066440,10.84,4.591,62,0,0
ember_da365e8231d6.exe,5000501,0.64,5.557,154,0,0
ember_b6ff24ad4d4a.exe,805966,14.22,1.097,0,0,0
ember_8b747fda1c2e.exe,637992,9.46,5.513,195,1,0
ember_6775b60e44aa.exe,24576,4.58,3.928,0,0,0
ember_daf531d7a259.exe,749568,91.54,1.153,143,1,0
ember_32d9cc93fff6.exe,430080,19.14,4.962,1,0,0
ember_90ca39fdc0c8.exe,2871595,1.97,4.365,88,0,0
ember_04b6aaa14e03.exe,315392,31.4,4.034,1,0,0
ember_5e3e8e896922.exe,4892188,1.32,4.509,149,2,0
ember_817edc9e5043.exe,10481762,0.68,4.656,118,1,0
ember_9106ace65923.exe,106496,27.36,3.661,60,0,0
ember_130e20629d58.exe,6656,48.44,3.262,1,0,0
ember_1ad0d90e025e.exe,2134600,10.49,5.446,1865,1,0
ember_383fe3c03865.exe,10752,52.21,3.844,0,0,0
ember_cc5cb0780683.exe,698078,1.71,5.29,6,0,0
ember_6723fac26561.exe,2080,33.32,3.831,0,0,0
ember_92ad42d00bbd.exe,1232529,5.72,5.219,158,0,0
ember_9da2729402a0.exe,833536,26.21,4.905,0,0,0
ember_061ae68029a7.exe,6656,60.73,4.291,0,0,0
ember_dc5573fa0642.exe,440016,22.24,5.312,336,2,0
ember_09506b4e6546.exe,1987808,17.83,4.531,286,2,0
ember_d69a330f4f76.exe,1396736,2.18,4.724,1,0,0
ember_ae68b1ef2667.exe,65536,7.76,1.238,0,0,0
ember_745ae348159b.exe,25704,18.05,3.588,1,0,0
ember_c29bae5eae29.exe,3046048,12.95,5.907,546,2,0
ember_a879a2331421.exe,25088,25.91,3.454,1,0,0
ember_e6b1e9aca3a4.exe,2430757,1.6,3.825,63,1,0
ember_c494a20cefe8.exe,630656,8.43,5.518,121,1,0
ember_67eed372e580.exe,637992,9.46,5.513,195,1,0
ember_b5e7605df618.exe,10752,50.25,2.77,1,0,0
ember_502e7aa49bf0.exe,140863,14.7,5.804,63,1,0
ember_9ed816a7060e.exe,7201280,19.12,5.138,227,2,0
ember_95bfcb3d04fe.exe,1379328,26.89,3.137,1,0,0
ember_60b5b85c7b57.exe,588200,17.73,4.559,152,1,0
ember_535b7a578408.exe,21840,26.73,3.262,1,0,0
ember_af42813b5d15.exe,1864704,14.38,4.033,194,0,0
ember_1bc072b2d360.exe,24576,13.14,0.923,0,0,0
ember_919d9a0d1ceb.exe,28390,28.9,1.119,0,0,0
ember_a407005e7e4e.exe,675840,2.51,5.082,102,1,0
ember_51e922c22522.exe,739328,6.91,5.028,134,1,0
ember_780ceba9db7c.exe,61030,9.66,5.731,10,0,0
ember_7777e78cba2e.exe,115712,28.04,4.356,427,1,0
ember_ddb3a5e8f50f.exe,1840805,3.25,5.278,154,0,0
ember_f9169fdf2eb6.exe,53038,17.18,0.867,0,0,0
ember_c5699cf5aaac.exe,107200,44.57,3.386,0,0,0
ember_74d28e2ab571.exe,124072,22.97,4.68,145,1,0
ember_1d4cd2614992.exe,13828,19.24,0.756,0,0,0
ember_757371467fc8.exe,76288,25.87,3.732,1,0,0
ember_66a5ed308085.exe,2402304,14.73,4.22,349,1,0
ember_d2e06dce7867.exe,1388032,3.48,3.609,1,0,0
ember_b2063b1aa7ef.exe,451072,20.03,5.425,131,0,0
ember_e77acaf97b22.exe,17034832,5.87,4.911,344,2,0
ember_33e5fab94161.exe,606208,2.99,4.243,8,0,0
ember_054913e1c951.exe,374784,5.57,7.309,429,0,0
ember_2cc13797a852.exe,808364,14.17,1.097,0,0,0
ember_02cd930ac124.exe,21504,32.34,4.384,73,1,0
ember_6717720c12b6.exe,911872,30.63,3.531,1,0,0
ember_b87de29d56a6.exe,16896,35.83,3.45,1,0,0
ember_3d26a53a851d.exe,658511,13.85,1.1,0,0,0
ember_f80d2ab948f3.exe,1269248,12.09,5.679,475,4,0
ember_83200dd4bb17.exe,444928,55.13,3.024,1,0,0
ember_401de42ad1b2.exe,6144,51.17,3.37,1,0,0
ember_2f33cd17033c.exe,5002184,0.9,5.454,157,0,0
ember_0423db03a841.exe,5003746,21.18,4.522,474,2,0
ember_84005d67b6e9.exe,27528,19.21,4.476,0,0,0
ember_85197e29daf2.exe,890192,25.57,4.918,165,0,0
ember_ac39ec797a42.exe,5001124,2.61,4.549,167,0,0
ember_3095c363d5aa.exe,346784,20.93,4.527,241,3,0
ember_8bc63d13224b.exe,122880,34.93,3.635,1,0,0
ember_26e41f7255b6.exe,358400,22.79,3.111,266,1,0
ember_072f00b21fba.exe,443208,15.11,4.202,93,0,0
ember_30117cd19a9f.exe,4096,30.18,1.596,0,0,0
ember_08e71210adc1.exe,1417216,16.49,6.133,381,1,0
ember_fc932dff9e68.exe,5000296,0.89,5.303,146,0,0
ember_a0133736ed8a.exe,811008,88.37,0.696,0,0,0
ember_21e273789f36.exe,935008,1.92,5.055,84,0,0
ember_7215e1c32528.exe,118136,1.49,3.96,0,0,0
ember_591b907d2718.exe,367872,4.66,6.435,11,0,0
ember_372311bc3e77.exe,29536,22.64,5.144,80,1,0
ember_33b8ad625d93.exe,29696,22.99,0.968,0,0,0
ember_6c1dd06a004b.exe,1867776,86.2,0.867,0,0,0
ember_a0d7873e102c.exe,4319696,16.36,3.759,203,1,0
ember_81783346bae7.exe,57344,27.18,3.859,59,1,0
ember_6f7a36a809db.exe,637992,9.46,5.513,195,1,0
ember_e9001fcdfa1b.exe,171704,16.98,3.855,87,1,0
ember_69187587ab17.exe,637992,9.46,5.513,195,1,0
ember_5f0ea500a0c4.exe,5003561,3.73,5.39,158,0,0
ember_3e9b71eca27a.exe,972416,38.99,5.345,165,0,0
ember_76a8a1280745.exe,16895372,0.45,5.408,154,0,0
ember_67feaad49b68.exe,621620,18.63,3.955,367,1,0
ember_2a46fe5e80ef.exe,1537080,9.49,5.643,1,0,0
ember_77ebb5c62512.exe,184320,44.42,3.27,1,0,0
ember_72c134292451.exe,802254,14.28,1.096,0,0,0
ember_605aecee5894.exe,1131072,3.34,4.93,85,2,0
ember_358cda42e656.exe,14336,33.8,3.8,1,0,0
ember_4aff2b1e838f.exe,2779648,16.55,5.334,593,3,0
ember_386e1c60d8f0.exe,16596,13.72,1.777,0,0,0
ember_10d3881f3b22.exe,456704,47.18,7.32,285,0,0
ember_4604a28cb682.exe,162153,8.44,1.314,0,0,0
ember_a505a25d90c6.exe,806812,14.2,1.097,0,0,0
ember_451e087a7e0f.exe,836096,27.61,3.452,1,0,0
ember_f4f3f5f5e76f.exe,6829,18.58,1.071,0,0,0
ember_05130bf4bb1c.exe,625968,41.97,3.427,0,0,0
ember_6ecd3ccd89f4.exe,6609992,9.6,5.892,2093,1,0
ember_2db6d8ba59b9.exe,720896,21.75,5.053,1021,1,0
ember_d1217bee0bb3.exe,367872,4.66,6.435,11,0,0
ember_322aba4d78dd.exe,750344,15.65,4.78,19,0,0
ember_27428dd38be8.exe,306176,35.02,3.432,1,0,0
ember_9cc8b9e5bea4.exe,10480158,0.5,5.593,154,0,0
ember_08772de7cae4.exe,777720,13.34,3.654,150,1,0
ember_75760d32ebf0.exe,929075,2.88,4.423,104,0,0
ember_f42c81007065.exe,16403,40.2,4.04,46,0,0
ember_f9042de3c6ec.exe,36352,19.66,3.689,52,1,0
ember_d0b11ba8dd6c.exe,35840,6.98,6.359,3,0,0
ember_4aed11fe5759.exe,130736,1.28,3.96,0,0,0
ember_2cbbc14336fa.exe,58368,29.0,3.768,82,0,0
ember_b8f943fb3918.exe,1669672,30.37,4.843,171,1,0
ember_89e968f68348.exe,2647439,0.84,4.429,82,0,0
ember_aa9446bf1101.exe,356905,1.04,3.962,0,0,0
ember_536f3fa900f8.exe,212992,26.38,4.994,0,0,0
ember_62271d3dc385.exe,3086180,22.78,5.438,299,1,0
ember_3653404540b8.exe,806046,14.21,1.097,0,0,0
ember_0ba2a28edbbe.exe,195584,26.76,4.365,207,2,0
ember_79219988a08a.exe,337304,9.17,1.234,0,0,0
ember_d5f0fbe2acea.exe,12288,29.72,3.975,1,0,0
ember_081c27a141fb.exe,310512,12.77,5.805,119,0,0
ember_b17eb5bf1d07.exe,99328,22.1,4.894,120,0,0
ember_ed6d5691bde6.exe,103424,22.62,5.239,75,1,0
ember_038f5cc0d5d1.exe,5217560,14.87,4.84,761,2,0
ember_7228e986f490.exe,10485690,0.77,4.801,122,2,0
ember_4bd506d7d623.exe,2097152,50.24,0.711,0,0,0
ember_76919a9bcdca.exe,41472,10.98,1.502,0,0,0
ember_a5d3794beeb7.exe,5001920,2.12,2.113,0,0,0
ember_e498cd30ca48.exe,83300,38.37,4.305,0,0,0
ember_25af021f4acf.exe,718048,16.17,4.415,458,4,0
ember_948a284178fe.exe,157494,35.92,3.981,93,0,0
ember_bd1f2e441530.exe,355939,27.05,1.451,0,0,0
ember_9f201c4d2633.exe,7030,20.03,1.606,0,0,0
ember_ad8a644dc878.exe,44736,10.2,1.327,0,0,0
ember_4c798dae9e53.exe,491520,25.77,4.847,133,1,0
ember_ed7fca6a13e4.exe,3288079,10.14,1.052,0,0,0
ember_9b986787ca3b.exe,23040,46.9,4.313,49,1,0
ember_2ab2ad37dc66.exe,5003721,0.64,4.393,8,0,0
ember_3e4d54dcdb2a.exe,1932660,31.6,3.76,145,0,0
ember_50d2983ce4c3.exe,2969600,2.74,4.571,0,0,0
ember_9f406b3aa28e.exe,5000599,0.78,4.704,171,0,0
ember_5e4cb97eb242.exe,801910,14.29,1.096,0,0,0
ember_2d06f084ee0b.exe,47616,31.24,4.344,0,0,0
ember_d631f9beae11.exe,225280,13.35,4.395,50,1,0
ember_f6dc9f1b4a6c.exe,2031616,9.54,4.26,1,0,0
