Boyut_Bayt,Sifir_Orani,Ortalama_Entropi,Toplam_API,Supheli_API,Etiket
258536,13.02,5.29,101,1,0
288128,35.49,2.52,104,0,0
24576,88.87,0.984,0,0,0
5120,57.81,2.463,1,0,0
32512,13.75,2.817,1,0,0
22872,47.67,1.522,0,0,0
20840,17.16,2.739,1,0,0
3072,55.14,3.005,0,0,0
16896,41.9,2.584,1,0,0
4608,54.69,2.916,0,0,0
47368,40.31,2.654,0,0,0
5120,40.59,2.669,1,0,0
289152,18.93,5.14,156,2,0
38752,22.17,2.931,1,0,0
60416,51.62,3.045,0,0,0
566584,31.48,3.972,176,2,0
26664,22.21,3.27,0,0,0
8704,47.53,2.514,1,0,0
46160,29.05,5.087,0,0,0
685800,14.93,4.674,126,1,0
51000,21.95,2.97,1,0,0
354128,17.73,4.46,0,0,0
16264,17.35,2.732,1,0,0
539448,33.23,2.807,0,0,0
71072,57.88,1.16,0,0,0
37688,17.34,2.878,1,0,0
32592,22.6,2.669,1,0,0
5120,55.59,2.527,1,0,0
117128,20.69,3.914,139,1,0
18432,32.56,2.777,1,0,0
29064,20.14,2.704,1,0,0
17440,16.14,5.066,0,0,0
16232,17.81,2.793,1,0,0
16736,18.66,2.659,1,0,0
14136,19.09,2.529,1,0,0
590560,17.66,5.504,0,0,0
147120,48.95,3.237,0,0,0
32832,31.67,1.984,0,0,0
552960,17.89,3.437,169,1,0
5120,51.66,2.691,1,0,0
666240,13.2,5.756,0,0,0
1079296,16.48,4.613,96,1,0
5120,54.47,2.563,1,0,0
14392,17.2,2.934,0,0,0
1138104,14.86,5.158,271,1,0
852744,17.76,5.265,0,0,0
22584,48.3,1.528,0,0,0
16680,19.36,2.741,1,0,0
129472,25.76,3.348,89,1,0
14712,19.64,2.672,1,0,0
56760,15.7,3.881,56,1,0
19968,52.47,2.811,0,0,0
574040,14.55,4.465,100,1,0
27936,20.65,2.886,1,0,0
2167352,19.03,4.105,169,2,0
243640,19.02,5.232,456,1,0
41808,28.59,2.645,1,0,0
68536,17.3,4.444,79,1,0
48200,25.21,3.791,62,1,0
36096,13.19,3.078,1,0,0
16544,18.25,2.717,1,0,0
51720,16.14,2.444,51,1,0
326144,21.75,2.876,1,0,0
219960,27.08,3.391,1,0,0
24888,19.04,2.803,1,0,0
153600,47.67,2.868,0,0,0
22872,48.36,1.398,0,0,0
390456,17.87,2.564,1,0,0
545280,25.2,3.084,1,0,0
86016,51.28,2.477,91,0,0
75576,20.16,3.05,1,0,0
32440,9.65,2.837,1,0,0
159192,24.74,4.728,92,0,0
24872,19.62,2.764,1,0,0
46888,36.56,3.08,0,0,0
3576208,19.33,4.141,114,2,0
15184,19.8,2.636,1,0,0
2512312,13.56,5.518,1037,1,0
109352,25.63,2.938,1,0,0
28432,21.02,2.904,1,0,0
4096,58.33,2.393,1,0,0
14336,52.1,2.988,0,0,0
40960,69.86,1.397,35,0,0
1960560,13.54,3.032,380,1,0
50984,41.66,2.453,0,0,0
18432,27.79,2.632,1,0,0
31728,11.52,2.74,1,0,0
1076600,18.98,4.27,321,0,0
42792,46.11,2.023,0,0,0
16168,18.67,2.792,1,0,0
407480,18.61,4.296,153,1,0
3072,54.07,2.993,0,0,0
71464,21.18,3.053,1,0,0
479968,18.01,5.543,0,0,0
31680,23.53,2.773,1,0,0
19768,20.07,2.741,1,0,0
22352,18.88,2.894,1,0,0
69560,16.42,4.099,87,1,0
593920,11.48,5.199,93,1,0
161208,15.99,4.951,205,1,0
326072,14.09,5.187,292,1,0
16320,18.77,2.844,1,0,0
51464,34.51,3.447,0,0,0
32848,32.53,1.774,0,0,0
93184,23.65,3.119,1,0,0
21377688,11.12,4.145,776,3,0
67072,23.54,2.907,1,0,0
1239072,27.61,4.566,65,1,0
359752,29.44,3.237,204,1,0
153424,23.82,4.127,0,0,0
143312,25.02,4.368,119,0,0
18728,21.71,2.292,1,0,0
19808,19.42,2.78,1,0,0
282112,22.7,2.863,1,0,0
15144,19.86,2.627,1,0,0
831960,13.64,4.764,551,2,0
16224,17.98,2.996,1,0,0
149504,22.31,3.005,1,0,0
44784,18.26,2.311,1,0,0
59696,19.99,2.788,1,0,0
35976,15.62,3.718,52,1,0
4608,55.71,2.633,1,0,0
24976,17.2,3.254,1,0,0
15712,17.84,2.81,1,0,0
47104,31.51,3.145,1,0,0
68024,19.99,3.06,55,1,0
15184,17.35,2.864,1,0,0
54784,34.16,3.382,87,1,0
120320,23.94,2.77,1,0,0
114688,31.93,2.458,131,1,0
325416,21.38,4.731,0,0,0
55200,20.12,4.39,0,0,0
110592,33.36,2.637,125,1,0
31352,21.12,3.744,0,0,0
540184,21.16,4.6,188,2,0
121668,16.51,4.801,162,0,0
28384,11.59,3.029,1,0,0
147456,33.17,2.613,142,1,0
1113896,23.86,3.018,1,0,0
30520,18.84,2.789,1,0,0
4096,51.61,2.778,1,0,0
24888,12.61,2.788,1,0,0
27448,34.71,2.897,0,0,0
23552,34.45,2.946,1,0,0
49888,38.79,1.793,0,0,0
34600,26.36,2.8,1,0,0
431464,19.29,4.028,90,1,0
47984,19.2,5.475,0,0,0
1747208,18.22,5.673,0,0,0
25144,20.11,2.896,1,0,0
446824,22.74,3.197,1,0,0
36280,15.72,3.792,46,0,0
111688,16.65,2.758,1,0,0
4608,55.6,2.934,0,0,0
163768,22.72,2.941,1,0,0
3072,54.75,3.003,0,0,0
421240,22.12,5.05,87,1,0
4608,58.53,2.539,1,0,0
15160,19.22,2.742,1,0,0
41256,21.97,2.684,1,0,0
54392,17.6,2.967,1,0,0
13312,42.26,2.466,1,0,0
76344,24.14,2.948,1,0,0
188536,43.24,2.294,0,0,0
101728,19.37,2.859,1,0,0
495792,26.64,3.577,1,0,0
272184,27.36,2.839,1,0,0
59320,16.6,3.811,61,1,0
16696,19.18,2.839,1,0,0
3072,59.51,2.897,0,0,0
21288,19.01,2.782,1,0,0
22840,18.89,2.818,1,0,0
56832,24.12,3.519,55,0,0
18432,39.8,2.827,1,0,0
12288,92.88,0.884,0,0,0
365904,22.31,2.688,1,0,0
19968,52.17,2.795,0,0,0
32520,15.84,3.823,0,0,0
17208,22.74,2.529,0,0,0
3150336,25.17,4.005,435,1,0
61176,23.1,4.272,86,1,0
51712,25.55,2.752,1,0,0
13864,15.07,3.173,0,0,0
21344,16.56,3.031,1,0,0
921600,16.2,3.336,182,1,0
214551,22.47,3.78,51,0,0
138568,11.29,3.212,86,0,0
36192,20.08,2.919,1,0,0
33120,11.76,2.829,1,0,0
373600,21.72,3.065,1,0,0
56344,18.65,2.978,1,0,0
31144,24.02,2.748,1,0,0
674656,21.62,3.061,1,0,0
44368,22.02,2.65,1,0,0
8192,40.44,2.994,1,0,0
630784,19.6,2.616,330,0,0
20480,25.06,2.616,1,0,0
5632,53.46,2.496,1,0,0
5632,55.01,2.836,0,0,0
122368,24.22,2.859,1,0,0
166456,22.76,2.966,1,0,0
227128,11.73,3.238,1,0,0
6144,49.3,2.667,1,0,0
32840,26.91,3.023,0,0,0
12288,44.06,2.782,37,1,0
440136,11.51,5.13,176,1,0
205752,16.34,4.948,194,1,0
173440,35.18,2.931,118,0,0
31880,9.8,2.75,1,0,0
130872,21.87,4.032,1,0,0
800768,15.44,4.82,99,1,0
198520,23.31,2.951,1,0,0
2049824,11.58,4.064,296,1,0
109136,16.85,4.978,139,0,0
56320,28.51,2.801,1,0,0
25912,21.99,3.303,0,0,0
5120,52.27,2.596,1,0,0
1180072,20.44,4.16,220,4,0
285624,20.74,4.406,124,1,0
16696,20.41,2.736,1,0,0
37024,21.19,3.81,0,0,0
18216,19.51,2.809,1,0,0
28544,19.23,2.819,1,0,0
23904,19.66,2.703,1,0,0
547128,13.22,4.926,198,1,0
61352,16.94,3.297,65,1,0
15184,19.73,2.608,1,0,0
105608,16.44,3.111,1,0,0
79184,19.44,2.691,1,0,0
1318432,29.09,5.332,134,1,0
41256,26.78,2.614,1,0,0
34640,46.49,2.328,0,0,0
15712,19.25,2.631,1,0,0
18592,19.38,2.675,1,0,0
983480,13.8,5.296,654,1,0
221856,14.77,5.067,0,0,0
909824,9.37,4.728,93,1,0
20360,19.18,2.711,1,0,0
333824,15.42,5.091,154,1,0
209920,26.32,2.764,1,0,0
86328,17.44,2.506,1,0,0
31528,19.96,3.07,1,0,0
58680,18.74,2.832,1,0,0
40960,66.7,1.486,43,0,0
17208,18.92,2.791,1,0,0
235448,15.54,3.323,366,1,0
34656,20.78,3.217,1,0,0
49152,62.7,1.676,25,0,0
6144,48.37,3.042,0,0,0
22696,14.72,2.702,1,0,0
103864,18.0,4.526,184,1,0
41456,14.34,2.738,17,0,0
59176,21.19,3.05,1,0,0
101040,19.85,5.015,0,0,0
27128,11.79,2.837,1,0,0
64336,18.62,2.61,1,0,0
1556480,14.4,4.035,432,1,0
16127824,16.29,5.817,0,0,0
2865480,14.36,3.352,214,2,0
88864,21.7,3.011,1,0,0
204336,27.12,4.824,142,0,0
274432,37.83,2.838,124,0,0
2537984,18.13,4.609,227,1,0
5632,49.2,2.713,1,0,0
70968,21.44,3.04,1,0,0
526848,18.06,4.196,46,1,0
3751976,13.89,5.066,72,1,0
304800,50.66,3.564,0,0,0
24096,21.4,2.664,1,0,0
34944,22.24,2.953,1,0,0
84480,46.0,2.977,0,0,0
4096,57.84,2.86,0,0,0
970352,15.77,4.615,186,1,0
28984,15.72,3.173,1,0,0
265264,29.91,4.525,128,0,0
14880,19.89,2.374,1,0,0
620520,18.25,4.761,143,1,0
36692336,17.54,4.279,456,2,0
303416,18.38,5.139,269,4,0
4973896,15.37,3.814,265,5,0
18624,8.25,4.107,0,0,0
27704,20.03,3.206,0,0,0
1362368,14.9,3.261,143,2,0
27944,25.25,2.812,1,0,0
2694296,25.31,2.816,1,0,0
313640,18.94,2.689,1,0,0
14848,43.59,2.495,1,0,0
145920,21.98,3.004,1,0,0
5120,55.76,2.52,1,0,0
16720,19.17,2.725,1,0,0
5120,52.03,2.607,1,0,0
61952,13.5,2.631,1,0,0
15672,19.48,2.569,1,0,0
2062392,9.7,4.391,1,0,0
2560,57.93,2.983,0,0,0
198072,13.95,4.5,151,1,0
20280,27.9,2.415,23,0,0
145760,30.52,3.575,1,0,0
21304,20.54,2.776,1,0,0
18504,19.66,2.859,1,0,0
20480,51.21,2.84,0,0,0
48504,25.56,3.654,174,1,0
17192,17.93,2.819,1,0,0
1181536,12.62,3.841,109,1,0
92600,16.3,3.734,118,1,0
12288,90.89,1.15,0,0,0
58680,16.1,2.848,1,0,0
19293112,28.09,2.247,1,0,0
112424,28.06,3.891,0,0,0
155680,21.28,3.111,1,0,0
16224,17.88,2.776,1,0,0
40960,66.53,1.486,34,0,0
83968,51.01,2.767,0,0,0
125952,25.28,2.875,1,0,0
20304,19.05,2.754,1,0,0
98304,35.7,2.523,127,0,0
46888,41.97,2.69,0,0,0
352464,15.55,3.639,85,0,0
24888,15.55,2.907,1,0,0
1306624,15.95,3.672,328,1,0
18216,21.81,2.564,1,0,0
359864,16.87,5.226,472,1,0
32256,52.55,2.744,0,0,0
531280,17.07,2.87,1,0,0
25384,20.53,2.776,1,0,0
38624,13.6,2.989,1,0,0
813344,66.21,0.604,0,0,0
111928,22.71,3.104,1,0,0
54568,22.06,3.037,1,0,0
475432,19.14,2.658,1,0,0
78336,48.67,2.866,0,0,0
23552,35.13,2.697,1,0,0
229376,32.44,2.373,1,0,0
24920,26.54,1.855,1,0,0
16224,18.06,2.883,1,0,0
61104,13.1,2.913,1,0,0
171320,12.24,3.374,1,0,0
18216,21.59,2.679,1,0,0
1874352,28.52,2.74,1,0,0
48440,19.47,2.76,1,0,0
16560,17.36,2.832,1,0,0
115096,40.51,2.851,0,0,0
19240,19.87,2.817,1,0,0
418024,11.02,4.894,104,1,0
20250368,32.68,4.353,241,2,0
53048,27.34,3.343,1,0,0
1062248,15.52,4.246,40,1,0
2184632,13.72,5.405,1200,1,0
13880,15.13,3.146,0,0,0
1373232,28.41,2.856,1,0,0
17824,19.13,2.759,1,0,0
16168,18.77,2.688,1,0,0
54784,29.23,2.768,1,0,0
81920,44.53,2.124,141,1,0
317496,19.89,4.569,102,1,0
7984440,20.34,5.132,471,1,0
13864,16.43,3.664,0,0,0
126976,41.56,2.463,47,0,0
158720,23.08,2.876,1,0,0
22720,13.32,3.992,0,0,0
62464,29.6,2.658,1,0,0
210872,16.71,5.014,218,1,0
197632,22.06,4.763,91,1,0
19240,20.68,2.82,1,0,0
5632,53.36,3.184,0,0,0
21944,16.77,3.02,1,0,0
15656,19.8,2.674,1,0,0
19280,19.19,2.803,1,0,0
18744,19.64,2.805,1,0,0
31032,18.1,2.836,1,0,0
4608,53.28,3.018,0,0,0
14408,14.73,3.229,0,0,0
16208,16.49,3.118,1,0,0
75488,17.99,3.063,1,0,0
26936,22.16,2.956,1,0,0
15800,16.58,2.812,1,0,0
13152,11.29,4.868,0,0,0
17208,22.7,2.529,0,0,0
3424160,41.97,4.571,89,0,0
19280,18.74,2.654,1,0,0
17072,18.3,2.669,1,0,0
15656,18.79,2.833,1,0,0
83752,25.41,4.959,0,0,0
47536,21.89,3.749,1,0,0
198064,27.61,3.379,49,0,0
155648,36.66,2.597,131,1,0
15912,14.55,4.262,0,0,0
20776,19.17,2.813,1,0,0
16168,21.75,2.295,1,0,0
598016,18.7,2.94,174,1,0
5120,42.36,4.012,0,0,0
890600,11.83,5.474,211,1,0
765336,25.49,2.908,1,0,0
4608,56.34,2.596,1,0,0
128808,24.43,5.574,0,0,0
8324904,16.15,5.763,0,0,0
10240,54.05,2.987,0,0,0
87584,26.09,4.051,93,1,0
15160,17.82,3.012,1,0,0
171320,12.25,3.376,1,0,0
16168,17.49,2.864,1,0,0
19752,19.01,2.723,1,0,0
16688,19.31,2.775,1,0,0
19296,19.53,2.778,1,0,0
245760,25.47,2.924,295,1,0
60736,5.43,4.432,0,0,0
514488,15.7,4.915,32,0,0
822664,20.79,4.336,309,1,0
10030,57.79,1.982,16,0,0
20408,17.26,2.918,1,0,0
39624,16.47,2.831,1,0,0
2220976,27.08,2.803,1,0,0
23976,15.54,2.569,1,0,0
90392,20.32,2.925,1,0,0
60160,20.04,2.854,1,0,0
29240,18.86,3.209,0,0,0
38912,28.07,2.811,1,0,0
178616,30.83,2.499,79,1,0
5120,53.81,2.574,1,0,0
24496,14.58,2.625,1,0,0
65848,20.28,3.087,1,0,0
26424,18.89,3.13,1,0,0
9728,36.11,2.95,1,0,0
21304,20.45,2.753,1,0,0
30984,28.4,3.364,58,1,0
28456,19.6,3.023,1,0,0
363264,16.22,2.908,1,0,0
726320,26.24,3.032,1,0,0
6144,42.07,4.031,0,0,0
1028680,18.03,3.309,387,3,0
145760,16.29,2.95,1,0,0
4608,57.51,2.555,1,0,0
14136,19.28,2.523,1,0,0
479744,14.98,3.695,159,1,0
9728,39.29,2.892,1,0,0
709344,18.02,5.252,0,0,0
103928,39.14,2.02,80,1,0
794624,19.78,3.392,208,0,0
70848,12.6,4.218,0,0,0
37072,16.13,3.054,1,0,0
131880,21.53,2.964,1,0,0
70456,8.24,2.862,1,0,0
75600,28.23,4.791,0,0,0
38240,21.09,2.959,1,0,0
263168,50.68,3.228,0,0,0
55192,48.89,1.669,79,0,0
371112,24.23,5.406,227,1,0
20304,19.1,2.997,1,0,0
140792,35.1,3.106,106,0,0
34600,46.87,2.384,0,0,0
14200,20.68,2.717,1,0,0
458752,24.53,3.61,193,0,0
20360,20.24,2.979,1,0,0
139264,41.43,2.559,101,1,0
354584,19.39,4.549,129,1,0
223016,21.19,5.951,0,0,0
15656,17.92,2.817,1,0,0
744832,44.88,3.283,0,0,0
354816,52.61,3.146,0,0,0
608696,23.93,2.828,156,1,0
23448,18.04,3.027,1,0,0
15712,17.97,2.793,1,0,0
22888,46.29,1.776,0,0,0
15712,18.84,2.71,1,0,0
20328,19.53,2.964,1,0,0
90112,39.0,2.544,115,1,0
2860840,16.13,5.705,0,0,0
9216,52.35,2.903,0,0,0
4116616,15.24,4.903,137,1,0
2997560,17.04,5.507,367,2,0
19136,12.79,3.592,0,0,0
18728,18.49,2.733,1,0,0
60728,17.93,2.748,1,0,0
168688,19.44,4.0,0,0,0
397312,22.65,3.333,1,0,0
78264,22.17,3.07,1,0,0
15184,18.84,2.752,1,0,0
346384,19.93,4.998,0,0,0
5120,57.07,2.456,1,0,0
45792,34.18,2.396,0,0,0
20264,18.89,2.819,1,0,0
46304,14.82,3.119,1,0,0
665872,16.71,5.381,0,0,0
8192,50.62,2.99,0,0,0
290584,16.85,5.571,0,0,0
170288,22.43,3.043,1,0,0
33536,15.17,2.688,1,0,0
134288,21.78,2.965,1,0,0
26888,11.47,2.698,1,0,0
214192,25.5,2.937,1,0,0
2702848,26.78,3.058,1,0,0
63408,35.5,2.085,1,0,0
21920,39.66,3.036,0,0,0
86016,41.03,2.122,99,1,0
15392,18.2,2.754,1,0,0
132904,25.24,3.449,0,0,0
26920,19.73,2.991,1,0,0
3072,54.1,2.998,0,0,0
21808,50.59,1.371,0,0,0
1384592,27.57,2.867,1,0,0
16680,18.72,2.705,1,0,0
16680,18.67,2.9,1,0,0
24624,21.7,2.763,1,0,0
16896,49.83,3.033,0,0,0
20528,13.99,2.67,1,0,0
104888,18.74,4.265,178,1,0
463688,19.05,3.545,92,1,0
24104,30.73,3.301,0,0,0
4272456,13.71,4.107,243,2,0
15184,19.73,2.608,1,0,0
625592,15.91,4.845,143,1,0
36576,16.56,2.629,1,0,0
260608,49.24,3.237,0,0,0
4601144,19.72,5.051,714,2,0
18768,19.77,2.882,1,0,0
18744,15.85,3.054,1,0,0
6144,50.76,2.542,1,0,0
26896,10.42,2.842,1,0,0
15656,18.48,2.816,1,0,0
66208,20.54,4.753,0,0,0
447336,11.22,5.116,191,1,0
314720,21.9,4.886,284,1,0
98304,30.95,2.711,109,1,0
47376,37.2,2.959,0,0,0
61864,26.31,2.542,1,0,0
1119072,21.12,2.855,1,0,0
32520,14.54,2.871,1,0,0
130096,22.3,2.693,1,0,0
61440,41.51,2.258,1,0,0
45568,52.6,2.81,0,0,0
14990824,0.78,3.737,263,2,0
115944,15.49,4.401,41,0,0
4096,53.78,3.023,0,0,0
31984,13.19,2.928,1,0,0
31232,51.5,2.779,0,0,0
22448,17.64,2.899,1,0,0
29184,53.33,2.702,0,0,0
4608,54.25,2.712,1,0,0
16032,18.6,2.727,1,0,0
810248,15.33,3.385,120,1,0
26352,10.37,2.86,1,0,0
27656,11.89,2.724,1,0,0
42808,38.92,3.298,0,0,0
18784,19.3,2.763,1,0,0
6656,45.52,2.663,1,0,0
213432,16.83,4.981,215,1,0
17208,19.31,2.797,1,0,0
196608,25.3,2.843,1,0,0
66344,15.95,2.855,1,0,0
182056,22.39,5.337,0,0,0
160696,20.94,4.545,118,1,0
15712,18.36,2.678,1,0,0
110736,24.12,2.968,1,0,0
153016,22.46,3.08,1,0,0
21896,16.35,2.914,1,0,0
33672,23.92,2.735,1,0,0
75560,22.66,2.95,1,0,0
16384,75.15,1.826,0,0,0
125048,18.41,4.617,54,0,0
75048,14.16,3.067,1,0,0
141680,33.67,2.688,80,0,0
24376,20.54,2.824,1,0,0
24912,11.79,2.755,1,0,0
61440,56.47,1.8,106,0,0
158456,31.06,2.793,113,0,0
3816888,16.06,5.482,375,1,0
1820672,28.7,2.737,1,0,0
13824,49.78,2.898,0,0,0
484192,19.73,4.315,108,2,0
1319352,11.27,5.791,117,1,0
909312,9.37,4.719,93,1,0
4608,61.7,2.391,1,0,0
15280,19.21,2.721,1,0,0
17208,17.96,2.833,1,0,0
551936,29.24,2.777,1,0,0
19648,12.96,3.717,0,0,0
255328,12.17,2.904,1,0,0
432664,19.32,3.001,116,1,0
1807120,17.22,5.695,0,0,0
234960,30.75,2.888,68,0,0
59392,26.84,5.865,0,0,0
29008,37.99,1.628,1,0,0
6656,49.07,2.58,1,0,0
24456,19.63,2.907,1,0,0
6488536,14.79,4.905,519,1,0
19296,20.61,2.535,1,0,0
40960,65.19,1.54,42,0,0
17232,17.64,2.94,1,0,0
429496,15.37,5.194,388,1,0
90408,24.86,3.058,1,0,0
136016,10.65,4.752,184,1,0
80592,18.48,4.483,0,0,0
1042200,34.52,2.722,0,0,0
61440,51.32,2.91,0,0,0
24576,76.84,1.691,0,0,0
32456,10.33,2.763,1,0,0
207288,17.18,5.188,369,1,0
16248,19.88,2.56,1,0,0
20528,13.92,2.673,1,0,0
87552,25.15,2.756,1,0,0
15696,18.68,2.711,1,0,0
45056,62.27,1.729,67,0,0
3102792,20.94,4.52,295,2,0
287160,17.57,5.316,354,1,0
15656,18.68,2.834,1,0,0
68096,29.25,2.842,1,0,0
43232,15.07,3.08,1,0,0
624912,17.81,5.355,0,0,0
17408,52.5,2.66,0,0,0
702904,15.34,4.961,42,1,0
158720,23.0,2.821,1,0,0
312456,23.19,3.145,1,0,0
120136,26.57,3.627,75,2,0
47416,20.08,3.493,57,0,0
18979080,22.81,4.177,618,2,0
43304,24.63,2.592,1,0,0
4608,57.4,2.572,1,0,0
245512,17.68,3.897,399,1,0
26856,15.58,2.729,1,0,0
20712,14.98,2.532,1,0,0
1021736,19.34,5.308,0,0,0
365904,22.05,2.705,1,0,0
958976,8.76,4.839,93,1,0
329216,17.71,5.095,77,1,0
8505504,15.67,5.742,0,0,0
15144,17.0,2.902,1,0,0
22716080,4.88,4.158,186,2,0
187160,18.91,4.646,119,1,0
20480,87.64,1.314,0,0,0
80168,19.32,2.629,1,0,0
112640,20.8,2.762,1,0,0
4788776,22.67,4.896,134,1,0
1161144,20.33,5.474,1283,1,0
11776,28.19,2.593,1,0,0
20696,14.4,2.635,1,0,0
13744,18.02,2.574,1,0,0
47744,21.64,2.684,1,0,0
13175072,15.9,5.874,0,0,0
16168,19.09,2.788,1,0,0
6656,48.59,2.53,1,0,0
252576,16.35,5.144,0,0,0
67448,26.21,3.831,216,1,0
32848,32.19,1.903,0,0,0
667136,16.05,4.719,96,1,0
208808,24.78,2.773,1,0,0
6144,54.59,2.334,1,0,0
233472,29.66,3.032,166,1,0
62461,25.22,2.999,41,0,0
6144,54.13,2.97,0,0,0
28185320,7.6,5.324,213,2,0
15184,19.75,2.599,1,0,0
3301216,22.01,3.155,1,0,0
22224,15.47,2.717,1,0,0
23400,17.84,3.358,1,0,0
682408,17.14,5.224,0,0,0
83808,9.44,2.756,1,0,0
15672,17.78,2.834,1,0,0
31672,23.43,3.249,81,1,0
62688,14.96,2.771,1,0,0
202152,25.43,3.701,267,0,0
25008,21.77,2.534,1,0,0
46504,16.71,3.298,34,1,0
83792,31.72,3.57,0,0,0
16696,19.19,2.716,1,0,0
24576,87.76,1.051,0,0,0
1172080,15.71,5.613,209,2,0
29992,22.69,2.667,1,0,0
21264,23.1,2.6,1,0,0
1986544,17.59,4.72,104,1,0
733512,25.34,2.943,1,0,0
16208,18.49,2.866,1,0,0
6144,48.19,3.176,0,0,0
18112,10.81,3.761,0,0,0
29184,26.76,2.698,1,0,0
30552,14.23,2.859,1,0,0
199608,14.02,4.381,147,1,0
724408,19.48,4.893,120,0,0
17232,19.3,2.812,1,0,0
16144,17.67,2.779,1,0,0
225280,27.44,2.755,1,0,0
15144,16.68,2.965,1,0,0
18744,19.82,2.808,1,0,0
94648,13.35,3.946,39,1,0
1421856,13.52,4.872,132,1,0
1596256,19.36,4.929,140,1,0
6144,59.59,2.826,0,0,0
27960,33.85,2.969,0,0,0
99568,20.62,3.01,1,0,0
18768,19.61,2.806,1,0,0
58168,22.9,2.818,1,0,0
22080,39.72,3.022,0,0,0
41712,16.65,2.911,1,0,0
157520,26.83,2.738,129,1,0
19968,51.64,2.828,0,0,0
41744,26.2,2.624,1,0,0
13112,17.27,2.099,0,0,0
123832,18.73,4.886,159,1,0
11264,46.94,2.354,1,0,0
130984,21.85,2.772,1,0,0
62176,32.61,2.997,0,0,0
178544,16.11,3.572,35,0,0
2271032,17.18,5.809,0,0,0
16680,16.64,2.986,1,0,0
8192,41.77,3.161,0,0,0
104768,25.36,3.044,1,0,0
24416,18.36,3.011,1,0,0
3170104,20.17,4.438,1,0,0
31016,17.22,3.001,1,0,0
45496,22.93,2.776,1,0,0
217088,33.91,3.302,176,0,0
102912,20.65,2.923,1,0,0
174112,22.35,2.993,1,0,0
104832,40.78,1.841,109,0,0
55648,22.73,2.891,1,0,0
113400,21.94,2.841,1,0,0
72368,20.79,4.76,0,0,0
22264,14.25,2.835,1,0,0
683008,27.39,2.959,1,0,0
81408,29.67,2.807,1,0,0
876056,3.75,4.677,130,1,0
4608,48.5,2.848,1,0,0
1115136,28.22,2.799,1,0,0
15632,17.6,2.802,1,0,0
17704,20.53,2.695,1,0,0
105912,18.69,4.516,189,1,0
1147136,12.8,3.59,47,0,0
3400032,13.28,4.571,0,0,0
110656,23.37,3.204,1,0,0
19720,13.11,3.667,0,0,0
139616,9.26,2.968,1,0,0
504248,10.88,5.138,170,1,0
16168,19.16,2.666,1,0,0
463600,17.97,5.48,0,0,0
30752,24.99,2.728,1,0,0
304976,18.24,5.901,0,0,0
5120,37.13,3.378,0,0,0
5120,56.89,2.458,1,0,0
731416,25.76,2.944,1,0,0
48896,19.91,2.845,1,0,0
57128,22.16,2.731,1,0,0
31944,9.42,2.886,1,0,0
219416,23.91,4.209,0,0,0
61224,17.03,4.382,0,0,0
13824,52.15,2.318,27,1,0
6703448,18.92,4.323,274,1,0
9216,42.32,2.626,1,0,0
179424,19.6,2.712,1,0,0
227664,22.91,3.016,1,0,0
3072,60.03,2.908,0,0,0
20816,16.3,3.0,1,0,0
448544,19.12,3.719,157,1,0
173112,23.96,4.782,102,1,0
296392,28.17,5.018,55,0,0
593848,13.99,5.641,38,1,0
16048,18.41,2.761,1,0,0
140800,24.01,2.88,1,0,0
82784,9.12,2.728,1,0,0
43856,21.59,2.407,1,0,0
64336,18.62,2.61,1,0,0
767784,26.14,3.047,1,0,0
26872,10.49,2.84,1,0,0
992632,20.75,4.884,250,2,0
15160,18.73,2.747,1,0,0
19240,17.94,2.918,1,0,0
335872,34.16,3.271,125,1,0
91384,14.05,2.783,1,0,0
53488,16.47,3.038,1,0,0
149288,26.56,3.796,0,0,0
4754792,30.37,4.709,340,1,0
23472,14.66,2.57,1,0,0
30520,12.2,3.446,1,0,0
24256,10.93,4.159,0,0,0
111504,21.73,3.852,129,0,0
10467160,14.94,5.471,182,2,0
20792,17.69,2.787,1,0,0
15296,19.38,2.659,1,0,0
741688,31.42,2.876,1,0,0
15648,18.56,2.679,1,0,0
16720,18.39,2.764,1,0,0
17704,14.64,2.889,1,0,0
162616,11.7,3.032,1,0,0
16296,18.23,2.717,1,0,0
237368,14.11,2.965,1,0,0
60352,24.05,5.099,116,0,0
56320,20.06,4.123,0,0,0
4608,55.25,2.671,1,0,0
21328,19.24,2.726,1,0,0
18784,23.11,3.622,0,0,0
527872,20.2,5.642,113,0,0
29696,12.66,2.816,1,0,0
21288,20.49,2.783,1,0,0
22280,11.99,4.167,0,0,0
21232,14.65,2.746,1,0,0
16720,18.91,2.736,1,0,0
593848,14.18,5.214,545,1,0
90409464,19.84,5.851,189,2,0
227760,21.22,4.296,0,0,0
220240,27.27,5.118,133,1,0
174080,25.62,2.87,1,0,0
46888,40.66,2.655,0,0,0
168504,21.39,4.368,168,1,0
27632,11.38,2.878,1,0,0
59688,21.34,2.776,1,0,0
191648,17.25,5.464,0,0,0
23336,19.94,2.707,1,0,0
174496,23.22,2.822,1,0,0
24576,89.52,0.935,0,0,0
233472,26.11,3.219,227,1,0
15656,19.28,2.794,1,0,0
478008,21.17,2.945,1,0,0
42792,40.89,2.538,0,0,0
67368,31.87,4.322,0,0,0
141824,25.78,3.731,177,1,0
21936,48.83,1.671,0,0,0
2388232,1.67,2.719,1,0,0
933408,21.33,4.37,58,1,0
18320,20.08,2.74,1,0,0
25384,19.4,2.981,1,0,0
1269560,22.62,4.226,1,0,0
411472,14.37,2.747,1,0,0
139264,24.12,2.894,1,0,0
39936,29.08,2.804,1,0,0
1032000,26.1,2.834,1,0,0
39432,22.86,2.946,1,0,0
18696,18.82,2.745,1,0,0
84776,14.69,2.642,1,0,0
94208,23.11,3.03,1,0,0
4181856,19.06,5.429,385,2,0
3173888,26.93,3.054,1,0,0
118784,36.22,2.645,157,1,0
22784,14.29,2.668,1,0,0
679936,53.97,2.324,1,0,0
89384,21.86,2.651,1,0,0
1820672,28.7,2.737,1,0,0
17440,18.5,2.886,1,0,0
14848,53.85,2.842,0,0,0
14848,27.2,2.668,1,0,0
102272,21.89,2.86,49,1,0
17720,18.91,2.792,1,0,0
83240,18.43,2.931,1,0,0
46256,21.38,4.094,0,0,0
1751504,20.96,3.064,149,1,0
33280,28.23,2.881,1,0,0
21304,20.06,2.788,1,0,0
92512,27.73,2.886,1,0,0
532480,22.93,3.691,266,2,0
19768,19.65,2.773,1,0,0
75704,21.31,2.82,1,0,0
63800,17.37,2.939,1,0,0
104232,21.56,5.881,0,0,0
8192,40.67,3.233,0,0,0
15432,18.32,2.739,1,0,0
5632,52.41,3.018,0,0,0
66560,23.64,5.05,0,0,0
686512,23.23,3.054,1,0,0
112912,28.05,3.887,0,0,0
1409360,27.73,2.894,1,0,0
21392,21.36,2.928,1,0,0
25992,18.47,2.917,1,0,0
2061024,17.65,5.633,0,0,0
718392,20.95,4.252,122,4,0
18432,37.62,2.831,1,0,0
576144,19.75,4.209,1,0,0
33616,19.07,2.775,1,0,0
333608,21.49,3.881,0,0,0
4608,54.82,2.639,1,0,0
5120,53.12,2.582,1,0,0
53608,23.15,3.423,1,0,0
475432,19.14,2.658,1,0,0
1897776,29.81,4.383,277,2,0
1471336,1.89,6.002,103,0,0
62816,9.56,2.786,1,0,0
15160,19.91,2.56,1,0,0
2609840,25.81,3.038,1,0,0
30752,17.09,2.832,1,0,0
743936,16.58,4.529,99,1,0
417792,26.04,2.881,1,0,0
15656,19.16,2.814,1,0,0
999736,21.42,2.914,1,0,0
15712,20.71,2.655,1,0,0
29112,21.55,2.811,1,0,0
417792,26.06,2.85,1,0,0
65400,25.48,4.265,234,1,0
15144,17.51,2.838,1,0,0
249144,27.85,2.685,1,0,0
99080,27.44,3.376,0,0,0
121456,24.82,2.963,1,0,0
159744,37.99,2.339,1,0,0
705424,26.0,2.958,1,0,0
2462048,22.43,3.007,1,0,0
15160,17.7,2.883,0,0,0
18216,22.43,2.564,1,0,0
542448,25.54,2.891,1,0,0
166712,21.63,2.866,1,0,0
83448,39.49,2.613,70,0,0
5120,56.02,2.462,1,0,0
29408,12.21,2.76,1,0,0
55080,38.99,2.713,0,0,0
34048,14.36,2.833,1,0,0
581560,17.4,5.427,625,1,0
29448,12.68,2.666,1,0,0
70256,27.74,4.32,0,0,0
466728,19.45,2.673,1,0,0
128472,38.29,2.733,100,0,0
8192,51.6,2.933,0,0,0
513496,19.23,5.295,101,1,0
16208,19.49,2.693,1,0,0
62205,25.54,3.434,70,0,0
22528,30.89,2.877,1,0,0
28936,15.8,3.903,0,0,0
5120,59.0,2.364,1,0,0
63272,17.83,3.156,1,0,0
106496,33.61,2.418,114,1,0
37472,25.58,2.902,0,0,0
198024,25.18,2.981,1,0,0
173496,15.82,4.338,149,1,0
14688,17.84,2.73,1,0,0
15672,17.45,2.889,1,0,0
39064,14.59,3.2,0,0,0
1343488,15.92,3.688,366,1,0
20264,17.99,2.83,1,0,0
20264,22.06,2.322,1,0,0
11808,9.32,4.178,0,0,0
271126,20.3,3.894,311,0,0
20320,18.67,2.755,1,0,0
23040,24.89,2.745,1,0,0
19136,12.99,3.507,0,0,0
161344,49.7,3.542,95,1,0
6144,46.18,2.745,1,0,0
166384,29.7,2.66,89,1,0
17192,20.39,2.731,1,0,0
22716072,4.88,4.158,186,2,0
18024,23.14,2.72,1,0,0
361312,22.25,4.194,1,0,0
35840,25.9,2.896,1,0,0
59608,23.03,3.281,68,0,0
98304,47.55,2.187,70,0,0
97208,45.59,2.76,0,0,0
224696,18.9,5.046,607,1,0
286856,18.44,2.707,1,0,0
4608,58.29,2.548,1,0,0
35876,32.43,3.135,60,0,0
243496,18.03,5.689,0,0,0
25712,22.3,2.815,1,0,0
794152,10.65,4.807,196,1,0
20264,22.74,2.286,1,0,0
2469744,4.97,4.521,0,0,0
19488,19.7,2.905,1,0,0
93184,25.45,2.869,1,0,0
6144,50.31,2.544,1,0,0
14648,17.7,2.883,1,0,0
332800,17.3,5.138,77,1,0
57656,22.24,2.921,1,0,0
17280,19.17,2.714,1,0,0
16224,17.97,2.782,1,0,0
232144,21.6,2.989,1,0,0
16184,18.75,2.902,1,0,0
26344,10.6,2.812,1,0,0
880032,8.39,5.454,115,1,0
52536,20.63,3.088,1,0,0
61440,62.28,1.618,51,0,0
17725,41.79,2.724,41,0,0
282040,15.8,5.097,489,1,0
2861320,16.13,5.705,0,0,0
113664,25.54,2.763,1,0,0
746496,22.79,2.848,1,0,0
277752,19.88,4.177,121,1,0
29696,34.52,2.631,1,0,0
31880,18.21,2.778,25,1,0
26408,20.6,2.818,1,0,0
16736,18.25,2.774,1,0,0
17248,17.21,2.879,1,0,0
3072,60.22,2.846,0,0,0
116520,28.38,3.534,0,0,0
19296,20.47,2.778,1,0,0
86016,45.94,1.976,170,1,0
81248,9.34,2.858,1,0,0
15104664,11.79,3.134,1,0,0
22264,14.25,2.835,1,0,0
43704,16.2,3.091,1,0,0
36864,50.23,2.297,1,0,0
50944,52.48,1.572,42,1,0
15926184,17.07,3.891,327,2,0
33728,16.77,3.999,26,0,0
45056,31.81,2.848,0,0,0
5632,54.33,2.91,0,0,0
130584,14.32,3.691,45,0,0
20280,18.66,2.822,1,0,0
20816,20.47,2.849,1,0,0
139264,28.46,2.637,176,2,0
62704,18.57,3.061,1,0,0
15872,32.65,2.962,1,0,0
14848,48.01,2.339,27,1,0
19752,19.87,2.817,1,0,0
198504,23.36,2.95,1,0,0
14848,44.3,2.286,27,1,0
980920,15.13,5.388,769,1,0
35504,21.57,3.478,0,0,0
4043584,13.97,3.973,155,2,0
107520,24.47,3.114,1,0,0
467728,19.65,4.856,0,0,0
32768,32.61,2.96,1,0,0
14336,35.55,2.747,1,0,0
20816,18.96,2.749,1,0,0
27168,34.15,2.884,0,0,0
98440,21.2,3.012,1,0,0
20776,19.02,2.748,1,0,0
138240,48.27,2.918,0,0,0
1188664,27.26,2.989,1,0,0
631304,16.3,3.205,156,2,0
4608,58.75,2.523,1,0,0
15144,17.19,2.87,1,0,0
57344,48.06,2.365,104,2,0
75304,27.49,4.362,112,0,0
31160,24.67,3.35,85,1,0
41256,21.3,2.683,1,0,0
624712,18.94,5.284,206,2,0
55272,50.25,1.675,59,1,0
192000,28.3,2.732,1,0,0
539048,21.22,2.8,202,1,0
709984,26.25,2.946,1,0,0
262144,32.09,2.653,161,0,0
4608,59.98,2.455,1,0,0
114688,45.77,2.661,65,0,0
46672,61.1,1.666,41,0,0
182136,21.91,4.929,618,1,0
124712,26.95,3.843,0,0,0
15144,17.15,2.887,1,0,0
114688,32.87,2.431,100,1,0
15656,19.39,2.712,1,0,0
6199560,18.63,3.569,369,1,0
225576,19.58,2.833,1,0,0
3072,55.92,3.002,0,0,0
31032,19.03,2.751,1,0,0
16648,17.82,2.793,1,0,0
241664,24.37,3.046,162,1,0
71440,21.19,2.999,1,0,0
184920,25.67,4.422,84,0,0
51536,18.0,2.775,1,0,0
23352,18.56,2.769,1,0,0
5632,53.84,2.475,1,0,0
194784,23.03,2.976,1,0,0
409600,14.76,5.013,183,1,0
3737528,13.92,5.578,1525,1,0
49048,25.5,4.328,0,0,0
202552,21.85,4.668,0,0,0
2700600,17.5,4.162,127,2,0
22952,48.83,1.25,0,0,0
22528,30.75,2.993,1,0,0
8192,43.98,2.626,1,0,0
87552,51.16,2.757,0,0,0
4096,55.66,2.436,1,0,0
59816,33.6,2.695,0,0,0
70848,12.77,4.178,0,0,0
30712,12.05,3.022,1,0,0
22976,20.76,2.759,1,0,0
21304,19.14,2.998,1,0,0
24576,86.8,1.118,0,0,0
49400,24.18,2.719,1,0,0
26368,11.18,2.745,1,0,0
19808,17.28,2.942,1,0,0
17168,18.84,2.736,1,0,0
75176,24.41,2.923,1,0,0
229376,28.32,2.885,226,1,0
1356216,13.8,5.466,801,1,0
16176,18.01,2.809,1,0,0
24488,21.14,3.136,1,0,0
6144,47.72,2.719,1,0,0
39208,27.17,2.795,1,0,0
79360,31.21,4.357,27,0,0
369528,20.49,3.01,1,0,0
31232,27.74,2.714,1,0,0
6144,42.09,4.037,0,0,0
110344,28.16,2.684,1,0,0
41808,22.93,2.738,1,0,0
29184,43.72,3.324,0,0,0
56320,25.42,2.805,1,0,0
14336,27.9,2.61,1,0,0
30456,11.85,2.784,1,0,0
227112,20.98,5.769,0,0,0
78336,21.88,2.915,1,0,0
41768,26.3,2.59,1,0,0
75936,19.47,4.633,0,0,0
6144,47.69,3.11,0,0,0
88576,25.66,2.803,1,0,0
19256,19.68,2.763,1,0,0
11776,28.97,2.518,1,0,0
147456,26.88,2.846,125,1,0
35768,21.79,3.707,85,1,0
18696,16.87,2.972,1,0,0
5864200,11.06,5.508,318,2,0
1545840,13.83,3.177,175,1,0
162232,18.06,5.016,278,1,0
17408,53.79,2.887,0,0,0
354128,16.68,2.904,1,0,0
9132104,12.5,4.887,400,2,0
3738552,16.36,5.477,355,1,0
71704,48.21,1.592,51,1,0
157480,22.8,5.341,0,0,0
15904,14.87,5.072,0,0,0
20368,17.01,4.267,0,0,0
20832,18.47,2.907,1,0,0
33792,52.59,2.739,0,0,0
338320,12.39,2.768,0,0,0
83392,21.54,5.187,103,0,0
1235384,16.59,5.476,1070,1,0
1068936,27.02,2.939,1,0,0
104048,23.54,2.985,1,0,0
538464,16.67,5.004,263,2,0
269664,21.04,3.425,1,0,0
68096,24.79,2.876,1,0,0
6624528,14.51,4.926,100,1,0
3229496,22.99,4.25,1,0,0
24360,17.51,2.832,1,0,0
1428480,27.59,2.802,1,0,0
38200,27.07,2.638,1,0,0
557416,13.0,4.927,198,1,0
27896,11.44,2.832,1,0,0
195368,22.69,2.683,1,0,0
18080,19.14,2.676,1,0,0
28512,18.05,2.8,1,0,0
81952,24.38,2.928,1,0,0
14336,27.83,2.622,1,0,0
16184,18.94,2.736,1,0,0
25984,22.68,3.054,1,0,0
2700640,17.5,4.162,127,2,0
5110880,13.55,4.013,283,0,0
4608,58.75,2.501,1,0,0
17760,18.74,2.689,1,0,0
123104,16.77,2.4,1,0,0
69560,24.36,2.977,1,0,0
38696,42.24,2.829,0,0,0
22896,45.68,1.87,0,0,0
1098240,21.08,5.407,175,1,0
598016,28.42,2.894,1,0,0
54784,53.75,3.029,0,0,0
40696,13.39,2.749,1,0,0
458568,18.97,3.675,92,1,0
19296,24.87,2.668,0,0,0
257320,17.02,2.704,1,0,0
4608,57.73,2.566,1,0,0
168112,21.46,3.097,1,0,0
17760,17.18,2.977,1,0,0
15656,18.04,2.809,1,0,0
538136,21.67,4.364,188,2,0
7168,48.79,2.219,1,0,0
1735096,12.99,5.556,635,1,0
237568,25.03,2.495,298,1,0
17208,19.69,2.768,1,0,0
79656,29.61,4.697,0,0,0
13312,52.69,2.274,27,1,0
133416,25.18,2.982,1,0,0
61280,5.31,3.678,1,0,0
26960,23.61,2.628,1,0,0
363448,15.14,5.289,461,1,0
314880,24.1,3.107,1,0,0
26552,19.8,2.962,1,0,0
197048,18.3,4.743,243,1,0
98304,26.85,3.475,1,0,0
3478344,16.69,3.944,148,1,0
21344,19.73,2.723,1,0,0
8704,40.31,2.86,1,0,0
458568,18.97,3.675,92,1,0
24912,11.44,2.784,1,0,0
53544,22.87,3.057,1,0,0
469264,12.4,4.213,116,0,0
411432,22.21,2.988,1,0,0
667720,27.09,4.709,243,1,0
82256,19.66,2.707,1,0,0
308736,12.18,4.305,91,1,0
1423184,17.06,5.691,0,0,0
6144,50.76,2.52,1,0,0
159296,23.99,3.434,86,1,0
186120,19.56,3.196,1,0,0
366040,22.21,3.131,1,0,0
4608,48.7,2.835,1,0,0
15656,19.14,2.814,1,0,0
93184,23.65,3.119,1,0,0
5815280,18.07,4.714,201,1,0
138144,22.18,3.075,1,0,0
35328,28.84,2.796,1,0,0
19360,19.7,2.853,1,0,0
16776,18.9,2.784,1,0,0
199080,24.34,4.167,0,0,0
81920,60.84,2.141,41,0,0
872168,14.42,5.423,199,2,0
32384,10.68,2.649,1,0,0
21224,13.85,2.86,1,0,0
881904,16.2,4.604,172,1,0
6144,46.29,2.675,1,0,0
25384,21.27,2.776,1,0,0
28144,12.15,2.783,1,0,0
21256,11.1,4.268,0,0,0
25720,12.72,3.711,1,0,0
142264,17.65,4.88,195,1,0
22408,14.49,2.73,1,0,0
130496,23.27,2.972,1,0,0
492384,25.47,2.918,1,0,0
145336,14.81,4.477,83,1,0
21184,12.89,3.984,0,0,0
4608,53.73,2.736,1,0,0
298016,22.62,3.129,1,0,0
67000,18.33,4.475,60,1,0
90040,16.76,4.581,252,1,0
14336,35.1,2.769,1,0,0
419192,22.02,2.996,1,0,0
32992,13.02,2.749,1,0,0
27120,12.28,2.649,1,0,0
75704,21.31,2.82,1,0,0
145232,25.43,4.153,0,0,0
30208,22.11,3.001,0,0,0
32768,33.33,2.77,1,0,0
196392,22.45,2.712,1,0,0
848632,14.73,5.51,0,0,0
384512,53.13,3.133,0,0,0
4608,58.57,2.531,1,0,0
252696,22.98,3.188,1,0,0
127712,23.97,2.822,1,0,0
66208,20.56,4.753,0,0,0
26112,29.85,2.811,1,0,0
59216,27.33,2.729,1,0,0
15144,19.05,2.722,1,0,0
22840,21.59,2.758,1,0,0
4608,58.2,2.547,1,0,0
22840,19.62,2.997,1,0,0
25424,12.39,2.692,1,0,0
11264,46.27,2.424,1,0,0
594784,34.84,3.894,179,2,0
20944,49.96,1.903,0,0,0
14352,17.56,2.864,1,0,0
40240,27.44,2.773,1,0,0
4983552,23.92,3.011,1,0,0
6144,55.35,2.898,0,0,0
22824,23.63,2.257,1,0,0
29992,24.08,2.64,1,0,0
25608,11.57,2.57,1,0,0
157480,25.43,4.09,0,0,0
232376,16.59,5.175,367,1,0
89384,16.96,2.878,1,0,0
79584,14.11,2.835,1,0,0
45056,60.98,1.71,84,0,0
138752,23.61,2.902,1,0,0
2257672,19.28,5.686,0,0,0
5120,56.31,2.902,0,0,0
26336,10.54,2.831,1,0,0
77824,46.06,1.962,113,2,0
200704,24.07,2.851,212,1,0
79200,12.12,3.012,1,0,0
32136,12.51,2.857,1,0,0
155648,24.22,2.877,1,0,0
4096,54.49,2.697,1,0,0
4096,55.91,2.897,0,0,0
541024,13.02,5.186,110,2,0
49200,14.51,3.077,56,1,0
782336,30.19,2.684,1,0,0
17208,17.76,2.785,1,0,0
77312,50.62,2.805,0,0,0
4555080,16.69,3.93,133,2,0
724992,17.44,3.403,263,1,0
59024,18.45,2.804,1,0,0
28896,11.27,2.825,1,0,0
21896,16.35,2.914,1,0,0
2488632,22.18,2.967,1,0,0
56672,25.98,3.327,1,0,0
1535928,1.02,4.651,52,1,0
15144,17.86,2.849,1,0,0
90112,39.59,2.309,97,1,0
1901456,27.74,3.016,1,0,0
166328,27.93,3.181,137,0,0
18216,23.2,2.609,1,0,0
76632,23.6,3.519,129,0,0
14336,41.48,3.232,0,0,0
89528,20.96,4.413,0,0,0
94208,36.53,2.46,92,1,0
37128,25.21,2.75,1,0,0
16224,18.66,2.831,1,0,0
84264,17.46,3.762,30,0,0
92472,23.5,3.014,1,0,0
22824,18.28,2.796,1,0,0
94208,26.27,2.857,1,0,0
45056,61.96,1.567,36,1,0
294360,19.35,5.293,176,1,0
187376,20.71,4.607,195,1,0
322224,16.38,5.371,0,0,0
47912,20.74,3.133,1,0,0
161328,22.45,2.909,1,0,0
91872,13.95,2.782,1,0,0
2855504,21.28,5.13,123,0,0
17920,46.45,3.16,61,1,0
555520,48.29,3.159,0,0,0
445240,18.01,3.059,1,0,0
13688,18.7,2.892,1,0,0
18624,11.23,3.953,0,0,0
792376,17.81,5.368,0,0,0
35680,20.36,2.859,1,0,0
6834088,25.01,5.047,313,2,0
153384,23.28,4.43,0,0,0
38696,22.91,2.907,1,0,0
32768,25.93,2.743,1,0,0
37688,26.72,2.687,1,0,0
20672,12.67,4.002,0,0,0
128824,16.07,2.992,1,0,0
30048,19.44,2.899,1,0,0
16208,20.21,2.6,1,0,0
29928,11.88,2.788,1,0,0
18216,22.76,2.629,1,0,0
27824,21.29,2.824,1,0,0
96368,21.32,3.77,54,1,0
27360,11.84,2.822,1,0,0
15712,19.43,2.645,1,0,0
18256,21.35,2.598,1,0,0
1549712,20.92,3.466,175,1,0
1193768,18.28,5.125,0,0,0
1556408,13.75,4.731,157,2,0
39424,37.89,2.502,1,0,0
79160,50.17,2.016,45,0,0
296048,23.42,3.075,1,0,0
18552,19.43,2.682,1,0,0
16184,17.99,2.785,1,0,0
60712,19.94,2.924,1,0,0
26408,24.03,2.68,1,0,0
56560,17.7,3.035,1,0,0
1824368,18.28,4.732,75,1,0
4608,51.78,3.022,0,0,0
520248,10.48,4.163,29,1,0
44328,26.09,2.573,1,0,0
125736,17.63,2.416,1,0,0
75160,22.32,3.308,1,0,0
136688,38.01,3.458,149,0,0
24632,26.21,3.256,53,1,0
6389760,15.86,4.382,581,2,0
302984,17.93,3.049,1,0,0
2757072,15.31,4.265,494,2,0
4608,57.34,2.593,1,0,0
275320,20.17,3.161,1,0,0
39456,22.23,2.945,1,0,0
43760,16.73,2.676,1,0,0
1327104,19.54,3.905,133,2,0
272168,21.12,4.552,0,0,0
29168,12.96,2.815,1,0,0
5120,56.19,2.496,1,0,0
40432,14.57,2.783,1,0,0
5120,58.46,2.361,1,0,0
20776,23.0,2.619,1,0,0
45432,25.25,2.619,1,0,0
17920,53.0,2.893,0,0,0
11776,48.62,2.354,1,0,0
15656,18.06,2.797,1,0,0
380968,13.38,5.003,115,1,0
103664,18.28,3.115,1,0,0
29608,16.76,2.646,1,0,0
25000,15.4,2.641,1,0,0
18728,22.18,2.63,1,0,0
599904,35.14,3.889,178,2,0
1341552,17.96,4.319,197,2,0
34944,19.57,3.699,0,0,0
20528,14.59,2.543,1,0,0
18784,19.95,2.802,1,0,0
1608024,22.04,5.021,153,1,0
31744,53.38,2.706,0,0,0
15200,16.31,2.864,1,0,0
18744,20.09,2.816,1,0,0
614936,17.25,5.699,187,1,0
6464480,15.85,5.49,478,1,0
30048,19.58,2.878,1,0,0
32888,13.54,2.922,1,0,0
107520,22.25,4.879,71,1,0
18432,49.46,2.977,0,0,0
122408,15.35,6.385,0,0,0
86016,63.95,1.642,15,0,0
10752,52.93,2.999,0,0,0
1248680,16.49,4.704,148,3,0
171000,18.49,2.725,1,0,0
204320,21.85,3.081,1,0,0
4096,53.32,2.772,1,0,0
69776,28.69,4.062,203,1,0
155544,23.84,4.134,149,1,0
15712,19.25,2.718,1,0,0
29168,12.45,2.966,1,0,0
19808,20.79,2.924,1,0,0
6144,55.13,2.879,0,0,0
166792,14.24,2.969,1,0,0
5120,56.72,2.46,1,0,0
37616,14.08,3.057,1,0,0
39424,28.02,2.835,1,0,0
18624,12.71,3.226,0,0,0
7680,45.38,2.621,1,0,0
31968,14.62,2.747,1,0,0
2341920,17.0,4.068,128,2,0
20832,19.33,2.917,1,0,0
15712,17.31,2.859,1,0,0
174232,36.7,3.329,16,0,0
332112,32.27,3.34,220,0,0
457056,24.91,2.937,1,0,0
229376,26.36,2.589,196,1,0
23944,20.2,2.731,1,0,0
13299048,20.77,4.762,1415,1,0
4608,58.38,2.53,1,0,0
2614200,22.39,5.479,82,1,0
3013192,6.42,5.113,0,0,0
153016,22.46,3.08,1,0,0
20480,87.58,1.316,0,0,0
65536,60.94,1.94,19,0,0
112424,26.49,4.052,0,0,0
47232,21.6,2.591,1,0,0
346408,26.11,2.356,1,0,0
45352,25.64,2.535,1,0,0
295224,23.61,3.089,1,0,0
514896,24.67,3.073,1,0,0
225280,27.29,3.347,226,1,0
75248,40.94,2.017,69,1,0
14200,21.11,2.634,1,0,0
26168,38.57,2.869,0,0,0
3707192,24.98,3.336,89,1,0
33520,14.7,2.875,1,0,0
19256,17.19,2.994,1,0,0
73728,42.08,2.214,58,0,0
15992,19.29,2.636,1,0,0
203776,27.41,2.813,1,0,0
96592,18.39,4.563,80,1,0
48952,20.75,3.019,1,0,0
16696,18.96,2.937,1,0,0
1026088,27.12,2.937,1,0,0
18272,18.36,2.913,1,0,0
15200,18.58,2.601,1,0,0
1086200,18.58,5.122,0,0,0
15656,19.23,2.719,1,0,0
303416,18.38,5.139,269,4,0
25408,18.93,3.474,1,0,0
143312,25.02,4.368,119,0,0
5120,58.79,2.381,1,0,0
16736,17.45,2.993,1,0,0
7889408,20.74,5.399,127,0,0
70496,21.73,2.975,1,0,0
22135736,18.13,5.664,846,2,0
105544,30.54,4.321,36,1,0
347576,16.41,5.348,354,1,0
369936,21.85,2.631,1,0,0
43272,42.24,2.471,0,0,0
14848,54.05,2.862,0,0,0
673576,16.32,5.872,0,0,0
278016,52.43,3.103,0,0,0
24604600,11.38,5.558,187,2,0
83872,29.69,2.197,1,0,0
12800,36.6,2.739,1,0,0
15160,17.17,2.887,1,0,0
34320,12.64,3.345,1,0,0
1527808,24.82,2.436,1,0,0
3584,52.59,2.874,1,0,0
16184,17.39,2.781,1,0,0
497152,32.23,2.721,1,0,0
20944,50.26,1.835,0,0,0
15432,17.32,2.97,1,0,0
315392,24.84,3.326,232,1,0
68168,22.82,2.867,1,0,0
25257360,0.56,2.543,24,1,0
54008,36.31,2.454,0,0,0
131512,25.84,2.785,1,0,0
176920,25.77,4.783,390,1,0
31744,51.52,2.74,0,0,0
12288,27.56,2.601,1,0,0
640280,24.99,4.018,158,1,0
19752,20.1,2.628,1,0,0
42832,20.65,2.86,1,0,0
951392,9.34,4.207,455,1,0
592400,16.89,3.192,114,2,0
23392,19.32,4.208,52,0,0
32840,32.22,1.838,0,0,0
24376,17.75,2.754,1,0,0
15672,17.21,3.007,1,0,0
41496,39.06,3.381,0,0,0
12288,93.32,0.84,0,0,0
50984,35.8,2.901,0,0,0
63288,21.73,2.958,1,0,0
1145856,15.98,5.499,1049,1,0
365352,22.11,2.725,1,0,0
119296,29.21,2.711,1,0,0
21224,14.52,2.748,1,0,0
42832,27.41,2.747,1,0,0
76640,24.47,2.635,1,0,0
20952,54.55,1.049,0,0,0
266240,28.12,2.831,169,1,0
15672,18.42,2.803,1,0,0
36928,32.66,2.297,0,0,0
28232,23.72,2.515,1,0,0
3072,54.0,2.975,0,0,0
68808,18.83,3.19,1,0,0
258784,19.49,4.531,0,0,0
222520,43.93,3.848,62,0,0
1312584,6.66,3.579,87,1,0
8704,40.31,2.86,1,0,0
170848,12.41,3.37,1,0,0
56320,25.25,2.987,1,0,0
77824,48.95,1.8,99,1,0
67400,21.89,3.403,1,0,0
50984,41.66,2.453,0,0,0
100352,22.5,2.875,1,0,0
25424,21.13,2.765,1,0,0
9728,40.42,2.609,1,0,0
1028608,12.38,4.604,96,1,0
36872,13.53,2.831,1,0,0
14880,19.73,2.392,1,0,0
45056,58.19,1.756,52,1,0
307536,10.87,4.963,202,1,0
4540360,25.48,4.589,0,0,0
870632,11.74,5.489,211,1,0
1026096,21.55,2.997,1,0,0
20776,18.75,2.697,1,0,0
53128,15.46,2.765,1,0,0
222680,16.31,2.747,0,0,0
22072,23.1,2.608,1,0,0
20544,27.98,2.454,29,0,0
98304,42.36,2.816,77,0,0
21600,19.36,4.209,49,1,0
21288,19.06,2.813,1,0,0
41224,20.92,4.653,0,0,0
21696,15.27,2.656,1,0,0
29744,18.77,2.742,1,0,0
5120,56.76,2.448,1,0,0
30960,11.27,2.974,1,0,0
43344,25.77,2.669,1,0,0
72704,29.26,2.838,1,0,0
27880,10.95,2.892,1,0,0
36992,24.71,2.924,0,0,0
17744,18.87,2.835,1,0,0
59192,15.85,2.872,1,0,0
132448,10.72,3.126,1,0,0
19752,20.1,2.628,1,0,0
131936,8.39,2.953,1,0,0
28192,25.38,2.47,1,0,0
20992,24.0,3.154,0,0,0
26936,21.69,3.054,1,0,0
15672,19.63,2.669,1,0,0
163432,23.17,4.751,264,1,0
42320,25.87,2.569,1,0,0
19240,23.03,2.738,1,0,0
5120,58.3,2.46,1,0,0
1291584,6.65,3.721,87,1,0
7680,51.03,2.953,0,0,0
41768,22.95,2.738,1,0,0
31744,21.24,2.986,0,0,0
24912,12.4,2.634,1,0,0
18944,25.79,2.697,1,0,0
14248,16.29,2.27,1,0,0
15144,18.14,2.781,1,0,0
36504,25.01,2.912,0,0,0
836536,14.8,5.232,573,1,0
21552,13.75,2.817,1,0,0
27560,17.33,2.612,1,0,0
18784,19.61,2.838,1,0,0
32840,32.1,1.867,0,0,0
1234312,20.39,4.16,262,4,0
618496,23.05,3.578,446,2,0
54272,18.24,2.989,1,0,0
4096,53.32,2.772,1,0,0
294536,17.91,2.742,1,0,0
21288,20.31,2.716,1,0,0
57192,14.45,4.169,58,0,0
40248,13.4,2.884,1,0,0
876776,15.13,4.192,137,1,0
17760,19.08,2.639,1,0,0
24872,20.71,2.794,1,0,0
45056,51.94,3.226,0,0,0
18272,19.09,2.621,1,0,0
667840,27.29,3.09,1,0,0
15672,18.03,2.98,1,0,0
579512,12.35,5.392,306,1,0
4322232,15.89,5.522,1393,1,0
35128,18.62,4.297,44,1,0
131232,18.03,4.605,0,0,0
18744,16.17,3.04,1,0,0
535480,16.01,5.373,624,1,0
44840,21.25,2.92,1,0,0
230144,17.56,3.054,1,0,0
29440,13.52,2.767,1,0,0
46504,16.72,3.298,34,1,0
100136,24.43,3.365,0,0,0
5632,57.76,2.364,1,0,0
210216,20.84,2.878,1,0,0
50528,16.32,2.569,1,0,0
2251328,24.18,4.307,79,0,0
71512,21.29,4.467,86,1,0
321360,21.04,5.762,0,0,0
11776,29.1,2.506,1,0,0
67504,18.38,2.922,1,0,0
368640,28.25,3.718,260,1,0
459488,19.42,4.297,0,0,0
5120,55.04,2.529,1,0,0
229640,17.67,4.873,0,0,0
38912,28.13,2.778,1,0,0
271656,20.82,4.333,1,0,0
17568,19.76,2.673,1,0,0
85432,22.41,4.744,81,1,0
149479,20.49,4.003,134,0,0
4274200,17.7,4.043,261,1,0
59816,38.98,2.955,0,0,0
26016,54.53,1.307,0,0,0
35640,23.7,4.223,0,0,0
308624,19.75,4.658,233,1,0
54584,14.08,3.259,1,0,0
12288,93.36,0.832,0,0,0
4096,54.71,2.988,0,0,0
15656,16.24,3.002,1,0,0
25952,29.12,2.735,0,0,0
94136,17.41,4.924,139,1,0
1134656,14.92,4.232,139,2,0
3584,53.88,3.028,0,0,0
542520,22.11,3.624,192,1,0
15144,17.51,2.848,1,0,0
33080,18.24,3.025,1,0,0
88064,18.41,3.522,1,0,0
24448,21.26,2.792,1,0,0
257672,19.25,2.798,1,0,0
225704,15.69,2.883,1,0,0
479232,25.44,2.959,259,1,0
12288,45.11,2.458,1,0,0
7168,53.31,2.95,0,0,0
77480,20.7,2.855,1,0,0
32840,33.38,1.557,0,0,0
1603384,17.05,5.094,329,2,0
69896,22.41,3.869,175,1,0
320944,14.85,4.725,92,0,0
19328,18.95,3.02,1,0,0
36864,25.72,2.693,1,0,0
82160,17.5,2.988,1,0,0
5777336,16.66,5.59,2888,1,0
89424,21.96,2.55,1,0,0
5632,51.67,2.539,1,0,0
16184,18.54,2.707,1,0,0
52256,26.74,3.343,1,0,0
89440,42.47,2.395,73,0,0
812880,66.25,0.593,0,0,0
327744,18.93,4.977,539,1,0
157480,22.94,5.155,0,0,0
349328,16.74,2.907,1,0,0
19752,19.63,2.647,1,0,0
17208,18.9,2.803,1,0,0
22176,19.76,2.922,1,0,0
28200,26.6,2.916,1,0,0
201472,22.44,4.155,0,0,0
16224,16.32,2.705,0,0,0
7168,46.65,2.706,1,0,0
16816,20.32,2.762,1,0,0
4608,57.31,2.562,1,0,0
99168,17.96,3.085,1,0,0
1291592,6.65,3.721,87,1,0
15160,19.25,2.662,1,0,0
331776,20.46,3.307,147,1,0
51024,35.04,3.26,0,0,0
1294336,11.17,4.306,181,1,0
112424,27.63,3.853,0,0,0
17744,17.41,2.791,1,0,0
35328,28.84,2.796,1,0,0
62816,9.56,2.786,1,0,0
27872,11.8,2.809,1,0,0
22104,51.6,1.044,0,0,0
280064,24.45,2.853,1,0,0
75240,51.11,2.12,28,0,0
24768,12.8,4.131,0,0,0
90880,38.06,1.703,43,1,0
20944,49.51,1.954,0,0,0
22224,15.47,2.717,1,0,0
5632,53.64,2.503,1,0,0
3478344,16.69,3.944,148,1,0
28672,51.47,2.765,0,0,0
35112,17.92,2.699,1,0,0
10752,50.98,3.048,0,0,0
72704,29.26,2.838,1,0,0
48896,19.91,2.845,1,0,0
17280,19.17,2.714,1,0,0
368640,26.97,3.154,237,2,0
102400,46.75,2.611,65,0,0
52152,21.02,2.922,49,1,0
749056,23.04,2.839,1,0,0
588288,14.98,3.385,289,1,0
31896,9.96,2.727,1,0,0
56760,16.11,3.817,57,1,0
487864,14.68,5.214,542,1,0
261992,35.6,4.313,51,1,0
282624,29.11,3.554,161,1,0
15656,18.06,2.77,1,0,0
1482576,27.8,2.887,1,0,0
86064,22.11,2.992,1,0,0
22992,47.32,1.547,0,0,0
35840,28.45,2.873,1,0,0
1296816,17.09,5.128,0,0,0
16208,18.98,2.756,1,0,0
28456,22.43,2.374,1,0,0
150016,22.39,4.675,120,1,0
124408,34.4,3.336,136,0,0
317736,50.78,3.652,0,0,0
32848,33.29,1.593,0,0,0
355272,19.51,4.426,102,1,0
83752,32.04,3.298,0,0,0
18944,36.16,2.663,1,0,0
239400,21.58,3.778,0,0,0
21696,15.84,2.61,1,0,0
37216,14.86,2.86,1,0,0
14136,19.36,2.474,1,0,0
2560,63.71,2.77,0,0,0
243496,21.54,4.366,0,0,0
18232,19.33,2.709,1,0,0
8595768,22.4,5.104,79,0,0
513976,28.04,2.726,1,0,0
887648,24.99,3.37,1,0,0
16312,20.64,2.149,1,0,0
31008,54.94,1.253,0,0,0
86016,33.87,2.467,99,1,0
30072,16.29,3.051,1,0,0
556664,16.72,5.551,0,0,0
19808,18.93,2.773,1,0,0
20832,19.39,2.736,1,0,0
27120,10.91,2.787,1,0,0
862472,11.56,4.022,0,0,0
42528,20.85,3.013,1,0,0
1086464,13.22,4.623,99,1,0
21808,49.77,1.549,0,0,0
15392,17.89,2.891,1,0,0
4096,54.15,2.803,1,0,0
93624,17.16,4.545,108,1,0
30048,20.33,2.747,1,0,0
51464,18.39,2.698,1,0,0
345080,10.19,5.754,108,1,0
1374776,28.61,2.857,1,0,0
20992,36.08,2.688,1,0,0
48056,21.62,3.015,1,0,0
256424,13.83,2.813,1,0,0
15144,18.3,2.82,1,0,0
27872,11.59,2.752,1,0,0
64808,21.61,2.712,1,0,0
1143148,13.14,3.911,46,0,0
91944,24.0,5.321,0,0,0
152888,15.19,3.252,1,0,0
18944,51.96,2.945,0,0,0
1956136,19.18,4.58,224,2,0
31390648,0.4,5.352,147,1,0
15712,18.25,2.815,1,0,0
699320,15.15,5.416,452,1,0
92512,27.73,2.886,1,0,0
26856,10.69,2.865,1,0,0
138752,25.23,2.867,1,0,0
26632,11.63,2.672,1,0,0
2020616,13.71,3.813,214,1,0
28608,28.84,2.599,1,0,0
312672,12.99,4.601,19,0,0
84240,30.77,3.533,0,0,0
54520,19.39,2.239,1,0,0
374200,18.71,4.998,114,0,0
33176528,17.46,4.166,241,1,0
19240,20.08,2.751,1,0,0
72192,26.53,2.835,1,0,0
23040,27.48,2.691,1,0,0
9728,45.95,2.409,1,0,0
512000,35.02,2.76,247,1,0
18808,19.77,2.827,1,0,0
616248,16.08,5.743,0,0,0
4608,57.16,2.593,1,0,0
17208,19.5,2.755,1,0,0
87376,19.91,2.393,1,0,0
14648,19.68,2.524,1,0,0
236856,11.91,2.949,1,0,0
64232,17.96,2.708,1,0,0
14336,27.9,2.609,1,0,0
1033728,26.06,2.838,1,0,0
46888,42.11,2.537,0,0,0
123320,13.52,4.547,34,0,0
419488,18.69,2.649,1,0,0
78264,16.54,4.386,93,1,0
16224,17.6,2.842,1,0,0
90936,18.16,4.256,55,0,0
34600,15.71,2.813,1,0,0
100176,30.42,3.579,0,0,0
182200,25.14,2.198,1,0,0
17072,20.2,2.622,1,0,0
43520,31.49,2.74,1,0,0
5632,55.82,2.42,1,0,0
38074368,14.02,5.215,351,2,0
15984,21.65,2.296,0,0,0
8210432,17.77,4.735,313,2,0
73512,21.19,2.991,1,0,0
23040,48.88,2.98,0,0,0
128296,17.93,2.686,1,0,0
36130832,27.58,4.461,243,2,0
25992,18.76,2.837,1,0,0
19256,25.59,2.498,0,0,0
52184,29.35,3.119,90,2,0
6793088,46.99,2.942,208,1,0
31888,9.82,2.748,1,0,0
91568,22.56,2.819,1,0,0
399200,18.02,3.064,1,0,0
63448,44.46,1.666,32,1,0
68920,12.0,2.985,1,0,0
350648,16.44,5.275,383,1,0
236032,27.39,2.815,1,0,0
6656,51.43,2.983,0,0,0
71128,48.31,2.295,33,0,0
1253216,27.04,2.913,1,0,0
30456,11.98,2.81,1,0,0
12800,52.53,2.28,27,1,0
55808,28.42,2.791,1,0,0
36960,25.1,2.856,0,0,0
84264,18.21,2.73,1,0,0
16736,17.99,2.754,1,0,0
44032,53.87,2.895,0,0,0
56232,21.11,2.731,1,0,0
21288,18.98,2.783,1,0,0
26976,33.08,2.928,0,0,0
116664,17.89,4.958,125,1,0
2666656,2.05,3.591,1,0,0
15656,20.29,2.716,1,0,0
196920,19.1,3.084,1,0,0
28424,12.44,2.617,1,0,0
40736,20.72,3.826,25,0,0
56056,13.47,4.18,0,0,0
126904,28.41,2.984,1,0,0
76128,21.95,2.977,1,0,0
119440,19.19,4.101,208,1,0
5632,39.88,3.038,1,0,0
55096,23.63,2.733,1,0,0
15536,17.05,2.862,1,0,0
71416,21.03,2.739,1,0,0
6144,49.1,2.67,1,0,0
36928,27.54,2.85,0,0,0
1774008,13.94,5.432,1123,1,0
41136,21.96,4.106,0,0,0
31744,49.0,2.92,0,0,0
28000,14.26,2.902,1,0,0
5316048,23.35,4.221,589,0,0
5632,52.47,3.036,0,0,0
5120,57.62,2.454,1,0,0
18728,19.21,2.977,1,0,0
15184,19.72,2.642,1,0,0
55560,38.71,2.71,0,0,0
241152,24.44,3.092,1,0,0
319624,18.45,2.945,1,0,0
22328,21.26,2.622,1,0,0
34088,30.72,2.493,1,0,0
212656,19.32,5.204,0,0,0
374072,20.14,3.004,1,0,0
111544,16.29,4.673,89,1,0
151552,38.15,2.509,98,0,0
29608,15.99,2.637,1,0,0
948536,14.16,5.782,0,0,0
1445488,20.48,3.744,230,2,0
54512,16.93,3.096,1,0,0
17208,17.22,2.96,1,0,0
11264,50.73,2.835,0,0,0
58488,23.06,2.959,1,0,0
909240,12.56,5.556,598,1,0
182840,21.09,4.46,173,1,0
4608,55.19,2.646,1,0,0
1592440,17.16,4.982,169,1,0
58296,22.93,3.008,1,0,0
151848,19.09,4.149,1,0,0
170424,21.41,4.666,99,0,0
192392,17.01,4.265,0,0,0
113464,18.8,2.733,1,0,0
896536,3.76,4.807,112,1,0
232888,17.78,4.551,273,0,0
14336,53.84,2.929,0,0,0
4608,54.49,2.44,1,0,0
276264,16.96,4.685,0,0,0
160096,29.13,4.125,0,0,0
24576,86.71,1.101,0,0,0
145232,25.53,3.769,0,0,0
10678088,13.79,3.965,173,2,0
5632,41.28,2.973,1,0,0
23352,13.26,2.966,1,0,0
104000,20.89,4.549,419,1,0
237368,14.11,2.965,1,0,0
16208,19.49,2.693,1,0,0
21280,14.26,2.828,1,0,0
872992,16.67,5.596,189,1,0
822784,14.96,4.278,253,1,0
159544,21.2,2.99,1,0,0
168080,23.85,4.725,290,1,0
77152,7.26,3.582,1,0,0
451952,18.28,3.055,1,0,0
5632,51.15,2.569,1,0,0
27912,11.8,2.801,1,0,0
46664,17.13,4.131,61,1,0
822616,17.78,3.328,1,0,0
3072,62.14,2.796,0,0,0
14336,52.43,2.905,0,0,0
223200,17.29,4.273,98,2,0
349744,25.88,4.209,90,0,0
2199552,17.92,4.353,395,1,0
58096,33.08,2.722,0,0,0
21816,19.78,2.951,1,0,0
3072,61.59,2.822,0,0,0
44805080,26.81,4.048,271,2,0
96040,28.75,3.923,0,0,0
17344,19.29,2.79,1,0,0
253240,19.85,3.031,1,0,0
3072,54.17,3.002,0,0,0
86740,22.08,3.478,80,0,0
22112,20.02,2.874,1,0,0
64000,24.75,4.931,145,1,0
16656,18.52,2.775,1,0,0
91704,45.42,2.081,75,1,0
4608,58.05,2.547,1,0,0
35840,28.3,2.877,1,0,0
28760,20.71,3.087,1,0,0
41768,21.32,2.632,1,0,0
26314352,13.7,4.451,254,2,0
177504,18.49,3.648,232,3,0
5120,56.07,2.551,1,0,0
4608,54.49,2.647,1,0,0
221968,18.95,4.294,598,1,0
1898416,17.43,5.038,126,2,0
38032,26.11,2.89,0,0,0
23416,27.3,2.988,43,0,0
131072,29.64,2.671,130,1,0
26960,21.62,2.325,1,0,0
26464,20.23,2.742,1,0,0
256808,17.09,2.709,1,0,0
92160,35.11,2.82,0,0,0
330240,23.02,4.543,119,1,0
160616,19.93,3.139,1,0,0
57344,52.45,1.884,112,0,0
70144,30.75,2.77,1,0,0
189368,27.08,4.823,238,1,0
145200,21.94,2.911,1,0,0
16208,18.48,2.881,1,0,0
397608,18.9,2.639,1,0,0
550912,26.39,3.117,1,0,0
23376,22.3,2.524,1,0,0
16208,19.67,2.683,1,0,0
111544,16.11,4.608,99,1,0
288768,20.34,4.469,90,0,0
100352,29.38,2.694,1,0,0
459192,16.18,5.393,361,1,0
31688,16.02,3.093,1,0,0
64824,9.11,2.597,1,0,0
5761624,13.33,3.954,172,2,0
608504,18.6,5.621,126,2,0
876544,21.8,3.454,197,1,0
379152,21.55,2.642,1,0,0
25936,12.58,2.686,1,0,0
29992,17.65,2.824,1,0,0
2560,62.15,2.822,0,0,0
14848,51.88,2.771,0,0,0
50984,33.13,3.676,0,0,0
30864,26.6,3.417,60,1,0
418680,22.01,2.998,1,0,0
288256,55.02,4.013,0,0,0
71560,33.39,2.105,1,0,0
15656,17.37,2.891,1,0,0
574904,16.05,5.249,121,0,0
109040,17.32,3.621,42,0,0
24600,21.98,2.844,1,0,0
790528,51.44,2.45,146,0,0
40960,73.58,1.277,15,0,0
40880,19.8,2.752,1,0,0
10715576,13.59,5.424,2047,1,0
25384,21.45,2.755,1,0,0
3072,58.59,2.926,0,0,0
58368,20.58,3.768,73,1,0
77624,21.43,3.131,1,0,0
21232,14.46,2.758,1,0,0
16320,15.13,4.079,0,0,0
94752,21.38,4.81,65,1,0
14720,20.67,2.696,1,0,0
13624,16.96,2.673,1,0,0
67368,19.76,2.832,1,0,0
649776,16.56,5.272,44,1,0
84304,22.99,3.127,1,0,0
7680,45.17,2.594,1,0,0
26032,38.87,2.122,29,0,0
862032,11.67,4.085,0,0,0
259512,34.3,4.006,166,0,0
1820672,28.7,2.737,1,0,0
102400,43.38,2.028,103,1,0
14768,15.96,2.438,1,0,0
28040,19.13,2.832,1,0,0
26176,21.23,2.646,1,0,0
27192,25.76,2.969,43,1,0
299784,19.79,4.869,0,0,0
106792,23.72,2.672,1,0,0
13824,42.82,3.203,0,0,0
3584,64.01,2.698,0,0,0
308008,19.32,2.718,1,0,0
1180072,20.44,4.16,220,4,0
918016,40.61,2.338,1,0,0
33576,24.08,2.309,1,0,0
16384,49.29,3.024,0,0,0
8784496,16.8,5.214,354,1,0
61352,16.94,3.297,65,1,0
24576,88.8,0.976,0,0,0
290304,19.44,3.639,0,0,0
77824,42.04,2.065,94,1,0
202680,16.53,5.081,208,1,0
26544,16.65,2.61,1,0,0
26032,16.25,2.64,1,0,0
15144,19.8,2.602,1,0,0
43872,12.62,2.769,1,0,0
1475464,13.48,5.06,127,1,0
192512,29.32,3.024,144,1,0
28968,21.95,2.969,1,0,0
124344,5.82,2.757,1,0,0
128424,32.4,2.079,105,1,0
3072,55.5,3.014,0,0,0
4608,58.53,2.539,1,0,0
497720,20.98,3.904,141,1,0
22912,21.73,2.975,1,0,0
3072,53.78,3.025,0,0,0
4608,56.34,2.601,1,0,0
212992,35.25,2.385,143,1,0
115368,11.27,3.276,65,0,0
25440,16.75,3.25,1,0,0
11776,27.38,2.669,1,0,0
103864,17.5,4.845,127,1,0
17944,20.3,2.795,1,0,0
737160,28.11,3.026,1,0,0
59392,40.84,3.227,0,0,0
54112,24.78,2.961,1,0,0
60752,22.82,2.854,1,0,0
21192,14.43,2.75,1,0,0
6144,40.3,3.29,1,0,0
25384,20.96,2.789,1,0,0
172032,26.46,3.746,306,1,0
4608,56.94,2.613,1,0,0
75184,21.25,2.743,1,0,0
15712,15.91,3.044,1,0,0
208288,15.64,4.916,95,1,0
118072,45.11,3.556,0,0,0
66312,20.88,2.962,1,0,0
77576,14.33,2.815,1,0,0
73784,20.67,2.804,1,0,0
28866616,13.44,4.021,180,1,0
304640,53.78,2.08,0,0,0
147456,29.58,2.683,157,1,0
130912,12.02,3.116,1,0,0
19240,19.72,2.804,1,0,0
181888,21.85,3.96,87,1,0
834584,47.87,4.104,0,0,0
9216,40.0,3.017,1,0,0
45056,71.57,1.398,35,0,0
15672,18.49,2.889,1,0,0
5120,56.89,2.459,1,0,0
45072,22.87,2.964,1,0,0
15696,17.97,2.875,1,0,0
21936,41.52,2.749,0,0,0
26920,20.69,2.846,1,0,0
831208,14.69,4.947,150,1,0
27360,12.08,2.771,1,0,0
16168,18.1,2.922,1,0,0
35328,42.85,3.346,0,0,0
151552,33.17,2.175,161,1,0
3072,54.0,3.014,0,0,0
1480936,24.26,2.292,1,0,0
25384,21.27,2.776,1,0,0
21192,14.6,2.73,1,0,0
34216,25.34,3.319,90,1,0
131464,15.99,3.263,1,0,0
5120,53.54,2.571,1,0,0
14848,48.3,2.335,27,1,0
314296,12.52,4.034,205,0,0
28456,20.13,2.955,1,0,0
34088,19.63,3.028,1,0,0
72944,14.01,2.871,1,0,0
2091128,28.21,2.81,1,0,0
16168,17.08,2.857,1,0,0
268088,19.32,4.875,0,0,0
22888,40.01,2.751,0,0,0
910816,19.33,3.694,430,0,0
16296,18.53,2.618,1,0,0
4096,62.26,2.248,1,0,0
3072,53.94,2.977,0,0,0
15696,19.79,2.614,1,0,0
3623736,28.45,4.064,342,2,0
15712,20.91,3.726,0,0,0
5437640,13.69,3.662,217,2,0
1820672,28.7,2.737,1,0,0
31264,21.57,2.604,1,0,0
5120,56.15,2.489,1,0,0
84776,23.0,2.625,1,0,0
18216,17.33,2.817,1,0,0
22888,49.37,1.157,0,0,0
14648,16.94,2.897,1,0,0
20912,19.05,2.707,1,0,0
165712,23.6,4.189,0,0,0
413960,17.07,4.702,113,1,0
2087864,17.73,5.168,681,1,0
78848,31.16,2.609,0,0,0
895936,25.6,2.984,1,0,0
15632,19.45,2.581,1,0,0
38008,15.7,3.219,0,0,0
169472,23.47,2.956,1,0,0
99840,57.19,3.716,0,0,0
65760,22.84,2.906,1,0,0
194616,20.67,4.312,52,1,0
29960,12.33,2.957,1,0,0
535008,24.21,4.432,207,1,0
75704,27.47,2.692,1,0,0
111544,17.53,4.816,118,1,0
32016,34.57,3.446,0,0,0
28672,28.62,2.963,1,0,0
83256,29.14,2.69,1,0,0
61240,15.61,2.767,1,0,0
65536,48.77,1.835,61,1,0
3717120,16.03,5.495,116,0,0
118568,27.5,2.885,1,0,0
57344,68.2,1.578,17,0,0
1115880,14.46,5.174,218,1,0
3538792,18.5,3.894,455,1,0
183816,23.63,4.78,133,1,0
4608,58.14,2.541,1,0,0
4608,58.31,2.539,1,0,0
3249592,11.51,5.011,814,1,0
24736,22.82,2.503,1,0,0
8192,50.07,2.994,0,0,0
29912,16.32,3.019,1,0,0
2002944,22.03,3.528,147,1,0
330792,20.45,3.105,1,0,0
255288,12.19,2.91,1,0,0
23352,13.92,2.784,1,0,0
20408,23.12,3.041,25,1,0
76072,31.21,3.684,0,0,0
3584,59.88,2.839,0,0,0
1580592,3.25,2.732,1,0,0
387512,14.77,5.151,330,1,0
22716080,4.88,4.158,186,2,0
26672,23.03,3.317,11,0,0
34240,20.88,2.938,1,0,0
4608,56.4,2.64,1,0,0
14392,17.7,2.895,0,0,0
1076224,20.87,2.691,166,4,0
90464,4.89,2.72,1,0,0
39424,37.87,2.503,1,0,0
425984,19.36,3.041,174,1,0
204856,4.06,2.706,1,0,0
22952,45.38,1.937,0,0,0
26456,11.04,2.94,1,0,0
410552,18.23,5.389,427,1,0
51200,50.89,2.771,0,0,0
16696,18.15,2.87,1,0,0
20320,16.34,3.015,1,0,0
1509200,17.99,5.573,0,0,0
2771728,33.8,4.574,237,1,0
35640,23.69,4.232,0,0,0
15160,18.98,2.734,1,0,0
16680,19.34,2.792,1,0,0
110416,22.69,2.945,1,0,0
204800,27.91,2.732,121,1,0
23480,22.2,3.444,34,1,0
16680,17.13,3.056,1,0,0
123944,21.95,3.029,1,0,0
132024,16.96,4.876,185,1,0
78848,43.97,3.286,0,0,0
94384,22.46,4.723,0,0,0
324360,18.41,3.159,1,0,0
82784,20.06,3.04,1,0,0
17192,19.64,2.892,1,0,0
33456,21.32,3.765,0,0,0
51064,27.38,4.197,0,0,0
28456,18.46,3.011,1,0,0
36664,18.1,2.658,1,0,0
335792,25.43,4.844,114,1,0
14848,30.98,4.245,0,0,0
8558376,15.96,5.724,0,0,0
212776,20.76,2.653,1,0,0
14848,34.16,2.841,1,0,0
417728,17.78,5.199,133,0,0
50744,14.88,3.186,1,0,0
20480,88.05,1.282,0,0,0
91944,29.98,3.882,0,0,0
421608,12.91,3.015,1,0,0
17208,21.22,3.686,0,0,0
61408,19.21,3.763,48,0,0
13824,36.39,2.751,1,0,0
4201848,19.17,3.981,240,1,0
142288,21.45,3.672,96,0,0
19752,20.85,2.778,1,0,0
50928,17.48,2.933,1,0,0
7680,41.37,2.73,1,0,0
18040,19.13,2.714,1,0,0
31912,9.87,2.748,1,0,0
229496,21.67,3.038,1,0,0
382904,17.41,5.223,370,1,0
14306232,13.47,5.525,4057,0,0
155648,29.66,2.431,128,1,0
19240,18.82,2.9,1,0,0
32840,34.36,1.251,0,0,0
3584,57.59,2.991,0,0,0
18216,19.18,2.924,1,0,0
154976,22.31,4.762,116,0,0
16656,19.46,2.773,1,0,0
30720,48.57,2.935,0,0,0
3584,58.31,2.914,0,0,0
33280,27.71,2.877,1,0,0
22216,15.66,2.671,1,0,0
266240,23.83,2.537,162,1,0
716800,16.67,4.412,219,2,0
4608,59.16,2.502,1,0,0
51496,20.08,3.102,1,0,0
19240,18.37,2.913,1,0,0
63416,16.29,4.534,61,1,0
24608,20.0,5.308,0,0,0
348728,22.01,3.045,1,0,0
736184,18.24,5.289,647,1,0
285184,19.34,3.367,0,0,0
957368,17.89,5.218,650,1,0
83440,16.57,2.754,1,0,0
100352,29.38,2.694,1,0,0
164824,30.67,3.576,92,0,0
54784,23.79,2.745,1,0,0
43448,52.31,1.648,28,0,0
94696,21.53,3.024,1,0,0
14864,19.27,2.699,1,0,0
90112,47.25,2.513,49,0,0
29016,38.57,1.64,1,0,0
135168,28.91,2.283,30,1,0
22584,50.13,1.149,0,0,0
118272,34.54,4.139,0,0,0
5120,53.73,2.595,1,0,0
34600,45.0,2.396,0,0,0
139264,28.97,2.649,123,0,0
9525272,17.27,4.687,212,2,0
17920,51.96,2.919,0,0,0
31472,14.42,2.586,1,0,0
234280,27.63,2.747,1,0,0
2775224,21.23,3.985,575,2,0
24145872,12.63,5.206,232,2,0
27488,17.35,3.324,1,0,0
22880,28.67,3.64,0,0,0
285096,29.56,2.573,99,0,0
2856992,24.65,3.541,249,1,0
287496,30.12,2.795,1,0,0
16680,19.34,2.792,1,0,0
5120,58.44,2.449,1,0,0
42832,21.02,2.634,1,0,0
459264,17.87,4.205,194,1,0
145336,14.79,4.478,83,1,0
4409704,19.61,4.141,491,1,0
103848,37.35,2.057,113,1,0
733512,25.34,2.943,1,0,0
10240,39.08,2.717,1,0,0
16648,18.3,2.698,1,0,0
321800,18.54,2.716,1,0,0
62776,22.03,2.705,1,0,0
14648,17.17,2.872,1,0,0
166160,29.99,3.788,0,0,0
31968,9.71,2.828,1,0,0
32768,84.53,1.218,22,0,0
16736,19.98,2.782,1,0,0
15632,17.87,2.724,1,0,0
42792,21.09,2.596,1,0,0
180224,35.02,2.562,206,0,0
110592,29.45,2.036,26,0,0
82768,12.23,2.82,1,0,0
26872,10.42,2.989,1,0,0
24576,30.89,3.306,1,0,0
20304,21.28,2.719,1,0,0
186800,14.68,5.022,96,1,0
48640,50.45,2.917,0,0,0
13688,19.48,2.779,1,0,0
58296,22.93,3.008,1,0,0
31728,11.39,2.765,1,0,0
482288,17.48,4.725,78,1,0
396288,17.06,4.25,102,1,0
32768,73.53,1.291,12,0,0
16696,18.79,2.781,1,0,0
871176,10.53,5.089,0,0,0
53096,7.87,4.383,0,0,0
81704,19.19,2.657,1,0,0
3072,58.4,2.939,0,0,0
22568,21.36,2.903,1,0,0
75576,19.77,2.718,1,0,0
5120,56.86,2.481,1,0,0
24328,22.83,2.573,1,0,0
18232,16.44,2.819,1,0,0
385456,22.11,3.122,1,0,0
21840,20.41,2.352,1,0,0
1247504,17.55,5.101,0,0,0
133296,19.24,4.705,0,0,0
744888,16.33,5.477,446,1,0
3072,57.03,2.943,0,0,0
133392,24.86,3.984,0,0,0
20776,20.1,2.801,1,0,0
5120,56.52,2.475,1,0,0
215896,25.68,2.486,166,1,0
111416,21.34,4.697,50,1,0
1220608,17.29,3.893,277,1,0
106848,22.07,3.057,1,0,0
18312,20.31,3.038,1,0,0
151552,38.15,2.509,98,0,0
1517352,16.56,6.334,0,0,0
131832,26.04,3.826,0,0,0
120680,20.23,5.435,104,1,0
86688,18.13,4.961,50,1,0
22328,15.48,2.739,1,0,0
661456,19.24,4.518,206,1,0
5120,54.43,2.553,1,0,0
1490592,33.88,4.972,137,1,0
602496,24.52,4.697,128,1,0
31216,12.4,2.714,1,0,0
5120,56.39,2.832,0,0,0
977720,20.24,4.697,242,1,0
122880,35.5,2.975,144,1,0
12800,56.87,2.249,27,1,0
16680,18.51,2.815,1,0,0
14078976,16.15,5.829,0,0,0
51024,39.23,2.855,0,0,0
19768,17.94,2.874,1,0,0
18216,18.75,2.967,1,0,0
5632,50.99,2.668,1,0,0
28552,19.25,2.825,1,0,0
167352,16.81,4.996,291,1,0
253432,23.6,2.944,121,1,0
222048,24.26,3.567,162,2,0
16720,18.5,2.777,1,0,0
33280,53.05,2.706,0,0,0
22056,51.82,1.043,0,0,0
1446240,15.94,4.338,211,2,0
16224,18.91,2.608,1,0,0
269112,27.62,2.749,1,0,0
37904,22.97,2.931,1,0,0
65536,61.88,2.103,52,0,0
358712,20.78,4.9,0,0,0
2077448,16.28,5.669,0,0,0
31728,12.12,2.7,1,0,0
5632,51.44,2.584,1,0,0
54712,15.77,3.804,48,1,0
21232,14.65,2.746,1,0,0
21205432,14.98,5.767,610,3,0
13312,26.45,2.621,1,0,0
974848,28.63,3.338,0,0,0
187200,16.71,4.416,21,0,0
18256,18.85,2.726,1,0,0
21232,14.57,2.743,1,0,0
18432,31.28,3.279,0,0,0
54608,20.56,3.064,1,0,0
442400,18.63,3.089,1,0,0
18784,19.73,2.896,1,0,0
30520,18.84,2.789,1,0,0
11776,28.41,2.571,1,0,0
52688,23.5,2.878,64,0,0
118712,17.57,5.014,216,1,0
4608,56.08,2.651,1,0,0
18344,18.49,2.718,1,0,0
260624,19.72,3.85,180,1,0
5120,53.87,2.556,1,0,0
4608,65.56,2.187,1,0,0
4741488,17.46,3.348,131,2,0
41984,51.03,2.751,0,0,0
12752,15.17,2.925,0,0,0
1890744,27.89,3.016,1,0,0
18744,19.04,2.942,1,0,0
30032,18.61,2.392,1,0,0
20792,21.02,2.951,1,0,0
21264,19.32,4.447,0,0,0
20944,44.06,2.731,0,0,0
5120,57.3,2.458,1,0,0
16768,22.23,2.732,1,0,0
173528,34.72,3.059,47,0,0
20264,19.55,2.874,1,0,0
2211840,27.21,2.801,1,0,0
22824,19.08,2.761,1,0,0
16184,18.63,2.745,1,0,0
16184,18.02,2.89,1,0,0
5632,51.44,2.584,1,0,0
27952,19.76,2.946,1,0,0
36864,32.1,2.761,1,0,0
58208,11.28,3.008,1,0,0
16184,18.72,2.678,1,0,0
63488,25.77,3.116,1,0,0
7887912,37.71,4.996,110,1,0
31048,26.47,2.95,39,0,0
79696,16.0,3.242,1,0,0
94677552,17.79,4.096,177,1,0
144816,25.3,4.061,126,1,0
15184,19.51,2.633,1,0,0
34584,24.92,3.899,81,1,0
211280,21.0,2.869,1,0,0
145200,21.94,2.911,1,0,0
26856,12.08,2.592,1,0,0
12063704,15.92,5.086,410,1,0
22328,22.47,4.089,27,0,0
98304,35.64,2.435,90,1,0
177544,13.27,3.159,1,0,0
39736,19.43,2.995,1,0,0
411944,22.17,2.996,1,0,0
81168,13.45,2.897,1,0,0
93696,24.69,2.805,1,0,0
74000,19.0,2.833,1,0,0
366080,22.21,3.131,1,0,0
675840,25.46,3.143,423,2,0
342968,17.27,5.323,523,1,0
47440,23.19,2.686,1,0,0
67144,56.0,1.79,18,0,0
27640,11.5,2.888,1,0,0
19768,17.95,2.784,1,0,0
18824,19.45,2.9,1,0,0
151552,31.4,2.196,142,1,0
228424,27.33,1.995,0,0,0
614328,13.03,5.315,175,1,0
58152,21.67,2.98,1,0,0
138232,25.92,2.881,1,0,0
81840,21.43,4.363,20,0,0
718424,16.67,3.678,148,2,0
6656,39.02,2.98,1,0,0
46888,41.98,2.711,0,0,0
65536,60.55,2.062,50,0,0
19792,18.58,2.87,1,0,0
20872,19.39,2.737,1,0,0
19296,21.18,2.696,1,0,0
143429,5.47,3.086,24,0,0
75768,23.55,3.055,1,0,0
70216,16.68,3.204,1,0,0
24144,19.85,2.989,1,0,0
67496,23.39,2.754,1,0,0
5632,55.06,2.441,1,0,0
259360,23.16,3.181,1,0,0
32768,69.76,1.597,36,0,0
234296,12.02,2.965,1,0,0
551976,21.05,4.109,169,0,0
380576,15.91,5.659,0,0,0
16736,18.8,2.699,1,0,0
611880,19.3,5.256,208,2,0
46888,36.6,2.734,0,0,0
29440,12.93,2.696,1,0,0
2017120,30.57,3.814,0,0,0
34504,8.4,2.945,1,0,0
21816,19.37,3.068,1,0,0
338904,17.91,5.323,136,1,0
77824,58.7,2.183,27,0,0
54112,10.29,3.745,1,0,0
16896,52.78,2.841,0,0,0
45216,21.4,4.497,0,0,0
89992,22.2,2.715,1,0,0
462632,23.57,2.985,1,0,0
3218872,16.5,5.446,909,1,0
4096,52.44,2.61,1,0,0
549384,18.31,4.663,199,1,0
19280,21.56,2.667,1,0,0
31256,14.8,4.182,0,0,0
20776,19.96,2.764,1,0,0
63064,65.88,0.853,0,0,0
114040,25.51,4.511,66,1,0
34304,34.05,2.804,1,0,0
155064,25.6,4.694,78,1,0
207712,20.73,3.138,1,0,0
712080,26.01,2.928,1,0,0
18232,19.26,2.746,1,0,0
15144,18.83,2.698,1,0,0
707584,15.23,4.574,96,1,0
165304,17.57,5.127,305,1,0
1498552,11.92,4.966,451,1,0
84360,9.44,2.852,1,0,0
554328,26.9,2.95,1,0,0
547885,15.91,4.216,33,0,0
24672,11.53,2.711,1,0,0
11776,29.1,2.507,1,0,0
2115512,17.47,5.627,475,1,0
54784,23.29,2.731,1,0,0
47024,21.85,3.687,1,0,0
670816,31.87,3.384,119,0,0
25512,16.06,2.617,1,0,0
18256,17.18,2.962,1,0,0
31256,14.8,4.182,0,0,0
2281912,17.85,5.472,1185,1,0
147456,33.64,2.07,115,1,0
175544,20.99,5.053,93,1,0
1278184,14.17,4.924,190,1,0
45920,22.75,2.915,1,0,0
15360,32.83,2.952,1,0,0
407954,18.47,4.256,388,0,0
29592,13.09,2.803,1,0,0
61368,22.47,2.854,1,0,0
193024,40.4,2.442,1,0,0
91944,24.71,5.046,0,0,0
244616,24.01,3.888,81,1,0
227640,14.69,3.05,1,0,0
19808,25.37,2.556,0,0,0
3528520,16.71,3.808,151,1,0
27136,39.71,4.481,0,0,0
117176,15.73,3.914,144,1,0
2560,63.55,2.736,0,0,0
22840,20.28,2.81,1,0,0
38832,44.11,1.984,1,0,0
5120,56.84,2.825,0,0,0
26504,20.27,2.678,1,0,0
31160,24.28,3.298,83,1,0
27648,11.42,2.722,1,0,0
8192,37.63,4.13,0,0,0
107008,24.0,2.864,1,0,0
29864,15.37,3.395,1,0,0
354959,19.52,4.118,325,0,0
5632,55.63,2.953,0,0,0
58312,31.54,2.891,1,0,0
5120,51.52,2.601,1,0,0
3212640,18.16,3.286,287,2,0
92776,18.96,4.811,0,0,0
32408,9.78,2.786,1,0,0
6656,34.21,4.188,0,0,0
225720,16.42,5.156,326,1,0
653400,16.45,3.624,191,1,0
47528,19.65,2.708,1,0,0
47680,22.03,4.226,75,1,0
29184,31.18,2.715,1,0,0
11264,51.94,2.889,0,0,0
16136,17.46,2.808,1,0,0
17408,31.89,2.72,1,0,0
21816,27.41,2.968,11,0,0
5120,56.52,2.475,1,0,0
16896,39.02,2.628,1,0,0
25672,21.35,2.651,1,0,0
74040,21.34,2.932,1,0,0
1594600,15.58,5.05,134,1,0
49792,19.92,3.672,39,0,0
17672,19.93,2.731,1,0,0
27696,20.83,3.283,0,0,0
48424,26.59,2.681,1,0,0
1312696,17.9,5.384,1395,1,0
90112,36.23,2.637,106,1,0
618424,14.23,5.269,556,1,0
31880,9.71,2.773,1,0,0
15656,18.83,2.737,1,0,0
61224,21.0,2.995,1,0,0
268216,16.81,5.146,378,1,0
749056,32.35,5.142,74,1,0
55608,21.26,2.996,1,0,0
95528,20.49,3.125,1,0,0
927528,18.09,5.32,0,0,0
76288,47.38,2.861,0,0,0
30472,29.16,3.24,53,1,0
517624,26.77,2.853,126,0,0
69384,21.21,2.676,1,0,0
16168,20.24,2.574,1,0,0
29608,15.98,2.637,1,0,0
14336,53.52,2.91,0,0,0
8506144,15.66,5.747,0,0,0
23040,24.89,2.746,1,0,0
24872,22.16,2.836,1,0,0
22824,18.09,2.83,1,0,0
4608,57.16,2.593,1,0,0
410960,21.59,5.047,118,1,0
18232,20.55,2.846,1,0,0
184320,27.93,2.742,120,1,0
195144,35.75,4.382,172,0,0
65976,16.35,3.668,84,1,0
25912,20.37,3.341,0,0,0
186800,14.68,5.022,96,1,0
96080,26.58,3.991,0,0,0
3072,54.95,2.958,0,0,0
7092520,24.21,2.999,1,0,0
549816,17.18,5.463,566,1,0
75528,23.43,4.126,167,1,0
591872,11.34,5.207,93,1,0
20776,20.34,2.834,1,0,0
646656,22.24,5.529,217,0,0
13312,44.1,2.373,1,0,0
23552,26.89,2.64,1,0,0
65320,18.66,2.604,1,0,0
29136,44.04,2.511,0,0,0
26504,20.27,2.678,1,0,0
1163264,18.47,3.611,480,2,0
280576,24.48,2.867,1,0,0
4608,52.34,2.266,0,0,0
90112,40.86,2.248,97,0,0
6996528,21.27,3.115,1,0,0
1895864,13.49,5.314,616,1,0
92336,32.55,3.402,0,0,0
6656,46.94,2.584,1,0,0
46888,25.2,2.541,1,0,0
218408,21.46,3.32,1,0,0
15656,18.95,2.738,1,0,0
29424,11.98,2.729,1,0,0
934400,30.67,2.765,1,0,0
145408,21.72,3.012,1,0,0
149424,23.08,2.855,1,0,0
25400,17.61,3.13,1,0,0
173864,24.45,3.871,0,0,0
250488,19.63,2.779,1,0,0
16168,18.0,2.793,1,0,0
31888,9.86,2.741,1,0,0
25048,48.69,2.274,0,0,0
86440,21.46,2.767,1,0,0
161632,14.71,3.095,1,0,0
236856,11.76,3.033,1,0,0
22864,17.77,2.805,1,0,0
100648,29.21,2.599,1,0,0
683448,15.64,5.427,359,1,0
5120,52.75,2.654,1,0,0
38032,21.58,3.419,1,0,0
308616,29.17,3.65,1,0,0
65376,21.21,2.705,1,0,0
18944,25.79,2.697,1,0,0
31744,12.26,2.767,1,0,0
13312,26.26,2.614,1,0,0
1922880,30.26,3.055,1,0,0
110344,28.16,2.684,1,0,0
542008,22.26,3.014,1,0,0
267912,12.72,5.249,99,1,0
909824,9.39,4.723,93,1,0
39336,41.32,2.723,0,0,0
15712,17.96,2.791,1,0,0
16000,20.66,2.848,1,0,0
100152,27.39,4.185,0,0,0
10752,52.16,2.865,0,0,0
5529416,13.92,3.451,420,2,0
405944,16.49,2.964,1,0,0
40960,62.77,1.736,54,1,0
31872,18.35,2.77,25,1,0
31584,18.57,2.947,1,0,0
120632,35.65,2.165,93,1,0
1223608,25.88,4.782,91,0,0
31680,20.81,2.97,1,0,0
20528,14.16,2.643,1,0,0
205736,4.03,2.703,1,0,0
17920,32.66,2.83,1,0,0
26448,19.03,2.94,1,0,0
19752,21.25,2.727,1,0,0
38736,41.81,2.825,0,0,0
2560,63.4,2.77,0,0,0
58640,21.09,2.609,1,0,0
57548200,27.16,4.565,177,2,0
14848,51.85,2.777,0,0,0
64000,41.67,2.214,0,0,0
30448,12.54,2.843,1,0,0
238392,12.11,3.025,1,0,0
252216,13.15,3.148,1,0,0
19488,17.5,3.0,1,0,0
16384,31.92,4.248,0,0,0
244224,22.98,4.696,82,0,0
61792,23.61,4.207,0,0,0
204288,37.42,5.171,0,0,0
24432,20.35,2.773,1,0,0
21200,14.92,2.676,1,0,0
88496,32.15,3.447,0,0,0
15672,17.21,2.877,1,0,0
144952,22.06,2.957,1,0,0
32184,23.08,3.255,107,1,0
20680,15.17,2.465,1,0,0
71056,57.9,1.162,0,0,0
38008,26.21,2.88,0,0,0
98304,37.45,2.247,105,1,0
16184,17.76,2.758,1,0,0
15656,20.55,2.686,1,0,0
180152,15.08,4.891,129,1,0
861992,11.56,4.022,0,0,0
54337,30.09,3.46,53,0,0
4096,54.3,2.987,0,0,0
1806264,13.84,5.498,1188,1,0
15672,19.54,2.671,1,0,0
135168,27.78,2.861,218,2,0
148208,22.55,4.087,0,0,0
21704,15.71,2.544,1,0,0
58800,69.98,0.781,7,0,0
20264,19.56,2.874,1,0,0
6656,47.24,2.588,1,0,0
1605160,16.17,5.101,332,2,0
161720,18.4,4.508,214,1,0
177576,25.56,2.75,1,0,0
147456,34.58,2.578,127,0,0
9728,54.33,2.957,0,0,0
868352,26.11,3.624,262,1,0
30104,13.38,2.9,1,0,0
90976,4.36,2.813,1,0,0
94656,21.42,4.789,65,1,0
35168,19.19,2.823,1,0,0
34304,34.05,2.804,1,0,0
193536,21.21,4.696,99,0,0
2560,63.09,2.774,0,0,0
4608,56.94,2.613,1,0,0
28160,28.76,2.824,1,0,0
502624,22.59,3.0,1,0,0
25400,17.53,3.166,1,0,0
15656,18.12,2.802,1,0,0
90112,35.62,2.455,131,1,0
19808,19.43,2.783,1,0,0
134520,35.69,2.457,67,0,0
770048,20.27,3.06,234,2,0
3700664,18.09,4.623,180,1,0
18256,18.59,2.825,1,0,0
20776,19.23,2.737,1,0,0
84952,24.49,4.864,158,1,0
298016,22.62,3.129,1,0,0
405504,19.83,4.016,183,0,0
19880,20.13,2.631,1,0,0
39776,17.54,3.05,1,0,0
28232,18.83,3.245,0,0,0
724376,47.73,2.964,121,0,0
14848,28.52,2.599,1,0,0
696256,12.14,5.119,183,1,0
67368,17.76,2.623,1,0,0
27384,10.73,2.824,1,0,0
3072,54.43,3.027,0,0,0
749568,19.16,3.099,175,1,0
20816,22.95,2.619,1,0,0
17448,14.98,5.242,0,0,0
16136,19.17,2.649,1,0,0
706984,18.76,5.365,0,0,0
46888,25.22,2.532,1,0,0
349320,14.29,2.743,1,0,0
835584,16.25,4.176,149,1,0
367968,23.57,2.654,231,1,0
18728,23.44,2.253,1,0,0
19336,15.79,2.862,1,0,0
16696,18.58,2.677,1,0,0
18784,17.92,3.041,1,0,0
24888,19.74,2.779,1,0,0
139264,38.94,2.512,72,0,0
21800,18.48,2.763,1,0,0
41808,20.8,2.716,1,0,0
31072,16.29,3.097,1,0,0
20776,22.48,2.654,1,0,0
5632,53.84,2.475,1,0,0
2560,60.0,2.94,0,0,0
38624,15.73,2.606,1,0,0
58176,26.97,4.227,0,0,0
1646592,15.68,3.788,343,1,0
98128,19.87,2.775,1,0,0
3924408,13.08,5.434,1053,1,0
79184,24.49,2.866,1,0,0
16736,17.99,2.751,1,0,0
284296,9.13,5.657,97,1,0
13688,18.72,2.879,1,0,0
21256,12.82,3.991,0,0,0
97720,23.15,2.979,1,0,0
22096,51.4,1.118,0,0,0
18232,19.41,2.722,1,0,0
769976,43.61,5.255,210,1,0
294912,19.69,3.303,145,1,0
17248,21.07,2.779,1,0,0
65832,23.28,2.919,1,0,0
4608,50.67,2.84,1,0,0
39848,19.51,2.735,1,0,0
100648,29.16,2.574,1,0,0
127424,21.8,3.031,1,0,0
77824,50.06,1.709,110,0,0
9676,61.75,1.702,18,0,0
3178824,14.85,3.557,250,2,0
507704,21.21,3.091,1,0,0
126976,39.37,2.573,128,1,0
719184,26.18,2.946,1,0,0
33894,31.86,3.132,61,0,0
579000,12.47,4.848,461,1,0
38128,15.0,2.835,1,0,0
84992,32.22,2.779,1,0,0
339968,27.27,2.875,219,1,0
365496,15.51,5.383,597,1,0
175024,35.09,2.348,1,0,0
177672,14.05,4.827,75,0,0
5375416,13.14,5.66,1312,1,0
980816,19.62,5.208,0,0,0
258560,23.11,2.945,1,0,0
3524920,17.73,5.662,381,2,0
172368,20.42,2.697,1,0,0
225280,50.32,2.733,0,0,0
138240,24.96,2.857,1,0,0
201016,24.78,2.981,1,0,0
5632,51.37,2.575,1,0,0
106496,27.54,2.854,1,0,0
51640,15.27,3.478,33,1,0
18432,52.49,2.899,0,0,0
802144,30.13,3.37,201,2,0
83896,16.78,4.101,86,1,0
19768,21.27,3.042,1,0,0
1056208,22.99,3.598,68,0,0
39936,30.42,2.738,1,0,0
30648,16.32,3.36,17,0,0
194048,20.66,4.729,144,1,0
707224,12.98,4.56,175,2,0
11776,28.19,2.594,1,0,0
16384,43.77,2.846,1,0,0
127424,21.8,3.031,1,0,0
5632,52.86,2.512,1,0,0
312120,10.09,3.112,1,0,0
21800,18.15,2.798,1,0,0
25936,20.21,2.848,1,0,0
1483936,14.35,5.785,0,0,0
5120,58.34,2.872,0,0,0
1388544,21.82,3.291,198,1,0
5120,56.58,2.443,1,0,0
5632,52.41,2.412,1,0,0
22048,24.98,3.084,27,1,0
28672,68.73,2.045,0,0,0
121632,18.68,3.18,1,0,0
35152,18.54,2.643,1,0,0
753664,20.71,3.393,304,1,0
91560,22.56,2.819,1,0,0
18232,20.25,2.815,1,0,0
18368,18.74,2.749,1,0,0
212992,28.76,2.452,130,1,0
213768,23.45,4.268,0,0,0
20528,14.75,2.545,1,0,0
26624,12.06,2.588,1,0,0
17192,19.54,2.813,1,0,0
18704,21.92,2.548,1,0,0
5120,58.81,2.401,1,0,0
15160,18.69,2.724,1,0,0
147296,22.17,2.876,1,0,0
411576,22.85,2.931,1,0,0
311736,32.31,2.369,127,2,0
9728,45.95,2.409,1,0,0
1474104,37.81,4.387,72,1,0
20304,17.87,2.781,1,0,0
70912,15.01,2.668,1,0,0
146360,18.08,4.445,363,1,0
964432,18.72,6.205,0,0,0
23552,26.89,2.639,1,0,0
184320,27.74,2.469,163,1,0
101200,25.42,2.861,1,0,0
17760,23.47,3.68,0,0,0
1998264,14.87,5.451,1345,1,0
27888,11.34,2.711,1,0,0
12800,52.07,2.875,0,0,0
311808,18.42,2.94,1,0,0
817592,15.35,5.425,925,1,0
13664,15.54,2.413,0,0,0
28552,18.25,2.82,1,0,0
21296,23.15,2.607,1,0,0
4608,58.18,2.545,1,0,0
45920,26.67,2.712,1,0,0
16264,19.75,2.507,1,0,0
170482,20.12,3.933,196,0,0
514488,17.12,5.16,1021,1,0
14200,21.11,2.634,1,0,0
15160,17.41,2.868,1,0,0
5120,56.62,2.462,1,0,0
331576,20.21,3.059,1,0,0
854456,13.88,5.417,837,1,0
366120,12.18,5.09,82,1,0
29696,23.7,3.81,0,0,0
13624,17.32,2.788,1,0,0
36944,33.1,2.295,0,0,0
18944,29.52,3.919,0,0,0
2560,61.88,2.843,0,0,0
5120,51.07,2.711,1,0,0
8925784,16.66,5.414,167,1,0
234968,29.05,2.152,15,0,0
900456,17.84,3.463,140,0,0
4964920,18.18,5.105,439,1,0
27048,44.55,2.319,0,0,0
16680,19.14,2.814,1,0,0
53544,22.87,3.057,1,0,0
32384,10.43,2.656,1,0,0
149248,17.37,2.665,1,0,0
14240,18.93,3.099,0,0,0
122880,42.53,2.477,80,0,0
4862256,14.65,5.664,437,1,0
3745904,13.45,3.159,410,1,0
127200,17.23,2.695,1,0,0
27128,12.41,2.655,1,0,0
900288,12.14,4.687,142,2,0
996408,15.97,3.329,0,0,0
20992,36.08,2.688,1,0,0
6860584,10.59,5.25,318,1,0
10752,52.19,3.005,0,0,0
4608,57.51,2.577,1,0,0
16208,20.34,2.598,1,0,0
340408,15.68,5.181,484,1,0
26504,20.2,2.74,1,0,0
221184,26.8,2.853,190,1,0
5120,53.03,2.596,1,0,0
32848,33.86,1.409,0,0,0
24456,19.39,2.668,1,0,0
1107384,17.88,5.521,1033,1,0
25424,20.41,2.912,1,0,0
708920,24.81,2.935,1,0,0
45816,22.87,2.529,1,0,0
339424,25.27,4.817,114,1,0
30128,17.49,2.681,1,0,0
81920,52.85,1.697,42,0,0
171384,32.8,2.506,124,0,0
30984,55.48,1.261,0,0,0
161592,14.72,3.091,1,0,0
20278984,13.08,5.188,358,2,0
405944,15.57,5.228,147,1,0
42792,20.66,2.701,1,0,0
28672,26.63,2.975,1,0,0
4608,55.25,2.643,1,0,0
37888,22.81,2.694,1,0,0
569096,16.64,5.57,0,0,0
365952,52.06,2.14,0,0,0
11776,51.14,3.642,0,0,0
149328,24.5,5.225,0,0,0
55080,34.81,3.221,0,0,0
80384,23.84,3.073,1,0,0
23040,27.5,2.715,1,0,0
22888,47.09,1.628,0,0,0
86016,39.44,2.54,151,0,0
13752,15.52,3.423,0,0,0
1556480,26.79,3.409,417,1,0
15144,18.48,2.754,1,0,0
45568,27.31,2.691,1,0,0
11556408,15.12,4.727,406,2,0
1068984,16.84,5.422,659,1,0
1664440,15.89,5.885,653,1,0
717955,19.93,3.917,55,1,0
79160,27.35,2.616,1,0,0
1142784,18.44,3.293,216,1,0
1103672,16.53,5.696,0,0,0
288016,22.9,4.834,627,1,0
30720,21.75,2.705,1,0,0
23432,21.36,2.939,1,0,0
135680,19.42,5.184,189,1,0
672184,18.92,4.906,292,0,0
231760,27.93,2.747,1,0,0
351392,16.61,5.465,0,0,0
69632,55.5,2.23,59,0,0
41784,23.67,2.894,1,0,0
12288,52.64,2.832,0,0,0
59704,20.6,2.843,1,0,0
162744,19.5,4.804,326,1,0
112912,22.55,2.619,1,0,0
107232,23.9,3.991,0,0,0
35400,23.81,4.214,0,0,0
742384,24.93,3.259,1,0,0
33504,13.55,2.918,1,0,0
312792,26.38,3.533,0,0,0
20480,87.59,1.314,0,0,0
4608,56.03,2.62,1,0,0
14200,21.04,2.629,1,0,0
78992,22.43,2.926,1,0,0
15712,18.2,2.92,1,0,0
165020,20.78,3.806,208,0,0
483168,27.11,3.559,1,0,0
15160,19.29,2.614,1,0,0
229376,25.34,2.568,158,1,0
69344,16.27,3.125,1,0,0
36352,26.77,2.749,1,0,0
405944,16.49,2.964,1,0,0
5120,56.19,2.496,1,0,0
73568,20.7,2.805,1,0,0
68392,16.53,2.896,1,0,0
124752,25.39,3.441,0,0,0
36080,15.62,2.835,1,0,0
9216,41.27,2.775,1,0,0
45408,18.55,2.607,1,0,0
16264,18.31,2.695,1,0,0
15712,17.24,2.913,1,0,0
6144,52.77,2.991,0,0,0
12800,50.79,2.907,0,0,0
15656,18.86,2.724,1,0,0
380928,23.55,3.258,158,0,0
5722464,32.93,3.663,1,0,0
20816,19.27,2.795,1,0,0
16776,17.9,2.823,1,0,0
5632,53.46,2.494,1,0,0
14632,17.63,2.828,1,0,0
171760,27.83,3.075,181,0,0
214192,17.18,5.248,0,0,0
19456,33.15,2.741,1,0,0
16168,16.55,3.118,1,0,0
29448,13.89,2.559,1,0,0
35080,46.38,2.093,0,0,0
3784632,11.07,5.144,1111,1,0
5120,56.5,2.494,1,0,0
77824,46.55,1.742,61,0,0
84000,20.65,2.722,1,0,0
14688,17.22,2.867,1,0,0
45792,14.48,2.571,1,0,0
22392,15.78,2.917,1,0,0
51456,18.49,2.84,1,0,0
67408,29.45,4.756,0,0,0
254464,52.48,3.118,0,0,0
80384,22.96,2.902,1,0,0
5120,51.76,2.657,1,0,0
20696,14.84,2.528,1,0,0
751616,28.66,2.832,1,0,0
86840,12.8,2.829,1,0,0
17192,18.08,2.893,1,0,0
84392,28.63,3.561,0,0,0
178104,18.08,5.205,257,1,0
120104,16.89,3.313,1,0,0
15792,17.88,2.86,1,0,0
30720,28.93,4.365,0,0,0
17232,19.2,2.746,1,0,0
5110192,15.58,3.836,368,2,0
36352,53.53,2.901,0,0,0
79824,24.76,2.816,1,0,0
47536,21.27,2.74,1,0,0
25440,19.47,3.053,1,0,0
24576,89.06,0.975,0,0,0
88504,17.73,4.624,185,1,0
271520,21.67,3.214,1,0,0
17248,19.42,2.893,1,0,0
321976,15.81,5.324,364,1,0
14688,18.15,2.572,1,0,0
53920,21.59,4.306,0,0,0
116536,22.72,3.065,1,0,0
59904,48.65,2.899,0,0,0
83792,30.08,3.604,0,0,0
181840,21.25,5.367,147,1,0
491520,45.97,3.189,0,0,0
57344,51.35,2.06,106,1,0
4096,45.53,3.998,0,0,0
16696,17.9,2.728,1,0,0
5120,51.56,2.658,1,0,0
524288,30.88,2.772,1,0,0
25912,18.0,2.749,1,0,0
18744,19.63,2.81,1,0,0
34728,43.86,2.176,1,0,0
197632,26.0,2.774,1,0,0
177768,20.4,3.097,1,0,0
236544,24.05,2.94,1,0,0
1216864,24.52,2.841,1,0,0
21808,52.02,1.088,0,0,0
31744,49.57,2.891,0,0,0
28936,13.06,2.641,1,0,0
40448,23.43,3.802,27,0,0
84400,17.71,3.818,23,0,0
16224,19.78,2.61,1,0,0
59704,21.35,2.771,1,0,0
167424,22.71,2.827,1,0,0
15672,17.66,2.906,1,0,0
70584,18.02,4.131,87,1,0
10752,53.01,2.896,0,0,0
18874184,15.56,4.019,146,2,0
17720,23.39,2.874,11,0,0
18944,25.79,2.698,1,0,0
15904,17.71,2.869,1,0,0
348808,24.51,4.824,114,1,0
122720,19.1,3.275,1,0,0
15184,17.22,2.868,1,0,0
257040,17.88,5.001,88,1,0
2560,63.12,2.773,0,0,0
404840,49.73,2.374,0,0,0
23816,19.94,2.832,1,0,0
28072,19.63,2.587,1,0,0
20807680,15.3,4.316,141,2,0
114688,33.42,2.404,104,1,0
8704,52.22,3.029,16,0,0
3072,56.9,2.973,0,0,0
16696,18.62,2.841,1,0,0
29456,25.96,3.078,71,1,0
31568,14.01,2.987,1,0,0
56048,5.45,4.432,0,0,0
589312,11.23,4.689,93,1,0
102328,21.65,4.749,93,1,0
5120,55.45,2.499,1,0,0
15184,18.98,2.735,1,0,0
564664,15.47,5.197,488,1,0
15712,17.43,2.894,1,0,0
26376,18.91,3.121,1,0,0
29576,12.9,2.809,1,0,0
15696,19.78,2.649,1,0,0
405504,21.97,3.767,322,0,0
648632,13.78,5.112,41,1,0
20264,20.03,2.751,1,0,0
143312,25.02,4.368,119,0,0
719312,21.8,3.06,121,4,0
31976,13.33,2.799,1,0,0
7680,51.48,2.944,0,0,0
21800,21.2,2.755,1,0,0
156672,16.79,3.752,1,0,0
15656,17.65,2.748,1,0,0
44896,20.3,2.584,1,0,0
1701608,14.81,4.421,188,2,0
62288,21.24,3.077,1,0,0
24416,23.01,4.155,32,1,0
6144,53.3,2.933,0,0,0
288608,28.02,3.554,1,0,0
49960,21.4,3.046,1,0,0
80144,24.69,4.303,143,1,0
26960,21.65,2.325,1,0,0
23392,19.32,4.208,52,0,0
69456,17.52,2.688,1,0,0
5120,57.66,2.415,1,0,0
26464,19.12,2.771,1,0,0
124728,28.38,3.72,0,0,0
2203576,13.79,5.368,975,1,0
17704,20.48,2.801,1,0,0
9887784,22.3,5.032,138,1,0
377640,24.26,2.973,1,0,0
801760,32.48,1.435,0,0,0
487008,13.7,3.984,150,0,0
18216,20.27,2.653,1,0,0
28672,88.64,1.11,17,0,0
7168,52.5,2.938,0,0,0
1182928,18.72,3.743,330,1,0
18731856,0.66,4.585,237,2,0
64000,24.38,2.748,1,0,0
305464,21.74,3.026,1,0,0
62176,22.08,2.818,1,0,0
212280,21.31,5.046,150,2,0
298792,18.83,2.677,1,0,0
81408,21.65,4.273,119,1,0
21344,19.09,2.755,1,0,0
47208,17.27,4.171,61,1,0
38696,45.09,2.261,0,0,0
45944,17.65,3.896,55,1,0
58296,26.85,4.313,0,0,0
110944,20.42,3.18,1,0,0
15768,18.59,2.666,1,0,0
23816,19.94,2.832,1,0,0
21856,25.34,3.067,27,1,0
30704,14.21,2.581,1,0,0
880136,15.68,4.895,181,0,0
27896,11.78,2.807,1,0,0
26936,15.86,3.005,1,0,0
46840,39.5,2.864,54,0,0
23688,20.88,3.153,0,0,0
15488,17.1,2.834,1,0,0
72704,41.51,2.468,1,0,0
62328,24.76,3.521,75,1,0
26376,9.97,2.978,1,0,0
919432,26.21,3.031,1,0,0
21936,51.74,1.086,0,0,0
4608,59.46,2.482,1,0,0
544768,18.88,3.273,222,1,0
723456,15.78,4.973,99,1,0
33632,13.71,3.232,1,0,0
37520,25.6,2.892,0,0,0
172856,23.54,2.887,1,0,0
65152,22.75,3.148,1,0,0
185128,19.7,2.957,1,0,0
137656,17.9,4.779,128,1,0
29696,29.45,4.317,0,0,0
3072,56.54,2.969,0,0,0
41200,17.17,2.943,1,0,0
24768,12.82,4.127,0,0,0
14264,15.09,3.851,0,0,0
26368,11.85,2.583,1,0,0
145920,21.98,3.004,1,0,0
54056,21.45,2.628,1,0,0
222136,18.46,5.136,440,1,0
21296,22.14,2.634,1,0,0
10240,50.48,2.935,0,0,0
140448,19.02,4.105,107,1,0
484928,17.96,3.324,88,1,0
328528,18.09,2.8,1,0,0
35640,18.46,2.656,1,0,0
29696,22.99,3.106,0,0,0
36608,14.64,2.761,1,0,0
15656,18.55,2.757,1,0,0
16696,19.2,2.936,1,0,0
5120,54.08,2.983,0,0,0
374032,18.8,4.542,129,1,0
73016,20.86,2.787,1,0,0
1470328,16.11,4.722,1684,1,0
34816,53.5,2.89,0,0,0
306192,22.54,4.803,99,1,0
131072,34.08,2.137,102,1,0
45280,13.78,2.597,1,0,0
579896,27.71,2.63,1,0,0
15144,19.69,2.652,1,0,0
108368,23.59,2.612,1,0,0
19136,11.87,3.89,0,0,0
833400,9.43,4.204,151,1,0
44328,26.09,2.565,1,0,0
25400,17.0,3.138,1,0,0
1022976,17.43,4.468,96,1,0
37888,29.24,2.794,1,0,0
16896,42.38,2.325,27,1,0
68920,21.38,3.021,0,0,0
193024,40.4,2.443,1,0,0
27128,11.32,2.868,1,0,0
18744,20.09,2.816,1,0,0
1473536,22.83,5.002,96,1,0
1011712,16.76,4.433,96,1,0
145200,21.94,2.911,1,0,0
120104,16.82,3.356,1,0,0
24416,20.14,3.093,1,0,0
24816,15.63,3.01,1,0,0
5916488,17.12,4.119,260,4,0
36688,12.15,3.003,1,0,0
15672,19.21,2.684,1,0,0
24576,88.54,1.001,0,0,0
396664,19.21,3.252,93,0,0
37016,21.68,4.288,0,0,0
48936,25.85,2.608,1,0,0
2131064,28.32,2.876,1,0,0
38696,44.14,2.512,0,0,0
16680,19.3,2.793,1,0,0
15712,19.07,2.68,1,0,0
404920,19.65,5.324,281,1,0
102400,43.15,2.191,102,1,0
110592,32.32,2.649,133,1,0
41200,13.67,2.798,1,0,0
15712,19.77,2.627,1,0,0
93008,22.57,3.028,1,0,0
1843024,2.97,4.801,142,1,0
17232,19.61,2.77,1,0,0
232248,18.92,5.291,144,1,0
2192576,3.03,4.781,104,1,0
181048,23.48,3.033,1,0,0
112880,26.6,2.592,1,0,0
16736,18.76,2.968,1,0,0
331776,32.38,3.528,189,1,0
59216,27.33,2.729,1,0,0
378336,34.55,2.513,183,1,0
892816,18.31,5.049,665,1,0
9216,52.39,2.886,0,0,0
30032,23.27,1.811,1,0,0
31144,23.75,2.756,1,0,0
5120,52.13,2.626,1,0,0
30800,26.05,3.568,57,0,0
14200,20.68,2.717,1,0,0
122288,25.34,3.191,78,1,0
193976,15.58,5.011,215,1,0
45056,65.22,1.564,54,0,0
84784,23.16,2.622,1,0,0
483328,28.23,2.688,172,1,0
19296,19.33,2.873,1,0,0
24888,13.96,2.955,1,0,0
41256,21.3,2.683,1,0,0
1314232,15.99,5.254,984,1,0
76240,25.02,2.804,1,0,0
26104,10.19,2.981,1,0,0
21808,42.16,2.732,0,0,0
43330,27.87,3.229,67,0,0
17704,17.94,2.819,1,0,0
52536,20.63,3.088,1,0,0
14200,21.15,2.639,1,0,0
28192,25.38,2.47,1,0,0
96264,25.61,3.329,1,0,0
299104,16.2,4.259,188,0,0
18216,22.0,2.559,1,0,0
52224,24.4,2.74,1,0,0
15656,19.25,2.704,1,0,0
395072,16.92,4.456,88,1,0
8704,25.25,3.585,0,0,0
592400,16.89,3.192,114,2,0
87704,22.76,2.955,1,0,0
77240,20.73,4.067,137,1,0
186800,25.19,3.425,0,0,0
60344,16.46,3.787,67,1,0
58408,23.31,2.95,1,0,0
14426040,13.74,5.554,2941,1,0
5632,55.08,2.455,1,0,0
3584,55.64,3.001,0,0,0
18216,18.07,2.783,1,0,0
14113328,22.15,5.187,2288,2,0
15144,18.21,2.782,1,0,0
11443352,15.79,4.875,892,1,0
17208,16.98,2.812,1,0,0
14760,15.43,3.848,0,0,0
77824,49.37,2.111,109,1,0
49152,54.16,1.956,64,0,0
3584,57.31,2.949,0,0,0
5632,54.87,2.448,1,0,0
135608,18.91,4.846,150,1,0
23712,20.03,2.78,0,0,0
47928,19.21,2.626,1,0,0
65848,25.26,4.374,94,0,0
15392,18.34,2.759,1,0,0
826840,29.51,4.854,221,1,0
1267512,18.02,5.773,0,0,0
68576,27.54,4.28,0,0,0
22864,18.3,2.842,1,0,0
50256,15.37,3.55,66,1,0
136768,20.92,4.701,511,1,0
13715280,17.43,5.613,0,0,0
66272,29.88,2.589,0,0,0
28936,21.74,2.921,0,0,0
3074200,1.5,5.29,0,0,0
264488,28.02,2.833,1,0,0
5120,51.48,2.695,1,0,0
49488,25.09,2.529,1,0,0
30992,13.64,2.738,1,0,0
39760,21.47,2.921,1,0,0
15200184,13.13,5.49,2884,1,0
26920,21.62,2.759,1,0,0
410816,28.01,4.191,120,1,0
42792,25.58,2.594,1,0,0
77624,19.39,2.737,1,0,0
19360,19.73,2.849,1,0,0
920064,31.12,3.026,1,0,0
65832,23.01,2.929,1,0,0
27400,11.87,2.733,1,0,0
129376,21.85,2.841,1,0,0
5120,57.93,2.426,1,0,0
458752,20.68,2.993,223,1,0
169400,17.2,5.021,255,1,0
210872,17.21,5.103,231,1,0
282536,12.49,5.16,75,1,0
33792,53.21,2.745,0,0,0
450128,10.93,5.119,191,1,0
18112,10.39,4.059,0,0,0
169968,18.78,2.821,1,0,0
9216,37.32,2.713,1,0,0
24888,15.55,2.907,1,0,0
47616,29.43,2.794,1,0,0
222208,35.08,4.259,74,0,0
6144,50.31,2.544,1,0,0
22824,19.08,2.761,1,0,0
83328,52.76,1.226,0,0,0
24608,22.73,2.788,1,0,0
47456,18.99,2.604,1,0,0
54512,16.94,3.096,1,0,0
178544,16.11,3.572,35,0,0
75264,24.16,2.771,1,0,0
48128,27.2,2.739,1,0,0
1214288,16.33,4.165,1,0,0
348184,28.05,2.811,1,0,0
87848,30.9,3.355,0,0,0
56320,29.68,2.81,1,0,0
417792,21.34,2.991,216,2,0
1221384,18.23,3.987,1,0,0
62304,15.37,3.03,1,0,0
28456,20.65,2.261,1,0,0
26904,19.59,3.024,1,0,0
64848,13.12,2.877,1,0,0
15784,17.47,2.839,1,0,0
15144,18.59,2.71,1,0,0
32768,25.93,2.743,1,0,0
83240,18.12,2.697,1,0,0
43680,21.75,2.967,1,0,0
4608,59.14,2.437,1,0,0
485912,25.36,2.989,1,0,0
79360,23.71,2.77,1,0,0
20776,23.42,2.608,1,0,0
18944,35.24,2.779,1,0,0
20832,19.9,2.951,1,0,0
5120,54.02,2.555,1,0,0
59904,55.64,2.881,0,0,0
15696,17.74,2.867,1,0,0
94208,41.18,1.97,110,0,0
591712,18.29,5.726,0,0,0
557824,17.29,5.155,0,0,0
70568,20.87,3.644,88,1,0
22488,24.19,3.085,27,1,0
33712,17.98,3.036,29,1,0
91648,23.25,2.942,1,0,0
34600,18.4,2.959,1,0,0
70624,10.64,4.694,0,0,0
15696,20.39,2.688,1,0,0
14800,14.51,2.589,1,0,0
15656,18.29,2.766,1,0,0
28472,20.35,3.024,1,0,0
229176,41.85,3.647,0,0,0
529224,18.32,3.881,124,1,0
415568,17.46,6.27,0,0,0
4608,53.73,2.736,1,0,0
4608,55.25,2.671,1,0,0
356352,22.92,3.006,211,1,0
6144,50.31,2.517,1,0,0
147968,51.3,2.789,0,0,0
15672,17.35,2.858,1,0,0
18744,20.28,2.793,1,0,0
15752,20.44,2.659,1,0,0
13312,54.13,2.295,27,1,0
23736,12.85,4.802,0,0,0
176952,22.99,2.801,1,0,0
14688,17.16,2.864,1,0,0
860600,13.61,5.329,717,1,0
275216,19.37,4.329,0,0,0
77096,19.75,2.394,1,0,0
213816,14.83,3.258,1,0,0
59192,18.45,2.987,1,0,0
17208,18.11,3.055,1,0,0
94648,13.38,3.941,39,1,0
151744,15.62,4.11,71,1,0
204728,16.62,5.139,361,1,0
2861328,16.13,5.705,0,0,0
65536,24.73,2.734,1,0,0
61352,16.94,3.297,65,1,0
18944,33.73,2.819,1,0,0
5880832,14.99,5.32,311,2,0
44604504,13.92,3.753,184,1,0
71560,35.67,2.08,1,0,0
34304,34.05,2.804,1,0,0
126904,28.5,2.981,1,0,0
25424,24.08,2.556,1,0,0
43360,21.13,3.038,1,0,0
39760,17.51,3.019,1,0,0
1422200,20.68,2.552,167,4,0
28920,11.98,2.711,1,0,0
108344,21.7,2.851,1,0,0
295048,17.92,2.664,1,0,0
135464,22.19,2.898,1,0,0
34288,11.99,2.756,1,0,0
159744,37.99,2.339,1,0,0
28168,11.82,2.971,1,0,0
196096,23.61,3.16,1,0,0
64808,21.06,2.806,1,0,0
65536,26.34,2.839,1,0,0
5120,58.46,2.359,1,0,0
15672,17.18,2.873,1,0,0
26336,10.39,2.832,1,0,0
17248,18.8,2.887,1,0,0
59320,17.34,3.746,82,1,0
353616,22.17,3.509,1,0,0
16304,16.95,2.815,1,0,0
34816,35.18,2.653,1,0,0
26352,10.66,2.807,1,0,0
33280,13.7,2.68,1,0,0
4096,54.32,3.024,0,0,0
14136,18.31,2.647,1,0,0
96536,28.63,3.922,0,0,0
15200,19.28,2.643,1,0,0
22304,19.23,2.808,1,0,0
55120,41.47,2.173,1,0,0
203024,19.92,4.42,0,0,0
117160,27.79,3.832,0,0,0
12800,22.33,2.766,1,0,0
47648,19.19,2.951,1,0,0
737952,15.62,5.725,0,0,0
4096,55.49,2.913,0,0,0
27360,11.23,2.883,1,0,0
90112,35.83,2.383,87,1,0
27208,30.29,2.721,47,0,0
11776,36.53,2.736,1,0,0
69632,58.03,2.004,64,0,0
91576,18.63,4.716,147,1,0
452136,14.0,4.493,92,1,0
365864,16.98,2.882,1,0,0
1667896,48.79,2.553,131,2,0
4138608,14.24,6.494,355,1,0
124928,27.63,2.801,1,0,0
28984,14.35,2.662,1,0,0
55080,22.72,3.039,1,0,0
16168,18.05,2.844,1,0,0
263168,16.62,4.421,69,1,0
3886512,20.43,3.687,136,2,0
32480,12.97,2.758,1,0,0
22416,22.1,2.732,1,0,0
4096,52.44,2.61,1,0,0
66816,22.3,2.531,1,0,0
6144,51.92,2.941,0,0,0
19968,45.89,3.056,0,0,0
44328,22.04,2.65,1,0,0
73216,27.91,2.834,1,0,0
784184,28.56,3.068,1,0,0
15656,18.12,2.802,1,0,0
20776,22.4,2.647,1,0,0
827944,14.38,3.629,101,1,0
100624,29.13,3.678,0,0,0
17248,18.23,2.808,1,0,0
871776,27.1,3.034,1,0,0
410920,22.21,2.996,1,0,0
138040,21.05,2.946,1,0,0
15656,18.48,2.816,1,0,0
303104,22.46,3.331,204,1,0
6656,53.22,2.895,0,0,0
37920,37.0,3.502,0,0,0
51128,15.74,3.52,33,1,0
6144,46.18,2.745,1,0,0
15160,19.02,2.764,1,0,0
6656,56.42,2.802,0,0,0
24576,32.63,2.642,1,0,0
14848,28.52,2.598,1,0,0
6144,54.77,2.979,0,0,0
315392,23.22,2.939,210,1,0
1026088,27.12,2.937,1,0,0
800768,15.44,4.821,99,1,0
286120,18.96,3.737,0,0,0
30576,15.43,3.615,23,1,0
18624,10.71,4.023,0,0,0
331760,18.55,4.956,114,0,0
590032,27.26,2.63,1,0,0
20168,29.59,2.115,18,0,0
709944,26.25,2.946,1,0,0
15160,17.2,2.91,1,0,0
464896,26.42,2.798,1,0,0
55520,16.24,3.076,1,0,0
26864,11.3,2.711,1,0,0
60640,19.17,2.801,1,0,0
22080,47.18,1.93,0,0,0
654744,19.3,2.826,239,0,0
16224,20.25,2.453,1,0,0
29184,38.26,3.273,80,1,0
53248,73.23,1.282,5,0,0
9839416,13.36,5.12,433,2,0
183136,21.9,2.878,1,0,0
15656,19.25,2.704,1,0,0
34144,16.91,2.889,1,0,0
4608,48.5,2.848,1,0,0
39424,29.52,2.807,1,0,0
46888,35.68,3.557,0,0,0
344064,26.28,2.811,197,1,0
42336,19.7,2.649,1,0,0
17288,16.82,3.303,1,0,0
1907640,29.82,4.563,54,0,0
18624,10.71,4.023,0,0,0
200024,33.87,4.03,101,1,0
82256,19.06,2.665,1,0,0
91432,16.97,2.909,1,0,0
15712,15.36,3.098,1,0,0
83424,46.04,2.0,41,0,0
16680,21.98,2.303,1,0,0
84240,29.98,3.605,0,0,0
24488,16.45,2.565,1,0,0
15712,17.12,2.843,1,0,0
14200,21.92,2.545,1,0,0
5120,55.04,2.529,1,0,0
1513808,13.97,5.182,131,1,0
49912,24.35,2.677,1,0,0
34808,14.6,2.732,1,0,0
14136,17.54,2.931,0,0,0
155648,31.92,2.503,122,1,0
831488,28.17,3.904,300,1,0
29176,13.21,2.834,1,0,0
48488,19.69,3.724,1,0,0
44896,26.35,3.829,92,1,0
229376,28.46,2.904,279,1,0
5361080,14.4,5.638,2174,1,0
327944,18.0,2.726,1,0,0
426552,21.61,3.031,1,0,0
33896,16.32,4.15,32,1,0
87392,25.45,2.664,1,0,0
115856,27.25,2.848,1,0,0
15712,17.4,2.894,1,0,0
23984,16.47,3.025,1,0,0
2560,63.71,2.742,0,0,0
75560,24.74,5.057,0,0,0
19240,21.25,2.726,1,0,0
17248,18.0,2.947,1,0,0
51936,19.84,2.803,1,0,0
18256,18.45,2.749,1,0,0
20944,54.82,1.007,0,0,0
19968,51.88,2.796,0,0,0
5859256,14.83,5.427,462,1,0
27184,16.74,2.729,1,0,0
4608,55.84,2.604,1,0,0
2909224,16.65,4.611,303,2,0
93768,21.51,5.062,70,1,0
286648,19.24,3.18,1,0,0
7680,44.65,2.699,1,0,0
15224,20.95,2.686,1,0,0
67608,46.99,1.827,74,1,0
1593344,38.33,2.931,1,0,0
140728,17.62,4.977,233,1,0
27795888,13.05,5.168,522,2,0
48888,15.15,2.811,1,0,0
78992,22.43,2.926,1,0,0
478800,15.71,5.228,123,1,0
136704,25.2,2.822,1,0,0
17232,18.95,2.766,1,0,0
85288,18.41,2.694,1,0,0
165672,22.85,4.406,0,0,0
15184,18.89,2.617,1,0,0
454792,15.54,5.07,112,1,0
91528,21.57,2.652,1,0,0
97560,21.03,3.856,88,1,0
13824,41.15,2.693,1,0,0
23232,11.66,4.089,0,0,0
16208,19.45,2.739,1,0,0
58143024,10.28,3.822,595,1,0
63488,18.41,3.376,0,0,0
15632,19.41,2.626,1,0,0
264464,19.66,4.415,0,0,0
143360,31.64,2.596,89,1,0
18768,20.6,2.657,1,0,0
5120,53.05,2.999,0,0,0
256664,23.71,2.833,1,0,0
76216,15.31,4.72,79,2,0
38264,26.29,3.445,107,1,0
347152,18.19,4.31,102,1,0
82872,21.85,3.09,1,0,0
644416,27.03,3.024,1,0,0
231248,21.25,4.034,0,0,0
15672,18.72,2.652,1,0,0
4608,58.4,2.535,1,0,0
32824,31.77,1.997,0,0,0
19896,23.19,2.78,17,0,0
30456,13.1,2.921,1,0,0
87336,20.58,3.045,1,0,0
3011584,28.54,2.982,1,0,0
14688,18.08,2.767,1,0,0
155648,40.45,2.404,92,0,0
62704,18.57,3.061,1,0,0
418888,17.06,5.519,169,1,0
213944,16.95,5.023,435,1,0
6656,46.35,2.651,1,0,0
18728,20.33,2.678,1,0,0
157152,41.87,2.666,89,1,0
66320,21.83,3.161,1,0,0
448512,14.92,3.297,0,0,0
23352,16.04,2.827,1,0,0
27640,12.38,2.789,1,0,0
1019904,17.43,4.457,96,1,0
45248760,17.59,4.83,742,1,0
16896,43.12,2.862,1,0,0
846120,22.78,4.377,1,0,0
1404984,12.03,5.839,133,1,0
73248,22.77,2.872,1,0,0
20920,17.24,2.709,1,0,0
6144,53.58,2.439,1,0,0
45568,27.31,2.691,1,0,0
27120,11.28,2.933,1,0,0
247352,32.71,3.756,0,0,0
20992,51.56,2.804,0,0,0
41096,20.74,3.387,35,1,0
142216,9.03,2.916,1,0,0
26472,10.75,2.886,1,0,0
829368,13.88,5.345,953,1,0
48936,23.33,2.749,1,0,0
16696,17.17,2.878,1,0,0
16184,18.91,2.877,1,0,0
3072,54.36,3.018,0,0,0
499624,21.25,4.034,324,0,0
5349128,13.14,3.91,566,2,0
420640,17.64,3.02,1,0,0
76288,25.2,2.846,1,0,0
87864,27.33,3.909,0,0,0
84408,18.19,4.474,162,1,0
37496,15.29,3.197,0,0,0
154112,25.49,3.117,1,0,0
15432,19.45,2.456,1,0,0
27512,17.6,2.966,1,0,0
92984,21.91,3.142,1,0,0
161792,26.63,3.018,1,0,0
140088,16.76,3.041,1,0,0
25768,22.98,2.617,1,0,0
20744,12.6,4.008,0,0,0
48228960,19.76,3.934,287,0,0
47456,22.03,2.956,1,0,0
150688,19.17,5.344,0,0,0
120400,15.5,3.703,45,0,0
16896,24.76,2.593,1,0,0
6144,51.09,2.607,1,0,0
481552,18.63,2.766,1,0,0
4959560,15.38,3.711,266,5,0
714680,17.69,5.57,252,1,0
5632,51.79,3.003,0,0,0
17208,20.3,2.722,1,0,0
237880,12.22,2.897,1,0,0
108344,19.99,3.09,1,0,0
8192,45.83,2.571,1,0,0
55720,48.3,1.879,75,0,0
479232,23.53,3.559,220,0,0
82744,18.47,2.914,1,0,0
26224,22.02,2.932,1,0,0
59392,57.03,2.852,0,0,0
425984,21.78,3.528,116,1,0
3072,54.98,3.023,0,0,0
26424,20.71,3.005,1,0,0
24456,19.39,2.668,1,0,0
20776,18.52,2.772,1,0,0
16168,17.72,2.828,1,0,0
1808568,14.11,4.686,174,1,0
18744,20.08,2.814,1,0,0
536064,35.14,4.658,0,0,0
12800,36.86,2.831,1,0,0
99904,25.46,3.806,79,1,0
63312,32.21,3.84,0,0,0
63784,23.18,2.913,1,0,0
283072,20.6,4.191,103,1,0
35840,51.53,2.71,0,0,0
16136,18.66,2.681,1,0,0
21168,14.94,2.66,1,0,0
5120,53.73,2.587,1,0,0
116656,33.66,3.465,104,1,0
18784,19.79,2.831,1,0,0
446464,18.62,5.536,109,0,0
15376,18.66,2.91,1,0,0
17704,17.28,2.766,1,0,0
19280,18.42,2.707,1,0,0
20944,53.75,1.232,0,0,0
69632,45.6,2.26,100,1,0
26155936,15.91,6.116,42,1,0
2560,62.54,2.834,0,0,0
14880,19.27,2.699,1,0,0
36472,15.3,3.256,0,0,0
18272,18.67,2.752,1,0,0
22800,19.47,2.933,1,0,0
188416,31.95,2.323,149,1,0
26488,23.18,2.91,1,0,0
17720,17.38,2.995,1,0,0
361016,18.09,4.801,173,1,0
60544,21.12,4.272,0,0,0
31912,9.38,2.855,1,0,0
137216,25.46,2.816,1,0,0
290816,25.03,2.607,160,2,0
410936,24.09,2.94,1,0,0
161208,21.09,4.657,118,1,0
309672,50.56,3.587,0,0,0
473616,24.85,3.306,1,0,0
9728,38.09,3.697,0,0,0
66344,20.87,3.078,1,0,0
19752,19.08,2.739,1,0,0
21920,50.61,1.349,0,0,0
22024,52.76,0.868,0,0,0
16320,20.11,2.603,1,0,0
5866424,14.81,5.428,487,1,0
5632,57.4,2.375,1,0,0
106496,44.29,2.479,90,0,0
633656,1.93,3.658,1,0,0
167936,34.27,2.757,119,0,0
37256,24.25,3.885,38,0,0
13312,43.83,3.286,0,0,0
250168,42.46,3.608,0,0,0
59392,33.85,2.677,1,0,0
47608,17.32,2.936,1,0,0
8027760,42.41,2.007,1,0,0
20264,19.61,2.922,1,0,0
13824,27.56,2.616,1,0,0
3584,54.21,3.03,0,0,0
16048,19.7,2.577,1,0,0
102328,15.35,3.497,60,0,0
9728,42.81,2.527,1,0,0
498232,19.36,5.312,196,2,0
2365472,27.35,3.902,154,1,0
822200,17.09,5.42,1436,1,0
77824,41.66,2.229,1,0,0
154936,20.65,3.407,1,0,0
34616,24.7,2.617,1,0,0
279568,12.09,5.286,99,1,0
27008,19.47,2.745,1,0,0
68448,22.55,3.031,1,0,0
98744,18.32,4.68,124,1,0
104376,17.48,4.723,102,1,0
102816,21.5,4.327,100,0,0
9728,45.13,2.43,1,0,0
15210744,41.25,4.893,0,0,0
16224,15.35,5.125,0,0,0
140448,22.87,3.05,1,0,0
2560,62.89,2.804,0,0,0
223304,17.43,4.87,95,1,0
18216,19.2,2.754,1,0,0
57784,20.16,3.967,96,1,0
468480,50.58,3.053,0,0,0
26408,20.59,2.818,1,0,0
196920,19.1,3.087,1,0,0
380176,18.33,4.638,108,1,0
137920,18.21,4.024,62,0,0
14336,49.83,2.95,0,0,0
4608,58.85,2.521,1,0,0
47936,19.0,5.498,0,0,0
132392,30.19,2.831,1,0,0
98304,36.63,2.48,101,1,0
60416,26.43,2.895,1,0,0
61440,62.11,1.911,30,1,0
29176,12.75,2.723,1,0,0
27408,19.45,2.991,1,0,0
14021152,26.2,4.651,114,2,0
5120,51.54,2.604,1,0,0
64544,22.46,2.974,1,0,0
194464,27.89,2.141,1,0,0
19296,19.21,2.8,1,0,0
1989544,16.04,4.664,264,4,0
14848,36.29,2.753,1,0,0
141096,25.73,4.076,0,0,0
4956536,17.61,3.346,135,2,0
22072,23.15,2.614,1,0,0
76728,21.3,4.642,115,1,0
44296,22.07,4.652,0,0,0
24912,10.99,2.85,1,0,0
628520,17.35,5.383,0,0,0
27960,34.79,2.894,0,0,0
22528,30.77,2.992,1,0,0
124008,24.7,2.947,1,0,0
16896,52.34,2.945,0,0,0
196608,23.47,3.035,142,1,0
146432,22.7,4.216,117,1,0
1317488,18.2,4.764,224,2,0
4182168,15.3,4.915,137,1,0
18216,19.07,2.888,1,0,0
48128,28.04,3.243,1,0,0
493912,27.8,4.579,121,1,0
19376,16.51,2.922,1,0,0
40960,61.3,1.876,72,1,0
34640,50.3,1.713,0,0,0
79176,22.82,2.757,1,0,0
17688,22.12,2.707,12,0,0
24064,52.03,2.782,0,0,0
21336,20.53,2.776,1,0,0
364544,21.74,3.405,250,1,0
237880,12.2,2.902,1,0,0
335712,19.83,3.161,1,0,0
21960,49.63,1.551,0,0,0
82944,23.54,3.061,1,0,0
331760,18.55,4.956,114,0,0
675840,18.32,3.368,270,1,0
324904,24.99,2.919,1,0,0
6144,43.59,2.489,1,0,0
114688,37.1,2.495,128,1,0
267912,12.72,5.249,99,1,0
234848,19.74,3.09,1,0,0
15656,19.74,2.659,1,0,0
354128,16.68,2.904,1,0,0
390736,20.92,4.348,378,1,0
4608,53.08,2.729,1,0,0
205608,21.6,2.615,1,0,0
45056,25.52,2.738,1,0,0
356528,27.01,4.168,110,1,0
38400,51.51,2.913,0,0,0
296232,22.85,3.095,1,0,0
26368,10.46,2.863,1,0,0
67368,29.48,3.643,0,0,0
1503600,14.27,4.843,115,1,0
25400,17.0,3.138,1,0,0
4608,56.94,2.613,1,0,0
41312,22.15,2.982,1,0,0
56544,21.05,2.584,1,0,0
510288,26.74,2.868,1,0,0
283488,29.61,3.731,1,0,0
162216,38.22,2.567,131,1,0
1361448,14.92,3.262,143,2,0
49896,24.19,2.681,1,0,0
36584,15.0,2.777,1,0,0
59216,33.47,2.713,0,0,0
30968,12.34,2.794,1,0,0
14136,14.6,3.279,0,0,0
50760,23.13,2.811,1,0,0
8094320,15.28,5.134,317,1,0
263480,21.26,3.117,1,0,0
21216,14.79,2.714,1,0,0
37912,36.81,3.607,0,0,0
732960,25.45,2.946,1,0,0
52960,22.74,2.645,1,0,0
55840,22.49,4.236,0,0,0
670792,12.64,2.605,1,0,0
1028656,27.67,3.03,1,0,0
4555080,16.69,3.93,133,2,0
4096,54.52,2.757,1,0,0
21856,17.28,2.77,1,0,0
9642496,16.92,4.272,458,2,0
2934056,24.41,4.334,1,0,0
21504,33.57,2.666,1,0,0
2544672,12.99,4.589,285,2,0
39760,17.52,3.02,1,0,0
17720,18.78,2.742,1,0,0
954368,33.53,3.011,139,2,0
439736,17.43,5.196,316,1,0
7889968,16.56,3.883,163,1,0
840368,22.72,5.209,176,1,0
59832,23.68,4.275,59,1,0
34216,18.11,2.651,1,0,0
49464,22.21,2.764,1,0,0
426736,18.85,5.055,0,0,0
36352,29.98,2.802,1,0,0
19648,13.15,3.673,0,0,0
2770712,25.36,4.345,0,0,0
218072,17.73,4.892,220,1,0
53504,18.19,2.828,1,0,0
673208,13.67,5.275,508,1,0
80168,21.6,2.973,1,0,0
5632,51.53,2.597,1,0,0
4859688,24.18,2.993,1,0,0
19256,15.26,3.01,1,0,0
1074984,18.77,5.122,0,0,0
141136,21.33,5.994,0,0,0
20304,19.41,3.01,1,0,0
28736,14.77,2.718,1,0,0
141648,18.11,5.124,158,1,0
91648,23.25,2.942,1,0,0
14336,40.98,3.191,0,0,0
15520,17.85,2.737,1,0,0
51488,20.15,3.086,1,0,0
64312,8.94,2.651,1,0,0
1730096,17.22,2.86,126,1,0
15808,16.35,2.937,1,0,0
57280,19.2,3.122,67,1,0
4864104,12.17,5.822,845,1,0
167264,23.18,2.855,1,0,0
47904,20.48,3.172,1,0,0
2560,63.05,2.804,0,0,0
28624,29.89,2.717,47,0,0
22976,40.61,2.692,0,0,0
1890744,27.89,3.016,1,0,0
45352,19.35,2.83,1,0,0
1755576,15.75,5.483,772,1,0
7704608,12.68,3.319,281,1,0
3489176,25.49,4.042,819,0,0
25400,22.48,2.592,1,0,0
15144,17.61,2.815,1,0,0
770048,15.02,5.352,534,1,0
308968,16.02,4.997,99,0,0
33632,18.63,3.006,1,0,0
22096,47.63,1.865,0,0,0
76720,27.27,2.96,1,0,0
15144,18.98,2.724,1,0,0
57344,62.15,1.52,50,1,0
40160,16.87,2.249,1,0,0
426424,14.82,5.214,457,1,0
42496,25.35,3.447,70,1,0
714592,17.27,5.635,0,0,0
110432,23.39,4.414,53,1,0
699904,14.64,4.082,276,1,0
10971448,16.8,4.996,176,0,0
21936,47.37,1.916,0,0,0
272208,22.47,4.424,0,0,0
608416,17.4,5.588,0,0,0
538272,13.54,5.744,0,0,0
12800,22.33,2.771,1,0,0
1069056,22.54,2.801,1,0,0
65664,18.35,2.355,50,0,0
63264,23.63,2.892,1,0,0
79656,16.49,2.835,1,0,0
132920,20.99,2.991,1,0,0
410920,22.21,2.996,1,0,0
36928,27.51,2.87,0,0,0
39256,19.93,3.228,1,0,0
5865400,13.02,5.566,1769,1,0
70904,15.28,3.157,1,0,0
426832,18.09,3.217,1,0,0
339968,28.35,3.314,217,1,0
1867560,26.85,2.955,1,0,0
29992,18.32,2.745,1,0,0
5120,57.66,2.462,1,0,0
59392,56.74,2.855,0,0,0
16896,39.02,2.629,1,0,0
4608,54.25,2.712,1,0,0
15160,16.47,2.827,1,0,0
115496,24.78,2.911,1,0,0
39208,24.24,2.531,1,0,0
7680,47.9,2.419,1,0,0
2869088,18.62,5.775,0,0,0
1460888,27.31,3.471,1,0,0
17232,18.48,2.938,1,0,0
16696,19.38,2.693,1,0,0
29064,18.52,2.779,1,0,0
201552,21.75,2.639,1,0,0
27960,21.71,2.806,1,0,0
30984,13.51,2.638,1,0,0
20992,26.67,2.656,1,0,0
814848,23.26,3.047,1,0,0
87728,23.7,3.012,1,0,0
16696,18.66,2.967,1,0,0
20320,18.69,2.752,1,0,0
873528,9.46,4.915,111,2,0
1540536,14.15,5.465,1090,1,0
27736,25.41,4.325,0,0,0
28944,16.99,2.765,1,0,0
3008440,11.66,5.478,366,1,0
17232,15.93,2.967,1,0,0
29520,39.45,1.624,1,0,0
23864,21.4,2.695,1,0,0
62776,21.99,2.775,1,0,0
11711488,3.1,4.545,164,1,0
20944,54.54,1.065,0,0,0
27648,31.76,2.769,1,0,0
255416,26.81,3.977,164,0,0
69280,22.6,4.336,0,0,0
23888,20.31,2.842,1,0,0
29936,12.92,2.795,1,0,0
85288,21.44,3.149,1,0,0
65360,21.17,2.709,1,0,0
61952,24.09,4.852,154,1,0
25600,10.86,2.892,1,0,0
162624,20.51,3.717,65,1,0
53248,51.68,1.997,83,1,0
15792,16.74,2.947,1,0,0
408872,19.81,2.829,1,0,0
154448,25.83,2.802,1,0,0
5120,58.3,2.437,1,0,0
147456,36.76,2.969,76,0,0
167936,31.98,2.227,147,1,0
31440,17.47,2.794,1,0,0
79712,12.49,2.978,1,0,0
18624,12.74,3.165,0,0,0
15200,19.8,2.646,1,0,0
5120,56.52,2.448,1,0,0
520544,18.35,5.122,188,1,0
38624,14.9,2.72,1,0,0
7848712,16.32,3.612,209,2,0
17192,19.42,2.779,1,0,0
1270712,26.04,4.755,104,1,0
63272,31.18,3.622,0,0,0
31008,22.19,2.911,1,0,0
16224,16.52,2.842,1,0,0
16720,21.55,2.338,1,0,0
31856,18.23,2.779,25,1,0
48448,19.81,3.711,1,0,0
17440,19.72,2.601,1,0,0
52768,27.34,3.338,1,0,0
5632,52.24,2.825,1,0,0
848824,14.08,5.575,724,1,0
797624,28.43,2.981,1,0,0
18808,22.63,2.588,1,0,0
4684832,15.81,4.608,190,1,0
162168,21.46,4.501,120,1,0
33048,17.8,3.065,1,0,0
17920,30.01,4.757,0,0,0
5120,57.15,2.49,1,0,0
16264,17.82,2.704,1,0,0
42336,23.86,2.804,1,0,0
81920,51.86,2.434,0,0,0
241152,24.44,3.092,1,0,0
16816,16.82,2.781,1,0,0
2297784,13.05,5.588,794,1,0
80168,25.59,2.927,1,0,0
4608,55.53,2.967,0,0,0
5120,58.4,2.385,1,0,0
36384,20.64,2.939,1,0,0
205216,20.88,3.136,1,0,0
16168,19.03,2.812,1,0,0
82784,9.12,2.728,1,0,0
15768,18.45,2.688,1,0,0
18744,16.04,3.051,1,0,0
131520,12.86,4.432,40,0,0
69632,53.27,1.713,62,1,0
635296,29.36,3.521,1,0,0
176128,27.96,2.541,109,0,0
15656,19.43,2.683,1,0,0
15144,17.56,2.866,1,0,0
189744,34.5,2.828,171,0,0
16296,16.89,2.764,1,0,0
277504,9.51,2.18,0,0,0
249856,27.51,2.861,244,1,0
14200,19.39,2.769,1,0,0
45056,55.96,1.955,111,0,0
92072,23.48,2.279,1,0,0
14848,50.55,2.891,0,0,0
15184,17.62,2.826,1,0,0
18256,18.85,2.722,1,0,0
132944,27.1,3.569,0,0,0
114688,35.16,2.269,119,1,0
7680,47.9,2.419,1,0,0
513024,36.79,4.538,43,1,0
159744,31.19,2.214,171,0,0
17248,17.81,2.839,1,0,0
19296,19.97,2.715,1,0,0
51872,22.33,3.051,1,0,0
49080,21.71,3.853,91,1,0
2277376,20.97,4.154,272,1,0
22080,27.63,2.62,38,0,0
226616,19.31,2.877,1,0,0
723232,17.83,5.095,0,0,0
329000,24.9,2.925,1,0,0
16776,17.9,2.823,1,0,0
499640,22.06,4.539,113,1,0
151152,25.52,4.951,215,1,0
44368,9.94,3.545,1,0,0
360448,24.2,3.109,203,1,0
65536,53.49,1.875,76,0,0
24136,21.03,2.682,1,0,0
26544,22.67,2.628,1,0,0
457384,27.72,3.215,1,0,0
307600,25.79,3.212,217,1,0
114688,33.81,2.849,90,1,0
153912,20.6,4.215,1,0,0
492032,29.43,2.798,1,0,0
37632,13.78,2.931,1,0,0
372600,20.52,3.013,1,0,0
39920,18.35,2.769,1,0,0
200704,27.28,2.614,136,1,0
146328,22.58,3.101,1,0,0
31232,29.5,2.999,1,0,0
5120,56.78,2.466,1,0,0
7505016,16.53,5.897,0,0,0
11931496,12.66,4.001,319,0,0
60592,21.1,4.55,0,0,0
249080,21.76,2.994,1,0,0
82728,18.44,2.728,1,0,0
16384,52.04,2.954,0,0,0
236856,11.76,3.033,1,0,0
53248,71.52,1.098,9,0,0
644888,27.02,3.024,1,0,0
63448,23.85,3.976,135,1,0
4775264,23.53,2.888,1,0,0
4328744,25.08,3.009,1,0,0
55080,33.96,3.467,0,0,0
14648,17.18,2.873,1,0,0
160184,20.87,3.005,1,0,0
4608,55.56,2.584,1,0,0
1043384,13.82,5.277,601,1,0
4927552,17.8,4.454,130,2,0
190896,21.46,3.934,0,0,0
16184,18.48,2.754,1,0,0
118784,42.65,2.511,128,0,0
1200568,12.59,5.089,696,1,0
83272,30.19,3.568,82,1,0
17256,17.14,2.749,1,0,0
46944,19.46,2.683,1,0,0
69416,17.7,2.842,1,0,0
100864,26.81,2.871,1,0,0
29992,23.26,2.939,1,0,0
27400,11.88,2.808,1,0,0
40448,29.94,2.784,1,0,0
964096,8.8,5.21,70,2,0
46888,40.8,3.025,0,0,0
421888,23.24,3.531,200,0,0
2782600,17.17,5.46,514,2,0
30544,50.41,1.909,0,0,0
3430200,28.08,4.643,345,2,0
98304,27.7,2.97,1,0,0
22016,33.27,2.792,1,0,0
4589288,23.22,4.391,412,2,0
1044248,18.37,4.717,323,1,0
1180072,20.44,4.16,220,4,0
23432,21.66,2.889,1,0,0
142688,25.8,2.689,1,0,0
81568,22.54,3.243,1,0,0
155584,27.48,3.136,74,0,0
94560,23.37,4.698,148,1,0
818512,16.3,4.967,219,1,0
6144,50.31,2.517,1,0,0
18728,23.12,2.279,1,0,0
83008,22.57,3.849,78,0,0
15672,19.83,2.565,1,0,0
15144,18.23,2.845,1,0,0
27840,15.23,4.182,0,0,0
7311920,14.63,3.989,166,2,0
50112,19.53,2.997,1,0,0
289720,18.35,5.077,520,1,0
44896,20.12,2.667,1,0,0
128808,23.63,5.739,0,0,0
65536,55.18,2.323,71,0,0
357944,22.36,3.024,1,0,0
96568,21.79,3.009,1,0,0
348160,22.31,2.578,239,1,0
38696,44.81,2.483,0,0,0
19752,20.24,2.925,1,0,0
31032,19.03,2.751,1,0,0
4127224,15.48,4.802,127,2,0
5120,54.71,2.528,1,0,0
140216,20.84,5.017,125,1,0
79160,27.27,2.62,1,0,0
115408,20.25,3.491,1,0,0
94944,16.02,2.794,1,0,0
2586488,12.99,4.509,0,0,0
133024,15.45,4.349,18,0,0
98816,23.54,2.994,1,0,0
41184,13.68,2.799,1,0,0
2835792,24.52,4.332,1,0,0
395264,11.41,5.06,84,1,0
21280,19.65,2.866,1,0,0
21336,22.15,3.906,44,0,0
178384,27.26,2.455,93,1,0
244168,31.74,2.767,141,0,0
120616,21.4,5.328,0,0,0
58096,34.2,2.671,0,0,0
331776,24.0,3.334,164,1,0
24064,34.35,4.621,0,0,0
127288,15.46,5.206,162,1,0
2560,62.89,2.814,0,0,0
22528,30.76,2.993,1,0,0
2014128,10.39,5.21,134,1,0
6144,50.76,2.519,1,0,0
17016200,17.17,3.855,790,2,0
108808,23.38,2.59,1,0,0
196608,29.2,2.718,140,0,0
58624,16.73,2.711,1,0,0
593920,11.48,5.199,93,1,0
53512,27.22,2.791,1,0,0
16168,19.85,2.776,1,0,0
87336,20.58,3.044,1,0,0
17704,17.79,2.884,1,0,0
38696,42.46,2.806,0,0,0
3933752,19.57,4.201,271,0,0
16136,17.52,2.806,1,0,0
43400,19.96,2.658,1,0,0
462672,19.67,2.72,1,0,0
55736,14.91,3.869,54,1,0
43164,33.56,3.2,147,0,0
166912,23.21,2.855,1,0,0
5120,57.13,2.483,1,0,0
15360,50.61,2.938,0,0,0
16304,18.57,2.413,1,0,0
4608,53.73,2.736,1,0,0
45568,31.61,2.786,1,0,0
86016,48.55,2.228,61,0,0
23352,21.18,2.74,1,0,0
4608,55.84,2.604,1,0,0
237496,17.92,4.653,80,1,0
114688,38.85,2.135,133,1,0
14208,20.38,2.032,1,0,0
257888,46.36,2.472,0,0,0
63312,32.25,3.337,0,0,0
19240,20.55,2.829,1,0,0
93184,29.07,4.374,28,0,0
670648,16.97,5.483,372,1,0
808800,16.86,5.826,0,0,0
159744,37.99,2.339,1,0,0
39208,24.29,2.545,1,0,0
42256,20.53,2.86,1,0,0
16144,17.21,2.877,1,0,0
14336,27.83,2.621,1,0,0
12288,54.97,2.246,27,1,0
64336,49.57,3.588,0,0,0
26888,17.42,2.859,1,0,0
28408,12.65,2.731,1,0,0
22448,14.53,2.556,1,0,0
42296,8.39,2.584,1,0,0
16184,19.4,2.666,1,0,0
59176,34.87,3.289,0,0,0
86456,17.21,4.124,183,1,0
41528,25.29,4.028,90,2,0
226744,16.37,4.574,206,1,0
768400,19.41,5.644,481,1,0
18296,23.21,2.528,1,0,0
27136,24.14,2.655,1,0,0
20160,8.63,4.224,0,0,0
1661552,13.07,3.026,389,1,0
32528,19.82,3.08,1,0,0
1154560,13.91,3.668,67,1,0
90112,26.95,2.721,1,0,0
38696,39.85,2.706,0,0,0
86272,11.53,2.671,1,0,0
41984,27.16,2.755,1,0,0
26968,37.35,2.869,0,0,0
5120,58.18,2.394,1,0,0
21920,48.8,1.687,0,0,0
3072,55.5,3.023,0,0,0
33008,12.89,2.921,1,0,0
901896,17.49,4.794,1652,1,0
35592,19.06,3.119,1,0,0
109056,19.54,2.938,1,0,0
30120,17.47,2.679,1,0,0
21176,14.03,2.812,1,0,0
66824,25.93,4.404,151,1,0
5120,57.17,2.475,1,0,0
42969,29.08,3.194,73,0,0
26376,11.26,2.628,1,0,0
364984,13.36,5.055,224,1,0
19968,46.51,3.023,0,0,0
8695808,39.64,3.898,148,0,0
180224,30.3,2.44,176,1,0
354848,19.54,4.426,102,1,0
14632,17.64,2.817,1,0,0
1487288,13.09,5.367,379,1,0
21104,22.01,2.584,1,0,0
32512,15.82,2.265,1,0,0
3072,60.32,2.865,0,0,0
4608,59.35,2.881,0,0,0
369664,52.91,3.193,0,0,0
6367016,17.83,5.795,0,0,0
541032,19.06,4.977,492,1,0
24968,20.75,2.718,1,0,0
101776,20.06,3.259,1,0,0
34656,20.56,2.918,1,0,0
17192,17.19,2.719,1,0,0
101712,24.99,2.868,1,0,0
4096,55.49,2.959,0,0,0
20480,88.04,1.281,0,0,0
411136,18.27,3.209,91,0,0
3925944,13.49,5.461,1622,1,0
156472,19.03,2.789,1,0,0
25025768,22.79,5.05,121,1,0
14880,20.48,2.723,1,0,0
323072,22.6,3.114,1,0,0
53160,23.89,2.754,1,0,0
37304,29.96,2.763,62,1,0
111400,23.3,2.582,1,0,0
142144,22.01,3.076,1,0,0
913408,26.25,3.491,366,1,0
30984,11.43,2.919,1,0,0
53320,27.22,3.074,1,0,0
197084,28.51,3.311,65,0,0
15872,28.22,2.602,1,0,0
259992,13.6,5.119,58,0,0
13312,40.63,2.741,1,0,0
19256,19.22,2.812,1,0,0
83528,23.45,2.934,1,0,0
96056,15.5,2.875,1,0,0
18216,21.99,2.552,1,0,0
25952,18.92,2.83,1,0,0
52520,20.89,3.036,1,0,0
17704,18.58,3.005,1,0,0
5892480,22.74,4.483,1,0,0
1485824,16.17,5.374,115,0,0
21288,18.96,2.714,1,0,0
6144,53.5,2.949,0,0,0
40688,16.47,2.255,1,0,0
30968,12.46,2.775,1,0,0
93408,17.0,2.388,1,0,0
116576,25.77,4.375,0,0,0
22920,21.72,2.843,1,0,0
170960,50.76,2.069,38,1,0
151608,40.73,3.589,55,0,0
168248,22.09,2.826,1,0,0
25936,12.14,2.687,1,0,0
27192,31.97,3.045,0,0,0
33544,14.99,2.651,1,0,0
113976,22.75,3.07,1,0,0
48128,27.2,2.739,1,0,0
118784,36.97,3.003,76,0,0
674744,14.53,5.37,404,1,0
43232,15.07,3.08,1,0,0
1503600,14.27,4.843,115,1,0
5120,56.02,2.458,1,0,0
15184,19.32,2.677,1,0,0
15672,18.02,2.869,1,0,0
229712,20.98,2.938,1,0,0
366376,18.95,4.566,131,1,0
23336,19.72,2.96,1,0,0
15392,18.63,2.758,1,0,0
6144,59.31,2.847,0,0,0
5632,56.14,2.855,0,0,0
29960,11.56,3.239,1,0,0
114688,35.44,2.322,92,0,0
125200,25.4,4.017,0,0,0
539064,12.97,5.167,198,1,0
83752,18.06,2.795,1,0,0
345896,19.95,4.998,0,0,0
42784,20.45,3.038,1,0,0
20144,20.07,2.408,0,0,0
259880,18.64,6.137,0,0,0
59832,23.68,4.275,59,1,0
22328,20.16,2.861,1,0,0
224696,15.35,5.114,212,1,0
4157592,16.29,4.276,464,1,0
5120,54.63,2.535,1,0,0
89288,36.65,3.798,119,0,0
18216,20.19,2.659,1,0,0
22048,27.86,3.728,0,0,0
22400,19.02,2.922,1,0,0
40960,47.99,2.907,0,0,0
45824,14.78,2.973,1,0,0
47536,21.89,3.749,1,0,0
20280,19.06,2.841,1,0,0
5632,53.68,2.501,1,0,0
15672,19.25,2.666,1,0,0
140088,16.64,3.037,1,0,0
31088,39.16,2.783,0,0,0
27944,22.26,2.812,1,0,0
90384,21.22,2.593,1,0,0
224480,19.74,2.649,1,0,0
85216,11.86,2.55,1,0,0
4608,61.2,2.351,1,0,0
5120,57.01,2.454,1,0,0
21224,15.33,2.575,1,0,0
15672,17.25,2.952,1,0,0
574776,19.09,4.551,37,0,0
13824,27.58,2.617,1,0,0
67368,18.56,2.596,1,0,0
10240,47.26,2.552,34,1,0
810936,14.26,5.37,810,1,0
30040,12.88,2.854,1,0,0
1534376,15.74,4.679,136,1,0
1874344,28.52,2.74,1,0,0
4741488,17.46,3.348,131,2,0
815544,16.45,5.388,1099,1,0
667648,27.44,4.083,291,1,0
65288,23.24,2.905,1,0,0
15160,17.06,2.901,1,0,0
296760,22.82,3.091,1,0,0
29024,20.66,2.684,1,0,0
20816,20.04,3.008,1,0,0
51976,20.18,3.991,0,0,0
26640,27.23,3.814,59,1,0
64440,21.35,3.05,1,0,0
122208,32.03,2.355,109,1,0
6144,50.23,2.612,1,0,0
22328,20.19,2.696,1,0,0
7168,43.25,2.826,1,0,0
15144,16.84,2.973,1,0,0
76088,21.79,3.01,1,0,0
754688,26.87,2.684,1,0,0
27648,11.52,2.698,1,0,0
281088,20.9,4.558,184,1,0
7680,45.99,2.497,1,0,0
584224,19.21,4.128,126,1,0
16296,18.56,2.648,1,0,0
87848,28.27,4.917,0,0,0
17320,17.3,2.735,1,0,0
1554856,16.72,5.709,0,0,0
62904,16.18,3.131,1,0,0
170040,21.55,4.413,168,1,0
16224,19.16,2.766,1,0,0
4608,54.84,2.918,0,0,0
21200,14.93,2.675,1,0,0
27872,11.78,2.81,1,0,0
109864,23.49,2.586,1,0,0
81136,19.46,2.862,1,0,0
202080,21.79,3.971,78,1,0
35592,26.8,3.462,97,1,0
15872,31.81,2.778,1,0,0
21256,20.99,2.627,1,0,0
86440,19.39,2.855,1,0,0
195512,15.47,5.163,174,1,0
57344,72.21,1.415,9,0,0
344696,14.2,2.753,1,0,0
366984,29.23,3.659,1,0,0
137016,10.63,3.193,1,0,0
68432,20.17,3.108,1,0,0
19728,20.17,2.819,1,0,0
18744,21.38,2.883,1,0,0
100648,29.21,2.59,1,0,0
61352,16.94,3.297,65,1,0
7680,42.94,2.656,1,0,0
5658272,16.75,5.389,854,1,0
18744,16.02,3.074,1,0,0
53248,61.5,1.865,39,0,0
86448,21.46,2.767,1,0,0
1044920,14.11,5.182,644,1,0
4096,58.33,2.393,1,0,0
1584008,26.78,3.321,1,0,0
5120,52.03,2.46,1,0,0
227640,11.92,2.855,1,0,0
65976,18.2,4.757,68,1,0
108344,14.15,2.796,1,0,0
139264,33.99,3.059,80,0,0
17920,34.74,3.626,0,0,0
76848,26.5,2.755,1,0,0
17920,46.12,3.205,61,1,0
202080,21.79,3.971,78,1,0
9602488,14.58,4.219,271,1,0
743352,17.64,5.364,667,1,0
10240,52.71,2.978,0,0,0
710176,26.25,2.942,1,0,0
1259304,17.66,5.091,0,0,0
569344,19.15,3.285,280,1,0
2666656,2.05,3.591,1,0,0
592952,16.9,3.627,119,2,0
15536,16.75,2.913,1,0,0
47536,21.89,3.749,1,0,0
46352,25.2,2.582,1,0,0
88064,24.28,2.854,1,0,0
1220536,14.05,5.406,1076,1,0
22952,48.66,1.289,0,0,0
31080,41.06,2.524,0,0,0
16384,52.72,2.932,0,0,0
5081608,18.07,5.085,217,1,0
16224,19.08,2.795,1,0,0
118200,22.33,3.114,1,0,0
21200,14.93,2.675,1,0,0
531240,17.07,2.87,1,0,0
301568,22.79,2.889,1,0,0
16184,17.62,2.915,1,0,0
51040,15.74,3.026,1,0,0
19768,17.27,2.933,1,0,0
11776,48.91,2.358,1,0,0
184632,18.15,4.302,1,0,0
348472,19.71,3.198,1,0,0
1477928,23.86,2.53,1,0,0
94648,18.29,4.246,202,1,0
46913,29.91,3.024,95,0,0
78088,21.39,3.005,1,0,0
80896,25.44,2.819,1,0,0
25600,20.29,2.616,1,0,0
14136,19.29,2.496,1,0,0
18944,36.16,2.663,1,0,0
1860032,29.23,5.386,56,0,0
3380800,15.38,4.887,424,1,0
129464,18.87,4.323,186,1,0
24576,89.39,0.945,0,0,0
29024,14.63,2.925,1,0,0
17920,54.22,2.864,0,0,0
67056,18.11,2.823,1,0,0
37496,15.91,3.274,0,0,0
513024,50.52,3.048,0,0,0
3072,59.7,2.909,0,0,0
245760,15.7,4.545,116,1,0
90624,29.98,2.765,1,0,0
2560,63.09,2.791,0,0,0
5244432,22.59,4.548,149,1,0
65288,22.35,2.914,1,0,0
51128,15.92,3.504,33,1,0
53016,21.19,2.862,1,0,0
34736,17.55,2.744,1,0,0
19792,19.22,2.824,1,0,0
43912,19.68,2.571,1,0,0
154424,21.21,3.069,1,0,0
69560,18.08,3.875,84,1,0
1617056,12.41,4.829,82,1,0
64289808,23.35,3.776,351,2,0
106296,41.89,3.819,38,0,0
24064,34.62,2.73,1,0,0
72704,29.26,2.838,1,0,0
46432,19.17,3.124,1,0,0
49888,19.61,2.59,1,0,0
245760,25.88,2.672,192,1,0
27392,11.93,2.831,1,0,0
270336,25.85,3.725,186,1,0
42656,22.37,3.778,0,0,0
32768,30.16,2.767,1,0,0
70656,48.73,3.085,0,0,0
151552,43.53,2.947,61,0,0
34600,47.47,2.366,0,0,0
250488,19.63,2.779,1,0,0
658976,14.22,5.095,195,2,0
327048,18.2,2.936,1,0,0
43680,24.48,2.586,1,0,0
2060200,17.34,5.137,212,1,0
54088,6.06,4.568,0,0,0
9728,32.24,2.795,1,0,0
162600,24.33,2.843,1,0,0
15144,17.56,2.859,1,0,0
22312,19.17,2.884,1,0,0
39736,23.17,3.526,44,1,0
65536,43.01,2.177,0,0,0
290744,17.07,5.208,405,1,0
71448,20.02,2.988,1,0,0
33904,16.33,4.15,32,1,0
46432,21.93,2.996,1,0,0
775976,14.57,5.49,0,0,0
47104,26.79,2.837,1,0,0
669496,19.45,4.63,217,1,0
177488,19.71,2.971,1,0,0
16168,18.8,2.885,1,0,0
14200,21.25,2.639,1,0,0
910320,15.74,4.895,190,1,0
2548608,18.14,4.253,136,2,0
20840,15.75,4.11,0,0,0
182544,18.61,4.813,0,0,0
139696,52.79,1.305,0,0,0
122880,23.64,2.859,1,0,0
46376,24.67,2.547,1,0,0
29528,37.64,1.667,1,0,0
50984,25.88,2.838,1,0,0
16256,18.26,2.692,1,0,0
329592,21.95,3.121,1,0,0
84336,29.65,2.921,0,0,0
23492,38.01,2.889,60,0,0
8118272,21.6,4.146,410,1,0
845824,34.09,2.961,1,0,0
71464,16.21,2.801,1,0,0
24816,15.63,3.01,1,0,0
171752,20.09,4.507,118,1,0
13312,45.91,2.439,1,0,0
5120,55.37,2.505,1,0,0
20960,42.08,3.009,0,0,0
26624,20.8,4.099,0,0,0
5705728,8.94,3.62,274,1,0
46128,24.02,2.89,1,0,0
8704,53.8,2.85,0,0,0
84880,35.3,3.71,59,0,0
1644408,16.03,4.807,464,2,0
228152,11.95,2.854,1,0,0
14200,19.91,2.767,1,0,0
407992,16.25,5.327,397,1,0
15360,47.01,2.326,27,1,0
20304,19.08,2.713,1,0,0
2117152,13.35,5.632,241,1,0
61952,40.7,3.173,0,0,0
6614776,24.44,2.996,1,0,0
862472,11.56,4.022,0,0,0
194344,21.15,5.99,0,0,0
23904,21.07,2.698,1,0,0
274232,16.0,5.222,112,1,0
26104,27.24,2.677,27,1,0
45792,37.04,1.816,0,0,0
405768,22.15,2.988,1,0,0
61464,25.37,3.443,74,0,0
15696,18.88,2.736,1,0,0
38065304,17.08,4.592,395,2,0
121656,17.34,4.507,56,1,0
17408,51.84,2.962,0,0,0
289720,18.35,5.077,520,1,0
89528,17.43,4.729,99,1,0
15184,18.18,2.846,1,0,0
14688,18.25,2.576,1,0,0
67368,34.79,3.167,0,0,0
20816,19.32,2.937,1,0,0
53248,26.86,2.759,1,0,0
1763760,14.77,3.106,138,1,0
80384,23.17,2.892,1,0,0
695336,26.36,2.958,1,0,0
47888,15.05,2.793,1,0,0
65360,18.88,2.576,1,0,0
412472,47.03,2.442,0,0,0
1132648,23.78,4.402,147,1,0
22056,48.16,1.757,0,0,0
4608,56.05,2.921,0,0,0
90864,27.56,3.774,0,0,0
1085440,11.19,4.636,272,1,0
41808,22.91,2.747,1,0,0
166336,22.57,4.235,200,2,0
3584,46.23,3.238,0,0,0
15144,17.38,2.889,1,0,0
3031088,14.56,5.624,280,1,0
17920,32.75,2.858,1,0,0
3072,54.75,3.023,0,0,0
16168,18.08,2.918,1,0,0
1136580,13.34,3.779,33,0,0
117536,21.53,4.01,70,1,0
21856,16.4,2.91,1,0,0
3072,56.05,2.999,0,0,0
540712,30.92,4.454,45,0,0
84362,23.06,3.634,110,1,0
28200,33.61,2.973,0,0,0
14200,18.8,2.833,1,0,0
64032,21.9,2.977,1,0,0
822584,23.21,3.477,1,0,0
9335608,25.16,2.938,1,0,0
30208,29.5,2.887,1,0,0
764984,18.84,5.28,222,2,0
20264,22.74,2.286,1,0,0
33632,17.85,2.877,1,0,0
5120,57.6,2.905,0,0,0
204208,26.37,4.142,0,0,0
30192,12.91,2.854,1,0,0
3072,59.86,2.911,0,0,0
14200,21.25,2.649,1,0,0
230128,18.9,4.757,0,0,0
71976,20.99,3.001,1,0,0
15672,17.6,2.876,1,0,0
24912,22.74,2.595,1,0,0
365504,26.18,3.303,1,0,0
24912,21.82,2.873,1,0,0
68024,15.95,4.279,74,1,0
32768,76.57,2.051,17,0,0
144696,22.64,2.954,1,0,0
4096,57.93,2.873,0,0,0
17192,20.23,2.847,1,0,0
58208,11.22,3.007,1,0,0
105272,22.07,3.489,1,0,0
15744,20.12,2.732,1,0,0
30768,16.53,2.826,1,0,0
98616,21.98,5.203,70,1,0
17208,16.95,2.775,1,0,0
14688,18.16,2.638,1,0,0
231936,29.28,2.769,1,0,0
54200,26.41,4.56,0,0,0
20528,13.2,2.817,1,0,0
60416,24.09,2.846,1,0,0
21800,18.06,2.901,1,0,0
16168,18.57,2.769,1,0,0
16184,18.19,2.774,1,0,0
180192,28.2,4.467,96,0,0
6656,54.52,2.927,0,0,0
28040,20.51,2.609,1,0,0
899480,17.77,3.349,126,1,0
12800,30.79,3.444,0,0,0
75440,22.01,4.371,0,0,0
16696,19.72,2.703,1,0,0
35312,13.86,2.919,1,0,0
139264,36.43,2.142,100,1,0
27912,11.89,2.751,1,0,0
51040,16.21,2.631,1,0,0
411168,16.9,3.949,216,1,0
26096,10.29,2.925,1,0,0
77824,50.39,2.491,0,0,0
75264,24.16,2.772,1,0,0
1026096,21.55,2.997,1,0,0
20792,20.04,2.943,1,0,0
5632,51.38,2.606,1,0,0
1084296,27.01,2.941,1,0,0
1556344,31.18,2.811,1,0,0
92472,21.64,3.09,1,0,0
87072,20.34,2.735,1,0,0
16680,15.19,3.001,1,0,0
1220608,20.33,3.725,409,1,0
534720,23.07,3.159,1,0,0
60928,55.93,2.907,0,0,0
32488,13.08,2.731,1,0,0
5632,52.41,2.411,1,0,0
638776,1.93,3.758,1,0,0
71680,27.68,2.877,1,0,0
265656,24.07,5.05,841,1,0
65336,9.11,2.595,1,0,0
252696,22.98,3.188,1,0,0
1505280,27.74,2.806,1,0,0
61440,56.01,1.552,51,1,0
20944,54.54,1.065,0,0,0
923136,31.04,3.025,1,0,0
15296,19.46,2.644,1,0,0
1984824,23.73,3.456,1,0,0
17720,18.84,2.795,1,0,0
4608,49.07,3.855,0,0,0
81920,55.15,2.776,0,0,0
4608,59.16,2.502,1,0,0
28096,28.51,2.587,1,0,0
1552088,29.93,3.146,1,0,0
34816,35.18,2.653,1,0,0
57208,25.2,3.804,173,1,0
77328,15.05,3.02,1,0,0
5177656,15.04,4.849,504,2,0
49152,55.75,2.022,65,1,0
157696,16.71,3.757,1,0,0
593848,13.99,5.641,38,1,0
205752,17.83,5.107,281,1,0
31032,19.03,2.751,1,0,0
51624,37.0,2.912,0,0,0
55296,51.66,3.138,0,0,0
372600,20.52,3.013,1,0,0
195880,22.69,2.677,1,0,0
18432,53.32,2.884,0,0,0
4096,55.66,2.436,1,0,0
16032,19.12,2.673,1,0,0
1439528,16.03,5.606,0,0,0
19240,16.19,2.909,1,0,0
91296,19.64,5.187,0,0,0
14848,29.16,2.817,1,0,0
114528,20.33,3.086,1,0,0
4608,56.03,2.62,1,0,0
900024,19.09,5.451,646,1,0
38184,24.26,2.603,1,0,0
201728,23.13,3.183,1,0,0
132944,27.1,3.569,0,0,0
21744,15.56,2.681,1,0,0
51256,17.87,4.604,66,1,0
10752,52.62,2.999,0,0,0
99112,25.83,2.863,1,0,0
3072,55.57,2.98,0,0,0
43944,20.18,2.733,1,0,0
58704,17.76,3.216,1,0,0
7680,41.86,2.706,1,0,0
15144,18.96,2.728,1,0,0
54400,18.78,4.533,0,0,0
110592,35.76,2.534,125,1,0
15200,17.1,2.922,1,0,0
439224,13.12,5.238,392,1,0
15200,19.35,2.292,1,0,0
29432,12.05,2.853,1,0,0
20320,20.51,2.932,1,0,0
56104,18.85,3.232,1,0,0
118784,36.91,2.232,80,0,0
119064,22.51,4.31,86,1,0
5120,58.48,2.397,1,0,0
27640,11.51,2.888,1,0,0
26880,10.47,2.889,1,0,0
583464,27.45,2.942,1,0,0
20817848,15.3,4.309,141,2,0
1787728,18.68,6.232,0,0,0
25936,18.02,2.999,1,0,0
234528,21.27,3.035,1,0,0
25088,20.89,2.627,1,0,0
5120,56.04,2.524,1,0,0
208896,27.17,2.447,263,1,0
4608,55.77,2.913,0,0,0
5632,51.53,2.597,1,0,0
75176,21.25,2.743,1,0,0
464816,26.71,2.316,1,0,0
1433600,19.97,3.544,552,1,0
103136,26.7,3.656,0,0,0
94624,17.18,3.824,43,0,0
13325112,16.7,4.665,426,2,0
3072,54.85,3.019,0,0,0
29696,29.0,2.827,1,0,0
95576,17.76,4.173,119,1,0
41472,49.19,2.903,0,0,0
33280,14.7,2.903,1,0,0
888832,19.12,3.41,240,1,0
16384,32.04,2.791,1,0,0
336096,24.19,2.919,1,0,0
61440,21.44,3.863,54,0,0
89464,20.74,4.899,67,1,0
266912,16.92,5.235,0,0,0
15144,17.78,2.853,1,0,0
15520,18.29,2.697,1,0,0
434176,29.64,2.501,179,1,0
20792,17.1,2.73,1,0,0
5120,52.73,2.94,0,0,0
21816,15.69,2.323,1,0,0
23888,20.56,3.009,1,0,0
69872,16.72,2.362,1,0,0
17208,22.82,2.471,0,0,0
505888,20.34,3.562,111,2,0
130488,17.82,4.556,217,1,0
60296,5.18,3.75,1,0,0
69632,55.61,2.296,70,0,0
22832,15.62,2.805,1,0,0
334248,18.38,4.114,0,0,0
8684360,16.65,4.159,188,2,0
209920,26.33,2.764,1,0,0
11677928,15.79,4.748,505,2,0
192584,24.05,4.481,91,2,0
16208,17.38,2.943,1,0,0
4608,58.18,2.557,1,0,0
660216,18.78,5.113,0,0,0
82944,23.5,3.099,1,0,0
25912,21.27,3.262,0,0,0
3741112,16.22,5.549,2616,1,0
738664,24.01,2.98,1,0,0
249696,19.64,3.11,1,0,0
13824,51.52,2.309,27,1,0
158008,21.28,3.131,1,0,0
370104,21.74,3.872,166,1,0
32840,33.07,1.63,0,0,0
23040,24.89,2.745,1,0,0
22864,21.38,2.789,1,0,0
29696,34.52,2.631,1,0,0
244768,19.98,4.208,120,1,0
4096,54.52,2.757,1,0,0
292872,16.99,2.856,1,0,0
143312,25.02,4.368,119,0,0
19208,11.3,3.947,0,0,0
80384,23.16,2.92,1,0,0
89528,18.81,4.786,174,1,0
100136,21.01,5.897,0,0,0
131072,36.08,2.356,96,1,0
291840,26.08,2.833,1,0,0
15904,18.17,2.922,1,0,0
528944,27.01,2.964,1,0,0
70440,21.07,3.055,1,0,0
497952,34.74,3.304,0,0,0
2024544,12.45,4.063,275,1,0
295248,18.44,3.124,1,0,0
52032,19.77,2.928,1,0,0
32008,14.52,2.308,1,0,0
112368,20.53,3.375,45,1,0
1617408,26.88,4.383,469,1,0
263408,22.07,3.188,1,0,0
858040,14.11,5.264,756,1,0
29120,20.43,2.983,1,0,0
19240,20.18,2.76,1,0,0
5120,55.0,2.921,0,0,0
20792,20.71,2.765,1,0,0
16168,19.55,2.693,1,0,0
33080,20.82,3.07,1,0,0
75176,21.25,2.743,1,0,0
1867192,14.35,5.31,721,1,0
266696,24.75,3.315,185,1,0
81920,23.56,3.098,1,0,0
15480,17.49,2.806,1,0,0
483328,19.75,3.098,247,1,0
307200,21.39,4.038,240,0,0
15872,28.21,3.242,0,0,0
722080,25.82,2.946,1,0,0
26536,16.36,2.617,1,0,0
16208,17.45,2.919,1,0,0
839520,26.92,3.357,1,0,0
180224,34.44,2.895,226,1,0
3072,55.34,2.999,0,0,0
456528,18.21,5.877,0,0,0
161360,22.45,2.909,1,0,0
72128,8.07,3.644,1,0,0
17272,17.14,2.674,1,0,0
1187840,15.17,3.874,272,1,0
1047864,14.29,3.513,317,2,0
33576,18.81,2.689,1,0,0
4608,48.7,2.835,1,0,0
2560,62.07,2.863,0,0,0
5916488,17.12,4.119,260,4,0
1193496,52.3,4.657,113,2,0
26872,10.95,2.927,1,0,0
705024,15.21,5.004,96,1,0
18744,14.66,5.402,0,0,0
14176,14.96,3.187,0,0,0
37632,14.39,2.927,1,0,0
2343144,13.58,4.976,195,1,0
52768,27.3,3.338,1,0,0
604088,15.3,5.295,602,1,0
140688,20.2,3.145,1,0,0
90880,38.06,1.703,43,1,0
4187576,16.54,5.061,1104,0,0
2214008,15.09,5.696,202,1,0
58208,11.28,3.009,1,0,0
164392,17.11,5.059,73,1,0
32768,65.91,0.963,0,0,0
1020928,16.44,3.723,268,1,0
31024,49.91,1.688,0,0,0
15656,19.2,2.8,1,0,0
28664,12.4,2.853,1,0,0
4608,58.38,2.53,1,0,0
7168,43.74,2.688,1,0,0
12288,41.66,2.755,1,0,0
337744,19.92,4.687,0,0,0
384000,14.52,5.396,108,1,0
244576,24.01,3.888,81,1,0
11456000,22.32,5.294,160,0,0
5120,52.05,2.627,1,0,0
7024640,41.86,2.642,0,0,0
169344,33.63,3.565,76,1,0
16680,19.32,2.789,1,0,0
138592,18.29,3.754,50,0,0
156992,28.88,3.373,89,0,0
438344,21.73,3.029,1,0,0
370512,20.55,3.001,1,0,0
15656,18.24,2.933,1,0,0
8817976,10.62,5.835,517,1,0
37888,24.69,2.74,1,0,0
390440,19.2,2.66,1,0,0
81920,46.11,1.984,98,1,0
1728512,24.52,3.796,453,2,0
7680,45.99,2.497,1,0,0
5290424,15.93,5.67,697,1,0
137640,48.63,3.224,0,0,0
6144,48.67,3.079,0,0,0
16208,17.9,2.793,1,0,0
13856,15.44,3.172,0,0,0
7168,43.25,2.826,1,0,0
67584,52.1,2.912,0,0,0
299336,19.08,3.431,22,0,0
14336,54.17,2.887,0,0,0
42792,41.11,2.505,0,0,0
69472,27.51,3.24,1,0,0
53248,74.04,0.965,5,0,0
4096,55.08,2.735,1,0,0
19632,18.41,2.688,1,0,0
17920,52.54,2.813,0,0,0
133120,50.21,2.936,0,0,0
58096,32.46,2.709,0,0,0
284040,21.08,3.025,1,0,0
125768,26.74,3.503,75,2,0
39160,16.97,2.645,1,0,0
3072,53.74,3.024,0,0,0
284313,11.91,4.189,131,0,0
4096,55.66,2.437,1,0,0
65536,31.05,2.782,1,0,0
5120,57.38,2.466,1,0,0
16184,18.31,4.465,0,0,0
64512,50.86,2.683,0,0,0
1509824,34.04,4.986,130,1,0
30984,50.1,1.682,0,0,0
5632,55.63,2.917,0,0,0
311296,20.61,3.35,107,1,0
59688,26.47,2.858,1,0,0
344376,19.57,3.16,1,0,0
40960,70.04,1.319,25,1,0
272168,21.12,4.552,0,0,0
820808,18.67,5.277,222,2,0
381936,19.29,4.431,145,1,0
20856,21.26,2.881,1,0,0
126392,16.27,4.079,515,1,0
119808,28.95,2.718,1,0,0
16680,19.3,2.79,1,0,0
170320,20.49,2.701,1,0,0
33792,36.27,2.665,1,0,0
105888,22.87,4.585,91,1,0
42928,37.11,2.232,1,0,0
15144,19.76,2.611,1,0,0
139264,28.63,2.787,1,0,0
240936,15.94,3.034,1,0,0
112936,22.54,2.838,1,0,0
84792,21.64,3.132,1,0,0
50688,53.89,3.03,0,0,0
267400,18.43,2.727,1,0,0
4096,55.54,2.951,0,0,0
7680,55.36,2.961,0,0,0
140800,24.01,2.88,1,0,0
48128,49.79,2.872,0,0,0
11019104,15.87,5.212,386,2,0
188928,24.0,3.111,1,0,0
14176,16.08,2.902,1,0,0
7495864,1.09,4.279,68,1,0
287880,15.39,5.531,111,1,0
62208,32.36,2.979,0,0,0
14248,15.39,2.442,1,0,0
45056,59.06,2.732,0,0,0
491896,45.71,4.842,472,1,0
25424,12.23,2.69,1,0,0
18463792,39.26,3.763,153,2,0
260512,13.43,4.443,44,0,0
1986496,17.3,4.243,520,1,0
78688,12.06,3.006,1,0,0
27960,10.44,2.579,1,0,0
20832,19.33,2.917,1,0,0
20728,13.99,2.717,1,0,0
108328,28.78,3.343,0,0,0
60640,17.48,2.628,1,0,0
14336,27.83,2.622,1,0,0
7680,43.16,2.578,1,0,0
121360,37.84,1.92,329,1,0
444240,29.13,5.928,0,0,0
36136,22.25,2.894,1,0,0
2997560,17.04,5.507,367,2,0
14136,17.9,2.885,0,0,0
27872,11.78,2.809,1,0,0
21696,15.27,2.656,1,0,0
20320,19.89,3.013,1,0,0
4882288,12.41,5.819,842,1,0
15224,21.34,2.603,1,0,0
56272,27.35,3.928,0,0,0
95744,25.95,2.964,1,0,0
352976,18.97,4.051,142,0,0
85504,16.15,2.826,1,0,0
16920,17.75,3.983,0,0,0
4300800,17.26,4.254,335,3,0
59832,39.22,2.244,1,0,0
267384,18.44,2.96,1,0,0
850352,14.11,5.552,0,0,0
45352,25.65,2.535,1,0,0
16184,18.19,2.774,1,0,0
114653,23.73,3.595,150,0,0
18432,32.09,3.28,0,0,0
15144,17.61,2.815,1,0,0
15672,20.12,2.546,1,0,0
106296,17.8,2.778,1,0,0
35208,21.12,2.902,1,0,0
5120,57.05,2.795,0,0,0
12600,11.83,2.758,0,0,0
15256,16.34,2.832,1,0,0
151552,34.97,2.529,127,0,0
2062264,13.92,5.599,680,1,0
168696,22.78,3.99,0,0,0
8192,54.19,2.888,0,0,0
45413,29.77,3.152,69,0,0
285992,26.0,2.839,1,0,0
49448,25.17,2.525,1,0,0
21344,18.47,2.696,1,0,0
34872,27.68,3.756,53,1,0
4601784,23.11,5.813,854,1,0
3507080,33.9,3.791,381,1,0
4608,59.59,2.264,1,0,0
23888,21.83,2.347,1,0,0
203704,18.56,5.135,165,0,0
193336,21.48,3.115,1,0,0
158720,23.0,2.821,1,0,0
21824,51.15,1.277,0,0,0
167936,30.4,2.56,151,1,0
2622848,28.42,3.89,360,1,0
409960,15.5,3.678,100,0,0
595184,17.37,3.448,187,1,0
797624,28.43,2.981,1,0,0
16168,18.47,2.937,1,0,0
483328,74.34,2.725,149,1,0
86016,55.37,1.938,62,1,0
27056,17.63,2.686,1,0,0
18704,21.81,2.58,1,0,0
249040,21.76,2.994,1,0,0
39944,18.22,2.779,1,0,0
17192,17.1,2.86,1,0,0
4608,54.38,2.647,1,0,0
15160,17.97,2.806,1,0,0
5139968,13.34,5.094,240,1,0
144128,13.87,3.019,1,0,0
714664,17.69,5.57,252,1,0
844800,34.06,2.963,1,0,0
50256,19.95,3.302,65,1,0
28472,20.35,3.024,1,0,0
454640,15.57,5.355,112,1,0
24064,27.34,4.267,50,1,0
23216,15.08,2.643,1,0,0
19792,20.61,2.648,1,0,0
24328,16.42,4.289,0,0,0
49888,32.22,2.709,0,0,0
84264,17.46,3.762,30,0,0
31232,11.65,2.823,1,0,0
17208,18.89,2.81,1,0,0
17232,17.13,2.771,1,0,0
18744,19.64,2.806,1,0,0
16048,19.19,2.642,1,0,0
925456,16.08,3.367,231,1,0
18744,19.78,2.894,1,0,0
12288,54.98,2.244,27,1,0
260180,19.25,4.187,325,0,0
33120,22.94,4.671,60,1,0
67880,15.0,3.141,1,0,0
15992,18.19,2.765,1,0,0
252752,22.47,3.062,1,0,0
310192,30.27,3.34,95,0,0
34304,30.07,2.802,1,0,0
59365976,20.97,4.068,173,1,0
40960,73.54,1.246,15,0,0
26616,12.05,2.605,1,0,0
33280,28.23,2.881,1,0,0
17240,16.89,3.957,0,0,0
11776,47.99,2.428,1,0,0
15656,17.31,2.892,1,0,0
413992,19.69,2.833,1,0,0
385024,19.35,3.192,232,1,0
16168,19.94,2.769,1,0,0
63368,35.35,2.131,1,0,0
2716472,16.17,3.887,132,2,0
36352,17.34,3.042,0,0,0
14136,20.21,2.33,1,0,0
30504,56.22,1.267,0,0,0
63272,30.65,3.684,0,0,0
262144,43.18,3.198,163,1,0
1261568,32.38,3.18,1,0,0
55560,34.14,3.258,0,0,0
5632,48.85,2.725,1,0,0
3706048,15.59,4.8,194,1,0
122880,23.64,2.859,1,0,0
84304,18.25,2.699,1,0,0
831488,37.71,2.774,0,0,0
131072,31.61,3.09,145,1,0
20480,30.96,2.822,1,0,0
4096,56.98,2.88,0,0,0
70144,30.75,2.77,1,0,0
503808,17.18,3.169,177,1,0
24768,12.84,4.1,0,0,0
17720,18.51,2.695,1,0,0
54712,16.21,3.98,47,1,0
37688,26.94,2.675,1,0,0
15712,17.51,2.922,1,0,0
361896,20.62,3.017,1,0,0
48480,21.2,4.557,0,0,0
5120,53.61,2.574,1,0,0
26552,19.79,2.962,1,0,0
10240,35.11,3.215,0,0,0
91576,21.19,4.077,187,0,0
3072,57.1,2.965,0,0,0
4608,55.84,2.604,1,0,0
15360,26.27,2.63,1,0,0
31560,26.07,2.928,39,0,0
48368,19.37,2.241,1,0,0
38912,26.66,2.935,1,0,0
24000,20.54,2.918,1,0,0
591872,18.23,4.369,89,1,0
5120,47.99,2.535,1,0,0
586080,26.24,3.44,1,0,0
200704,25.67,2.448,167,1,0
879544,13.78,5.249,574,1,0
174080,31.39,3.547,0,0,0
33928,16.35,4.151,32,1,0
27920,11.78,2.813,1,0,0
79144,21.79,3.057,1,0,0
57344,58.25,1.678,74,0,0
194784,23.03,2.976,1,0,0
5120,52.27,2.597,1,0,0
128312,18.29,3.182,1,0,0
18232,26.62,2.264,0,0,0
61440,55.83,2.125,26,0,0
18744,17.79,2.912,1,0,0
73512,20.54,2.936,1,0,0
28512,18.45,2.948,1,0,0
1460152,14.6,5.374,1733,1,0
90112,38.6,2.276,112,1,0
23864,21.49,2.687,1,0,0
15184,19.79,2.589,1,0,0
255328,12.18,2.895,1,0,0
2560,62.46,2.846,0,0,0
5149112,13.12,5.762,781,1,0
31816,24.15,2.96,47,1,0
118200,22.34,3.114,1,0,0
1986080,17.3,4.243,520,1,0
73728,50.39,2.669,0,0,0
1396616,20.28,5.053,179,0,0
22328,16.1,2.973,1,0,0
298640,19.65,2.792,1,0,0
215040,21.81,3.129,1,0,0
20480,51.09,2.844,0,0,0
218920,21.63,4.248,0,0,0
869376,31.03,2.796,1,0,0
48976,26.21,2.636,1,0,0
84416,40.54,1.728,68,1,0
94208,38.88,2.308,139,1,0
46888,25.22,2.541,1,0,0
25384,20.75,2.76,1,0,0
192512,30.06,2.314,167,1,0
15144,19.96,2.626,1,0,0
339968,22.12,3.3,228,1,0
22352,9.88,3.98,0,0,0
356280,15.54,5.429,271,1,0
17840,23.55,2.533,0,0,0
94720,15.93,5.322,0,0,0
261416,21.4,2.976,1,0,0
235304,22.62,5.558,0,0,0
35768,21.77,3.195,26,0,0
14688,17.67,2.775,1,0,0
20944,45.73,2.532,0,0,0
27648,27.09,2.833,1,0,0
254464,23.51,2.934,1,0,0
15672,20.9,3.699,0,0,0
34685592,49.64,4.89,140,1,0
15712,20.07,2.598,1,0,0
155880,25.66,2.86,1,0,0
1393712,5.94,2.766,1,0,0
11616,18.41,3.413,0,0,0
5120,56.76,2.451,1,0,0
56560,20.84,2.508,1,0,0
113376,13.75,2.743,1,0,0
18311264,37.27,3.798,281,0,0
603640,19.12,4.163,295,0,0
21856,18.24,2.793,1,0,0
2798008,25.86,4.964,318,1,0
157696,25.37,4.507,99,1,0
318968,21.24,3.153,1,0,0
257592,21.14,3.896,102,1,0
25440,20.71,2.587,1,0,0
98304,31.86,2.479,59,1,0
80168,19.25,2.663,1,0,0
17720,18.34,2.73,1,0,0
1882272,18.92,5.725,0,0,0
15144,17.25,2.927,1,0,0
102400,43.59,1.918,80,1,0
183608,24.13,2.902,1,0,0
16384,52.25,2.95,0,0,0
14136,17.49,2.935,0,0,0
15672,17.69,2.848,1,0,0
959216,16.22,4.515,228,1,0
26368,10.49,2.845,1,0,0
32768,25.93,2.743,1,0,0
15184,18.43,2.797,1,0,0
28040,11.09,2.825,1,0,0
3414288,19.47,3.742,110,2,0
257024,27.47,4.7,113,1,0
41528,25.21,4.028,90,2,0
220584,16.01,2.59,1,0,0
131072,38.56,2.437,87,1,0
59832,16.82,3.785,66,1,0
55120,24.68,2.709,1,0,0
26096,11.9,2.581,1,0,0
27912,20.45,2.888,1,0,0
23472,14.66,2.569,1,0,0
91384,14.09,3.006,1,0,0
6144,50.94,2.615,1,0,0
18216,22.26,2.579,1,0,0
45352,25.8,2.506,1,0,0
90896,24.76,3.054,1,0,0
74680,16.3,4.526,153,1,0
18968,19.07,2.926,1,0,0
26424,17.74,2.802,1,0,0
11776,27.38,2.668,1,0,0
11776,28.19,2.593,1,0,0
407392,29.91,3.007,1,0,0
22528,33.58,2.925,1,0,0
69952,23.29,3.479,1,0,0
176712,22.88,3.031,1,0,0
29136,44.04,2.511,0,0,0
162816,17.02,4.701,0,0,0
22872,38.29,3.024,0,0,0
14076888,14.94,5.517,613,1,0
53248,57.92,1.712,107,0,0
29848,15.11,2.99,1,0,0
24576,89.42,0.942,0,0,0
153168,33.61,3.112,133,0,0
62264,25.49,2.541,1,0,0
254904,17.24,5.182,397,1,0
61320,21.12,3.055,1,0,0
23848,20.49,2.799,1,0,0
46592,26.79,2.836,1,0,0
14176,17.26,2.962,0,0,0
94048,21.05,2.666,1,0,0
16184,19.24,2.726,1,0,0
262144,26.16,3.236,163,1,0
4608,54.62,2.725,1,0,0
58680,18.74,2.832,1,0,0
555960,15.82,5.451,334,1,0
38696,41.67,2.824,0,0,0
5120,55.94,2.541,1,0,0
73568,20.7,2.805,1,0,0
848648,13.33,5.807,0,0,0
2560,58.2,2.972,0,0,0
21232,14.65,2.746,1,0,0
69472,29.07,2.608,1,0,0
19752,19.64,2.647,1,0,0
180736,24.04,4.695,94,1,0
24928,17.39,2.885,1,0,0
118784,54.22,2.094,38,1,0
5632,59.66,2.795,0,0,0
37376,25.97,2.857,1,0,0
89736,18.45,3.002,1,0,0
245992,40.45,4.172,0,0,0
1859584,17.07,3.768,374,1,0
239440,22.08,4.16,0,0,0
16736,18.33,2.663,1,0,0
16720,17.39,2.891,1,0,0
134496,15.85,2.801,1,0,0
33824,16.38,4.165,0,0,0
8192,45.83,2.571,1,0,0
630648,27.91,3.442,1,0,0
323000,13.96,4.686,284,1,0
131936,8.39,2.953,1,0,0
683008,27.39,2.959,1,0,0
65536,72.58,1.105,18,0,0
69928,22.16,3.184,1,0,0
345560,26.14,3.549,163,0,0
26976,19.41,2.813,1,0,0
4608,55.1,2.916,0,0,0
36704,35.7,2.479,0,0,0
335272,26.49,4.688,118,1,0
26144,19.32,3.06,1,0,0
28672,26.04,3.438,6,0,0
21000,55.13,0.921,0,0,0
47968,19.07,5.508,0,0,0
21192,14.29,2.68,1,0,0
1269560,22.62,4.226,1,0,0
163840,28.42,2.411,1,0,0
100352,51.47,2.85,0,0,0
20816,21.39,2.615,1,0,0
30552,14.1,2.775,1,0,0
41712,16.65,2.911,1,0,0
79656,26.3,5.055,0,0,0
49928,33.36,2.582,0,0,0
5120,52.75,2.654,1,0,0
20696,14.7,2.576,1,0,0
5120,54.79,2.548,1,0,0
21288,19.82,2.701,1,0,0
5120,53.03,2.596,1,0,0
13824,51.71,2.313,27,1,0
168200,21.66,4.75,162,1,0
16736,18.72,2.792,1,0,0
26848,11.32,2.733,1,0,0
2377016,16.07,3.914,123,2,0
79176,48.21,2.12,40,0,0
19752,18.71,2.72,1,0,0
3584,53.4,3.055,0,0,0
80896,25.44,2.819,1,0,0
3584,59.26,2.44,1,0,0
16248,18.73,2.891,1,0,0
16384,47.35,3.127,0,0,0
10976528,16.94,3.757,564,2,0
15360,53.19,2.905,0,0,0
53056,5.92,4.523,0,0,0
28512,19.26,2.819,1,0,0
16736,17.32,2.885,1,0,0
41736,40.99,1.254,0,0,0
3492128,38.74,2.868,0,0,0
15872,52.15,2.908,0,0,0
145200,21.94,2.911,1,0,0
341944,15.8,5.446,254,1,0
54784,23.79,2.745,1,0,0
15184,17.84,2.821,1,0,0
3584,53.54,2.812,1,0,0
31856,9.98,2.683,1,0,0
722040,25.82,2.946,1,0,0
589536,23.9,3.068,1,0,0
304976,18.99,5.981,0,0,0
368640,50.18,3.204,0,0,0
53248,68.91,1.747,15,0,0
255488,52.6,3.132,0,0,0
93816,23.37,4.612,0,0,0
75776,30.83,3.299,1,0,0
89736,18.45,3.002,1,0,0
18944,37.05,3.515,52,1,0
4096,62.26,2.248,1,0,0
16896,33.34,2.781,1,0,0
21816,19.62,2.856,1,0,0
28672,39.51,3.706,0,0,0
7168,40.88,4.083,0,0,0
83752,18.94,2.391,1,0,0
16720,21.11,2.637,1,0,0
14848,47.88,2.336,27,1,0
9216,37.25,3.75,0,0,0
8169472,20.72,5.444,148,0,0
7168,44.14,2.663,1,0,0
79224,27.42,3.965,232,1,0
6386392,21.08,4.773,152,1,0
194832,24.69,4.33,0,0,0
17704,18.02,2.797,1,0,0
184320,31.31,2.225,178,1,0
15632,17.11,2.828,1,0,0
33032,14.14,2.684,1,0,0
621808,25.39,2.944,1,0,0
219560,33.57,2.644,0,0,0
17704,22.07,2.259,1,0,0
40256,41.07,1.642,0,0,0
22056,51.39,1.149,0,0,0
17704,19.13,2.709,1,0,0
48480,19.52,2.786,1,0,0
46944,23.08,3.128,1,0,0
38400,31.44,2.846,1,0,0
16928,19.81,2.753,1,0,0
62704,18.57,3.061,1,0,0
3837160,23.51,4.984,114,1,0
31584,18.86,2.952,1,0,0
22976,47.56,1.484,0,0,0
468920,15.75,4.305,120,1,0
854440,16.13,5.292,0,0,0
8192,56.71,2.788,0,0,0
4608,56.36,2.94,0,0,0
327680,23.75,2.468,169,1,0
139264,34.39,2.159,111,1,0
3867800,15.08,4.779,221,2,0
33280,28.58,2.699,1,0,0
21256,13.83,2.886,1,0,0
14688,18.24,2.578,1,0,0
17192,19.61,2.775,1,0,0
4622992,17.17,5.304,1322,2,0
30256,16.35,2.792,1,0,0
79800,21.61,3.982,93,0,0
24064,34.62,2.73,1,0,0
766224,10.95,3.655,1,0,0
50827864,22.95,4.047,172,2,0
288680,19.45,4.212,102,1,0
110344,28.16,2.684,1,0,0
28864,13.23,4.214,0,0,0
36752,16.44,2.816,1,0,0
12288,35.93,2.752,1,0,0
964288,17.61,3.722,172,0,0
581632,22.09,3.322,511,1,0
851968,16.96,3.624,257,1,0
15184,18.02,2.84,1,0,0
261176,19.72,4.917,146,1,0
1481000,23.81,2.535,1,0,0
1245344,16.93,5.595,0,0,0
26112,54.22,2.843,0,0,0
864256,32.46,2.966,0,0,0
498736,22.11,4.53,113,1,0
713168,18.71,4.533,259,2,0
20944,50.03,1.916,0,0,0
124856,16.17,4.773,138,1,0
534056,20.69,3.024,1,0,0
372736,22.15,2.664,165,1,0
15200,18.87,2.734,1,0,0
320072,31.8,2.71,163,1,0
55192,42.15,3.845,0,0,0
488248,20.33,2.94,1,0,0
365456,49.76,2.378,0,0,0
734784,31.03,2.944,1,0,0
122880,28.19,2.784,1,0,0
141624,25.67,3.844,0,0,0
15200,16.46,2.999,1,0,0
94208,37.8,2.464,96,0,0
52024,20.58,3.059,1,0,0
6656,44.38,2.855,1,0,0
2299272,5.99,4.61,0,0,0
39720,21.85,2.359,1,0,0
192440,17.49,4.74,284,1,0
16720,19.29,2.79,1,0,0
13688,19.97,2.711,1,0,0
27384,11.94,2.702,1,0,0
36688,16.24,3.054,1,0,0
1514824,28.74,2.966,1,0,0
30032,24.2,1.774,1,0,0
12288,39.54,3.605,0,0,0
757760,14.97,3.653,149,1,0
28536,19.31,2.688,1,0,0
259880,17.55,4.674,0,0,0
108368,27.82,3.37,0,0,0
120400,15.5,3.703,45,0,0
639008,47.88,3.583,0,0,0
65600,16.02,4.437,89,1,0
21696,15.62,2.649,1,0,0
1390640,28.22,3.046,1,0,0
29520,39.04,1.642,1,0,0
14880,20.04,2.356,1,0,0
50016,7.86,2.511,1,0,0
106496,32.75,2.559,115,1,0
328784,22.65,4.364,135,1,0
152952,20.52,3.076,1,0,0
61705,26.65,3.36,70,0,0
75312,34.04,3.154,70,1,0
96624,40.33,1.996,105,0,0
96448,21.57,2.775,1,0,0
178616,16.12,3.572,35,0,0
23096,19.02,3.029,1,0,0
139776,26.27,2.789,1,0,0
28032,17.33,3.042,1,0,0
177592,16.01,3.281,1,0,0
16680,14.93,2.809,1,0,0
319616,18.39,2.942,1,0,0
23352,18.87,2.924,1,0,0
17832,18.37,2.808,1,0,0
204800,27.92,2.551,124,1,0
71488,25.55,3.241,1,0,0
90112,26.95,2.721,1,0,0
15280,19.74,2.543,1,0,0
55736,14.91,3.865,54,1,0
171872,12.19,3.378,1,0,0
1377104,10.18,5.249,167,1,0
75264,21.61,2.869,1,0,0
468280,21.61,3.004,1,0,0
1244600,15.68,5.348,810,1,0
182048,20.73,3.182,1,0,0
400680,22.48,3.057,1,0,0
76032,16.17,2.656,1,0,0
73656,23.53,3.618,37,0,0
8424376,17.98,4.399,438,2,0
79656,19.08,2.71,1,0,0
24576,88.56,1.009,0,0,0
119544,21.89,2.661,1,0,0
19336,20.24,2.945,1,0,0
16184,17.62,2.814,1,0,0
90112,40.38,2.342,120,1,0
812256,30.02,2.735,1,0,0
15992,19.37,2.66,1,0,0
12288,26.27,2.576,1,0,0
30040,12.84,2.857,1,0,0
232640,23.98,2.906,170,2,0
20960,53.01,1.388,0,0,0
18792,24.35,3.387,0,0,0
17208,18.58,2.723,1,0,0
246200,16.35,5.28,374,1,0
6960640,23.48,4.949,220,1,0
19136,11.19,4.036,0,0,0
100176,28.36,3.725,0,0,0
705024,15.21,5.004,96,1,0
331264,50.92,2.79,0,0,0
484728,45.41,5.009,466,1,0
177464,16.04,5.554,143,2,0
759592,18.28,5.404,0,0,0
61000,16.71,3.3,65,1,0
24136,21.27,2.69,1,0,0
49792,19.22,3.729,41,0,0
14248,16.29,2.259,1,0,0
29696,35.18,2.742,1,0,0
102400,42.82,1.608,0,0,0
14200,21.15,2.641,1,0,0
16184,18.96,2.879,1,0,0
19136,11.27,3.994,0,0,0
15656,17.14,3.04,1,0,0
14848,26.72,3.638,0,0,0
24968,19.87,4.352,46,1,0
665016,14.22,5.277,552,1,0
16296,16.42,4.01,0,0,0
16720,16.96,2.894,1,0,0
16680,21.98,2.303,1,0,0
104232,14.88,2.777,1,0,0
980776,13.99,2.285,0,0,0
21384,20.53,2.766,1,0,0
29968,13.22,2.656,1,0,0
144960,27.93,3.533,81,0,0
6656,50.87,2.492,1,0,0
5632,50.91,2.579,1,0,0
3130296,17.27,5.481,1280,1,0
4855560,24.18,2.994,1,0,0
102400,41.45,3.099,87,0,0
5120,54.02,2.555,1,0,0
5120,59.0,2.364,1,0,0
256952,17.38,5.215,331,1,0
37744,17.86,3.412,1,0,0
42360,29.94,2.697,1,0,0
30720,51.95,2.786,0,0,0
87336,21.16,3.086,1,0,0
4096,49.29,3.001,1,0,0
151552,17.78,5.026,262,1,0
1807024,17.23,5.693,0,0,0
12864,14.29,4.122,0,0,0
34616,47.65,2.134,0,0,0
14688,19.1,2.655,1,0,0
31888,10.13,2.676,1,0,0
82216,19.02,2.696,1,0,0
20832,17.37,2.804,1,0,0
200704,30.13,3.088,201,2,0
95552,39.86,3.058,71,0,0
5632,43.77,2.953,1,0,0
17192,21.69,2.638,1,0,0
23816,19.94,2.832,1,0,0
17760,18.94,2.881,1,0,0
45056,57.07,1.936,80,1,0
89952,4.37,2.731,1,0,0
119656,20.72,3.632,132,0,0
29576,17.3,2.994,1,0,0
16184,19.24,2.726,1,0,0
39720,23.69,2.564,1,0,0
16168,20.15,2.62,1,0,0
93808,20.79,4.641,0,0,0
3584,57.9,2.944,0,0,0
62392,17.53,3.912,56,1,0
6144,46.44,2.716,1,0,0
32040,22.92,2.807,1,0,0
56992,17.5,2.67,1,0,0
16168,18.21,2.687,1,0,0
21552,15.62,2.545,1,0,0
85944,19.66,4.491,81,1,0
1196856,14.72,4.506,151,1,0
311296,23.28,3.359,121,1,0
13312,26.41,3.208,1,0,0
101016,20.77,3.034,1,0,0
34304,34.05,2.804,1,0,0
13312,53.59,2.762,0,0,0
19968,28.73,2.629,1,0,0
140784,33.33,2.62,116,1,0
67664,15.03,4.909,77,0,0
114488,15.81,2.712,1,0,0
15184,19.74,2.605,1,0,0
351160,14.2,5.293,433,1,0
21808,52.31,1.032,0,0,0
187320,17.51,5.128,325,1,0
33280,28.23,2.881,1,0,0
3584,65.01,2.36,1,0,0
314640,22.93,3.024,1,0,0
19136,9.67,3.902,0,0,0
109568,51.26,2.851,0,0,0
122808,17.15,4.773,103,1,0
332128,21.1,2.886,1,0,0
108472,20.82,4.761,85,1,0
31744,49.63,2.821,0,0,0
143360,32.31,2.365,1,0,0
120912,22.31,4.845,130,0,0
23352,17.83,2.997,1,0,0
34736,17.55,2.744,1,0,0
71896,16.19,4.326,67,1,0
23352,18.77,3.023,1,0,0
1239072,27.61,4.566,65,1,0
26888,10.53,2.867,1,0,0
18728,23.44,2.253,1,0,0
13888,16.81,3.845,0,0,0
81248,26.92,2.673,1,0,0
39936,28.17,2.834,1,0,0
20912,15.7,2.971,1,0,0
19752,18.95,2.674,1,0,0
53168,23.91,2.753,1,0,0
737208,15.58,5.424,409,1,0
20832,16.92,2.765,1,0,0
2881592,30.86,3.363,439,1,0
15200,20.59,2.485,1,0,0
5120,58.77,2.399,1,0,0
462632,23.57,2.985,1,0,0
545280,25.2,3.084,1,0,0
27640,12.21,2.71,1,0,0
326144,21.75,2.876,1,0,0
4608,58.4,2.535,1,0,0
39320,12.49,2.948,1,0,0
9912360,22.28,5.014,138,1,0
15184,18.61,2.651,1,0,0
418816,25.97,2.854,1,0,0
40960,73.14,1.165,28,1,0
36352,30.05,2.769,1,0,0
71904,19.9,2.916,1,0,0
332359,18.18,4.481,374,0,0
755496,16.15,6.305,0,0,0
14848,27.2,2.669,1,0,0
51552,17.64,3.189,1,0,0
2323096,16.62,3.439,459,1,0
73512,20.6,2.932,1,0,0
8704,28.92,3.203,0,0,0
283376,18.59,4.148,0,0,0
20944,51.49,1.654,0,0,0
17704,20.49,2.663,1,0,0
16184,19.04,2.86,1,0,0
278368,15.84,5.337,111,1,0
17720,17.88,2.984,1,0,0
3072,54.2,2.998,0,0,0
15672,19.21,2.71,1,0,0
69632,47.5,2.918,0,0,0
53176,15.63,3.792,50,1,0
5120,52.83,2.603,1,0,0
995328,18.75,3.986,179,0,0
247072,14.26,5.72,0,0,0
1943992,17.27,4.922,611,1,0
27392,11.63,2.672,1,0,0
57752,43.65,3.677,0,0,0
514896,24.67,3.073,1,0,0
502864,17.2,5.394,144,3,0
102400,49.7,2.24,28,0,0
20704,14.87,2.537,1,0,0
10752,38.56,2.706,1,0,0
16656,19.09,2.662,1,0,0
82744,18.47,2.914,1,0,0
366120,12.18,5.091,82,1,0
332832,18.28,3.213,1,0,0
293816,14.48,5.102,185,1,0
43872,12.09,2.75,1,0,0
49152,77.5,1.458,33,0,0
22896,48.88,1.264,0,0,0
31016,19.63,2.699,1,0,0
30240,25.36,2.712,1,0,0
9216,38.48,2.85,1,0,0
489480,22.64,4.822,90,0,0
1012152,19.36,5.449,1337,1,0
26552,19.8,2.962,1,0,0
21928,19.0,2.667,1,0,0
143360,33.96,2.115,143,1,0
8192,45.84,2.553,1,0,0
158960,22.58,3.826,81,1,0
577536,20.13,3.204,225,1,0
720646,24.5,4.552,183,1,0
23904,28.77,2.486,14,0,0
1354752,27.98,3.022,1,0,0
12832,10.42,4.91,0,0,0
290656,21.15,3.136,1,0,0
330944,21.61,5.392,237,0,0
4290048,17.3,4.439,0,0,0
332176,23.91,3.106,1,0,0
18874184,15.56,4.019,146,2,0
545280,25.2,3.084,1,0,0
582584,14.3,5.287,843,1,0
67896,19.57,3.104,1,0,0
277432,14.25,5.059,167,1,0
9216,52.47,2.937,0,0,0
24576,54.22,2.902,0,0,0
30520,20.49,2.913,1,0,0
14256,16.31,2.266,1,0,0
155432,25.58,2.879,1,0,0
43832,14.36,2.943,1,0,0
15912,14.55,4.262,0,0,0
5120,59.32,2.392,1,0,0
37376,28.57,2.768,1,0,0
45880,18.3,2.9,1,0,0
19072,18.47,2.986,1,0,0
14648,17.01,2.891,1,0,0
21936,47.51,1.923,0,0,0
635392,21.03,2.897,1,0,0
535888,26.03,2.905,1,0,0
90112,38.84,2.403,76,1,0
89320,11.05,2.912,1,0,0
90112,35.84,2.359,96,1,0
1434352,17.08,5.687,0,0,0
41184,15.67,2.953,1,0,0
241664,21.19,3.644,194,2,0
3584,51.14,2.941,1,0,0
137656,17.89,4.786,128,1,0
86824,19.06,2.399,1,0,0
21952,16.48,2.895,1,0,0
400312,14.58,4.882,152,1,0
257024,51.34,3.163,0,0,0
4608,58.05,2.547,1,0,0
75056,49.99,2.259,61,0,0
267688,33.0,3.331,1,0,0
30088,19.48,2.89,1,0,0
465848,16.38,5.401,457,1,0
21344,19.13,2.765,1,0,0
270120,27.54,2.737,1,0,0
103392,27.06,4.396,0,0,0
323424,9.73,3.281,1,0,0
27648,27.09,2.833,1,0,0
147456,31.87,2.803,125,1,0
309336,24.46,3.765,97,0,0
21328,21.02,4.102,49,1,0
35944,21.46,3.296,34,1,0
120616,28.43,3.85,0,0,0
16280,18.24,2.871,1,0,0
12600,13.41,2.58,0,0,0
81464,19.88,3.373,188,1,0
45056,60.18,1.748,98,0,0
15360,52.38,2.718,0,0,0
99768,18.68,4.178,136,1,0
22200,16.07,2.608,1,0,0
63312,39.25,3.152,0,0,0
2870088,16.58,4.618,298,2,0
27088,44.19,2.294,0,0,0
114616,21.34,3.036,1,0,0
29696,34.34,2.738,1,0,0
11776,47.72,2.443,1,0,0
62304,25.18,2.621,1,0,0
483384,23.73,2.984,1,0,0
3656304,15.54,2.879,698,2,0
47328,15.0,2.812,1,0,0
32000,11.9,2.853,1,0,0
39208,23.85,2.572,1,0,0
18934104,4.86,5.833,184,1,0
90112,35.92,1.714,37,0,0
4608784,15.27,3.582,361,2,0
15712,17.56,2.683,1,0,0
17440,19.04,2.764,1,0,0
19280,18.53,2.911,1,0,0
25912,19.06,2.8,1,0,0
204040,22.79,4.763,314,1,0
172032,25.04,2.953,166,1,0
55736,14.96,3.866,54,1,0
430080,32.47,3.683,215,1,0
19648,13.15,3.673,0,0,0
396288,17.06,4.25,102,1,0
34928,11.6,2.907,1,0,0
211600,21.41,4.938,398,1,0
1609704,27.74,2.942,1,0,0
16208,18.11,2.806,1,0,0
27960,10.41,2.582,1,0,0
30520,21.19,2.886,1,0,0
18232,19.56,2.793,1,0,0
606472,16.17,4.216,125,1,0
24576,88.08,1.023,0,0,0
33064,20.73,2.958,1,0,0
26920,23.07,2.361,1,0,0
20792,17.46,2.648,1,0,0
29432,12.04,2.853,1,0,0
2560,61.95,2.867,0,0,0
14272,13.39,4.109,0,0,0
19752,20.42,2.832,1,0,0
49664,33.03,3.188,0,0,0
31896,9.49,2.816,1,0,0
14256,16.32,2.266,1,0,0
18192,18.76,2.697,1,0,0
19808,18.08,2.991,1,0,0
26976,19.48,2.801,1,0,0
506992,16.94,5.039,94,1,0
