Dosya_Adi,Boyut_Bayt,Sifir_Orani,Ortalama_Entropi,Toplam_API,Supheli_API,Etiket
ember_8f84ad02bb0a.exe,966534,5.66,4.053,2,0,1
ember_a7de4af2e7a1.exe,1000448,1.21,5.323,15,1,1
ember_ed99b82af9a3.exe,434176,18.01,5.254,63,1,1
ember_8d4844aec19d.exe,1053696,10.93,5.709,81,1,1
ember_afd9a65a3887.exe,1755332,54.5,6.208,49,1,1
ember_7c94cc962cd2.exe,342240,2.0,6.344,41,0,1
ember_15d65262c6af.exe,86016,10.93,4.741,42,0,1
ember_dda7fa81c536.exe,967304,5.66,4.053,2,0,1
ember_65f56fc3d616.exe,660992,1.65,5.324,15,1,1
ember_091e2d888a53.exe,126967,10.91,5.704,54,0,1
ember_a694a1e26f1e.exe,500224,20.26,4.64,127,2,1
ember_5a8a55ff2004.exe,36864,30.06,5.101,52,1,1
ember_848457ff3b1e.exe,965824,5.67,4.053,2,0,1
ember_9addcd2dc779.exe,2738593,1.85,2.99,90,0,1
ember_dfe003ba9111.exe,967004,5.66,4.053,2,0,1
ember_ed1cc24a6147.exe,359936,19.05,4.694,15,1,1
ember_18417593bb81.exe,1955448,1.74,5.304,213,1,1
ember_14ba8ef4ce69.exe,967614,5.66,4.053,2,0,1
ember_1794213c7ce0.exe,1353340,2.33,7.512,8,0,1
ember_9314c7017eb3.exe,29804,31.6,5.747,7,0,1
ember_76923792ddef.exe,2855936,2.2,6.194,75,1,1
ember_9fbb0fe50791.exe,264192,21.7,5.587,1,0,1
ember_2f4275ba7853.exe,208896,30.46,4.792,14,0,1
ember_6c27a2c0b697.exe,503808,10.29,6.601,102,1,1
ember_b08732df4810.exe,151552,22.14,5.414,33,0,1
ember_f386a255b5b5.exe,276992,37.92,4.648,87,1,1
ember_013600c6bbbd.exe,500224,20.26,4.64,127,2,1
ember_9f208d4fc780.exe,330752,19.43,5.069,50,1,1
ember_9c7d6a7fc8df.exe,436736,8.98,4.582,1,0,1
ember_bc7cd7e97b73.exe,5267459,64.24,2.926,13,0,1
ember_6b134c473f17.exe,239104,11.33,4.643,3,0,1
ember_57a44e52e1b6.exe,458752,19.59,5.384,156,1,1
ember_4a89bf7f05f5.exe,88576,2.59,4.878,1,0,1
ember_63df99058e8c.exe,139264,20.26,5.557,54,0,1
ember_01e97d0c224c.exe,139264,20.26,5.557,54,0,1
ember_8f2cc82f4147.exe,965924,5.67,4.053,2,0,1
ember_d6dc86b03a74.exe,237866,22.12,4.968,156,2,1
ember_baacf4115f50.exe,503808,10.29,6.601,102,1,1
ember_f2ffd161208a.exe,155648,18.89,6.131,104,0,1
ember_c2581339913e.exe,964394,5.68,4.053,2,0,1
ember_78c545e28e7a.exe,966334,5.66,4.053,2,0,1
ember_56a824fb0bc6.exe,964854,5.67,4.053,2,0,1
ember_6c88d83b44f9.exe,440320,17.69,5.472,135,1,1
ember_d33a79d709ec.exe,182272,47.78,3.93,96,5,1
ember_90894da101cb.exe,1339392,43.83,5.661,0,0,1
ember_dfadb721b211.exe,751949,9.21,4.055,55,0,1
ember_937adbbf2907.exe,155648,18.89,6.131,104,0,1
ember_3c22b243ac00.exe,343613,6.12,5.037,61,0,1
ember_786cf63bcc04.exe,965474,5.67,4.053,2,0,1
ember_3fb6e8b517cf.exe,500224,20.26,4.64,127,2,1
ember_dbc1c1b671e3.exe,343567,6.12,5.037,61,0,1
ember_3109120ce2b4.exe,994815,22.85,4.307,1,0,1
ember_d7e858dc937d.exe,1424384,0.52,5.081,3,1,1
ember_0ed1f6435829.exe,343563,6.03,5.037,61,0,1
ember_6fb5d90bcdaf.exe,707425,6.69,4.322,9,0,1
ember_f5d720799458.exe,126850,10.92,5.704,54,0,1
ember_a4a517c720af.exe,477248,8.48,4.496,128,1,1
ember_0100c0614ffd.exe,155648,18.89,6.131,104,0,1
ember_4560a7370cf3.exe,99328,8.17,7.984,3,0,1
ember_f20efdd868e9.exe,963874,5.68,4.053,2,0,1
ember_b62ef5c49561.exe,1392128,2.53,5.176,21,0,1
ember_4ae60d76b619.exe,965234,5.67,4.053,2,0,1
ember_f45f5a66cb5b.exe,1066124,26.72,4.291,1,0,1
ember_dadd23e10d28.exe,968374,5.65,4.053,2,0,1
ember_32adfa9e461a.exe,963314,5.68,4.053,2,0,1
ember_e3a969956ba1.exe,2038278,19.71,3.535,1,0,1
ember_f949fe0c68b1.exe,358400,19.12,4.707,15,1,1
ember_eaf80b2d28dd.exe,49664,4.15,5.997,6,0,1
ember_9e5c8b113463.exe,99328,1.72,7.987,3,0,1
ember_5e6fc08f2e2c.exe,967024,5.66,4.053,2,0,1
ember_a90d2aa8d485.exe,961734,5.69,4.053,2,0,1
ember_dc4726faeb7c.exe,126862,10.92,5.704,54,0,1
ember_526a3b2e0858.exe,1353274,2.21,7.544,8,0,1
ember_3056d0ddbe79.exe,500224,20.26,4.64,127,2,1
ember_3e65eccc86d1.exe,343622,6.08,5.037,61,0,1
ember_822616d71dd0.exe,864256,30.42,4.407,46,0,1
ember_bf0577f3a299.exe,8704,49.28,3.444,7,0,1
ember_a2c0851772b0.exe,141312,73.42,5.036,3,0,1
ember_728c5d685d26.exe,503808,10.28,6.601,102,1,1
ember_312f4c69ea46.exe,265635,5.02,5.633,157,0,1
ember_42ad25e4228a.exe,429056,16.55,4.126,11,0,1
ember_736e47c6e046.exe,3446784,68.19,4.214,69,2,1
ember_8a83bbd818b7.exe,447704,18.56,5.773,311,2,1
ember_d07304ef4393.exe,458240,10.02,4.022,1,0,1
ember_1c159588eef7.exe,967104,5.66,4.053,2,0,1
ember_6795a3a4fde3.exe,966864,5.66,4.053,2,0,1
ember_a940c311cdd7.exe,23784,15.07,1.625,0,0,1
ember_44887e709503.exe,207360,10.15,5.516,1,0,1
ember_2f5573cb29e2.exe,126868,10.92,5.704,54,0,1
ember_587f9b5f4d28.exe,16735,46.17,3.017,0,0,1
ember_4b2d557727af.exe,1089536,18.54,3.652,0,0,1
ember_cf9b20fd8b3e.exe,1614694,24.4,4.291,1,0,1
ember_1b1b31e1cbb2.exe,323584,16.22,5.08,35,0,1
ember_6b69678a1b1a.exe,2738637,1.85,2.99,90,0,1
ember_dc5bf2ae95a6.exe,964594,5.67,4.053,2,0,1
ember_9353e1c7bb31.exe,83196,20.72,4.055,55,0,1
ember_1963931d648f.exe,610816,1.85,5.319,15,1,1
ember_9ee22d2bffcb.exe,163840,33.33,5.378,39,0,1
ember_95f37832cc24.exe,5267459,84.39,2.541,13,0,1
ember_4e585592b15f.exe,970354,5.64,4.053,2,0,1
ember_4aa48cff581c.exe,540622,34.69,4.055,55,0,1
ember_0c922627c91d.exe,3584,74.33,3.276,8,0,1
ember_1efde2fac5c0.exe,965474,5.67,4.053,2,0,1
ember_7547d3520bc6.exe,555952,17.53,5.445,349,2,1
ember_f0f8671c1081.exe,409600,15.55,5.054,24,0,1
ember_bfa6d8b5d834.exe,1625407,23.88,5.525,1,0,1
ember_c930af79dd8c.exe,155648,18.89,6.131,104,0,1
ember_e618eb1d02cc.exe,391864,36.68,5.263,12,1,1
ember_a7099ef8637f.exe,964244,5.68,4.053,2,0,1
ember_0292160a03ee.exe,965344,5.67,4.053,2,0,1
ember_f96b4a55c74b.exe,842240,4.08,5.297,104,2,1
ember_a79815e4812c.exe,966034,5.67,4.053,2,0,1
ember_9b27dfbd7deb.exe,3584,64.79,3.076,1,0,1
ember_eb8079d1f03e.exe,4205568,73.92,3.874,57,2,1
ember_c3048b399e5c.exe,964604,5.67,4.053,2,0,1
ember_f63045b15031.exe,963464,5.68,4.053,2,0,1
ember_52a36b3a4400.exe,964594,5.67,4.053,2,0,1
ember_972c29a912da.exe,1549824,3.02,5.323,1,0,1
ember_14e6f83b658a.exe,139664,4.6,5.675,15,0,1
ember_dc6f1ef495d2.exe,343447,6.04,5.037,61,0,1
ember_6abe06e6e80f.exe,246109,3.76,5.634,91,1,1
ember_126f88076620.exe,135172,26.29,5.929,34,0,1
ember_552c82fa6dd0.exe,707584,32.1,5.116,236,2,1
ember_571a996cec14.exe,67072,6.68,4.385,6,0,1
ember_50b287194cdb.exe,1287232,9.92,7.013,162,1,1
ember_b60e45048192.exe,1250816,6.77,6.766,114,1,1
ember_958033d27381.exe,123392,18.58,4.251,11,0,1
ember_196332d002ff.exe,965684,5.67,4.053,2,0,1
ember_af1a2dabf2e9.exe,967094,5.66,4.053,2,0,1
ember_e0bd8be82ce5.exe,1339392,43.83,5.661,0,0,1
ember_b17019bc1442.exe,262144,17.2,4.828,57,1,1
ember_d35f19629f83.exe,61952,15.63,3.728,77,2,1
ember_a0eca20b6bcf.exe,970594,5.64,4.053,2,0,1
ember_80749e3977b7.exe,963864,5.68,4.053,2,0,1
ember_b188a3593b18.exe,1478918,25.73,3.317,71,0,1
ember_036f24a6c4e2.exe,45478,1.45,5.789,0,0,1
ember_757d9ed7d065.exe,233472,19.31,5.444,108,1,1
ember_b4790cfae15b.exe,2293248,72.71,4.292,69,1,1
ember_aeedb241a264.exe,89770,6.87,7.865,3,0,1
ember_ec7f6d8f5202.exe,155648,18.89,6.131,104,0,1
ember_ddb7859bd535.exe,559752,12.15,5.847,185,2,1
ember_8f0d585dd79e.exe,1250816,6.77,6.766,114,1,1
ember_0c089599fd81.exe,960704,5.7,4.053,2,0,1
ember_7da3f651d849.exe,237898,22.12,4.968,156,2,1
ember_3a9dd4be641f.exe,964894,5.67,4.053,2,0,1
ember_c3e1209e45f3.exe,451584,9.34,6.337,105,1,1
ember_e4bfed99b534.exe,217454,15.97,5.413,104,0,1
ember_67b61f2d2864.exe,177152,19.57,4.336,2,0,1
ember_4e0a0c11eb1e.exe,3584,74.33,3.278,8,0,1
ember_6cd1bf106035.exe,713728,31.92,5.104,238,2,1
ember_7bdb1a4c5096.exe,99328,1.33,7.986,3,0,1
ember_2086e99a125c.exe,638976,20.29,5.253,264,2,1
ember_ce2906fa2156.exe,2211832,2.98,3.637,1,0,1
ember_d1976aa64196.exe,1503744,37.41,5.602,82,1,1
ember_a1fa252129b9.exe,1606424,1.28,4.697,8,0,1
ember_119e576b434f.exe,1339392,43.83,5.661,0,0,1
ember_ca3fdf688ff8.exe,307238,4.27,6.918,14,0,1
ember_83b5fd974056.exe,1961472,2.0,4.984,69,1,1
ember_e520e2fd17ef.exe,2015570,18.76,3.865,209,1,1
ember_1350b69450c3.exe,126951,10.91,5.704,54,0,1
ember_c8f2b27b10ee.exe,967374,5.66,4.053,2,0,1
ember_68b455775b59.exe,3584,74.33,3.271,8,0,1
ember_022318408af8.exe,968584,5.65,4.053,2,0,1
ember_9e950efa5e14.exe,139264,20.26,5.557,54,0,1
ember_8f156390a8cd.exe,739328,19.64,5.63,88,2,1
ember_e69ee9e7ffd0.exe,964654,5.67,4.053,2,0,1
ember_b32b4361a147.exe,78336,20.44,4.058,1,0,1
ember_1aa3c1e48ca6.exe,413696,16.84,5.356,77,1,1
ember_3c253007a7e5.exe,1339392,43.83,5.662,0,0,1
ember_40856e1d8306.exe,965464,5.67,4.053,2,0,1
ember_e1f99fa776c2.exe,964974,5.67,4.053,2,0,1
ember_d3dfeb7c6339.exe,1339392,43.83,5.66,0,0,1
ember_7d5f10ea9ee1.exe,137967,14.85,5.465,213,1,1
ember_ae08950360e4.exe,964504,5.67,4.053,2,0,1
ember_21af3e3b786a.exe,430084,29.57,6.868,13,0,1
ember_2ab8ece3d5e7.exe,283656,1.92,5.503,4,0,1
ember_cf7fa90423c6.exe,736256,12.24,5.118,78,1,1
ember_ed5b6dc3914f.exe,122880,45.43,4.261,0,0,1
ember_1c21bd2e5e94.exe,970664,5.64,4.053,2,0,1
ember_26bc4e1407f6.exe,294247,3.32,5.251,38,0,1
ember_50c848604ff0.exe,1112711,27.13,4.291,1,0,1
ember_e2f178751ade.exe,351677,4.22,7.771,11,0,1
ember_765e75079c96.exe,18967622,0.78,4.462,7,0,1
ember_871a2d4cb23c.exe,232832,1.3,4.023,36,0,1
ember_9cd6d63c1e9f.exe,893404,17.25,5.042,362,1,1
ember_32043400e94d.exe,123392,18.6,4.25,11,0,1
ember_0fac1f7cc083.exe,343450,6.04,5.037,61,0,1
ember_285cfa2cd60f.exe,3584,74.33,3.269,8,0,1
ember_90fdfa635f45.exe,858395,13.04,5.158,474,4,1
ember_643afac12ebe.exe,88576,2.59,4.878,1,0,1
ember_f1451c8503c7.exe,963934,5.68,4.053,2,0,1
ember_052626c99387.exe,3584,74.33,3.274,8,0,1
ember_ad42d09d0681.exe,716896,20.05,4.502,1,0,1
ember_b6affa502fc5.exe,656896,1.82,4.704,25,0,1
ember_5d696b633ade.exe,238602,22.21,4.969,156,2,1
ember_6aef44c85cde.exe,43688,23.9,4.755,28,0,1
ember_aa2b17c7296d.exe,131200,20.92,6.117,25,0,1
ember_30ec1128a355.exe,364032,2.55,6.154,9,0,1
ember_52013ecf99dd.exe,1894400,26.89,6.161,69,1,1
ember_d17ff8ec3b75.exe,155648,18.89,6.131,104,0,1
ember_27eefa860a27.exe,965204,5.67,4.053,2,0,1
ember_cdd2dd618a97.exe,1041408,1.66,5.176,21,0,1
ember_8a9f6b416688.exe,409600,43.45,6.001,13,0,1
ember_dd99ce3c1bf1.exe,1544355,24.36,4.613,105,1,1
ember_53af94759e17.exe,964514,5.67,4.053,2,0,1
ember_d75f14a21501.exe,246093,3.76,5.634,91,1,1
ember_e1fd398e2a5e.exe,965114,5.67,4.053,2,0,1
ember_2ceec665c17c.exe,290816,16.81,5.139,34,0,1
ember_8f88b93b2f42.exe,1256819,21.65,3.865,209,1,1
ember_7fb515204533.exe,155648,18.89,6.131,104,0,1
ember_c80d5f24c4e1.exe,965324,5.67,4.053,2,0,1
ember_f9275490e0e5.exe,77312,73.44,3.581,4,0,1
ember_e462a23da43f.exe,152184,1.72,5.818,5,0,1
ember_acbd89c490d3.exe,139264,20.26,5.557,54,0,1
ember_2c707e703e98.exe,151980,16.93,4.901,43,1,1
ember_5e68c229ef13.exe,524288,7.39,5.243,83,1,1
ember_d071ff3f3e37.exe,139264,20.26,5.557,54,0,1
ember_31a2241fae51.exe,962414,5.69,4.053,2,0,1
ember_ac0dbc5e0174.exe,3584,74.33,3.277,8,0,1
ember_8a7f42f5771b.exe,965814,5.67,4.053,2,0,1
ember_31b97559d635.exe,966164,5.66,4.053,2,0,1
ember_1eaa020b01c3.exe,324469,29.73,4.301,1,0,1
ember_0ec9f701d97c.exe,373216,47.58,1.933,132,1,1
ember_797e3ec0d8c2.exe,4096,65.58,5.301,8,1,1
ember_9afa00cf8e2c.exe,489984,16.05,5.155,107,1,1
ember_2410fe6a1d79.exe,303104,40.43,3.746,111,2,1
ember_9db87c5cd75b.exe,155648,18.89,6.131,104,0,1
ember_b35c4595db72.exe,966054,5.67,4.053,2,0,1
ember_2ea02d609d19.exe,318848,12.51,4.684,12,0,1
ember_33d2e43c857b.exe,285832,3.41,5.297,160,0,1
ember_fe78c8881bdf.exe,561288,12.06,5.864,187,2,1
ember_e89c7cb31f3f.exe,3584,74.33,3.273,8,0,1
ember_c2285de3aca3.exe,139264,20.26,5.557,54,0,1
ember_82e5a8624562.exe,373120,49.79,3.382,386,1,1
ember_7bdbc1c73670.exe,965404,5.67,4.053,2,0,1
ember_1fb1d6b8d619.exe,160256,12.1,5.665,0,0,1
ember_594c5fec3b79.exe,41517,17.62,4.147,1,0,1
ember_2045197d2854.exe,88576,2.59,4.878,1,0,1
ember_cc95088d4a90.exe,962974,5.68,4.053,2,0,1
ember_f9d7cdff7a83.exe,109787,11.79,4.492,171,0,1
ember_770159d7953b.exe,253956,11.46,4.88,9,1,1
ember_e8d8d8297991.exe,3584,74.33,3.274,8,0,1
ember_856715725a21.exe,5267459,78.09,2.668,13,0,1
ember_8db3bfcbfc68.exe,25862,83.82,4.218,25,0,1
ember_8c9f7c2868a1.exe,966094,5.67,4.053,2,0,1
ember_0618f53dd25e.exe,443351,41.73,5.153,60,2,1
ember_4f0db0790ea5.exe,238002,22.13,4.968,156,2,1
ember_fc6469c2b5e1.exe,23092,27.7,4.242,80,1,1
ember_e39e6c11c73d.exe,79058,21.26,5.265,44,0,1
ember_9baf3fba3a76.exe,139264,20.26,5.557,54,0,1
ember_82e2d995e613.exe,491520,8.38,4.003,1,0,1
ember_6ba50ee9e295.exe,885248,2.77,4.511,1,0,1
ember_bccb265d7b56.exe,968214,5.65,4.053,2,0,1
ember_5fa22d3a3e9c.exe,965484,5.67,4.053,2,0,1
ember_529dc3cfe01b.exe,559856,12.14,5.847,185,2,1
ember_d07b3439d802.exe,1089536,20.11,3.988,24,0,1
ember_0f7a0a16dd07.exe,139264,20.26,5.557,54,0,1
ember_41c81c79a914.exe,1054208,10.97,5.707,82,1,1
ember_0c24a0694780.exe,503808,10.29,6.601,102,1,1
ember_a076b3684af1.exe,106496,18.99,4.425,61,0,1
ember_2d77b740e422.exe,967844,5.66,4.053,2,0,1
ember_df8665c012e1.exe,965134,5.67,4.053,2,0,1
ember_d1b29857283e.exe,67438,49.55,4.041,1,0,1
ember_e99c23f616d5.exe,299008,24.57,5.326,87,0,1
ember_22dbf6c3f899.exe,99328,21.24,7.987,3,0,1
ember_9e16249ce93e.exe,947124,5.18,5.309,138,1,1
ember_1dfbc599420a.exe,3049088,25.53,4.543,23,0,1
ember_ef7f816fb981.exe,964594,5.67,4.053,2,0,1
ember_b5c4a24cece7.exe,964564,5.67,4.053,2,0,1
ember_e1410f9f21e4.exe,99328,8.83,7.989,3,0,1
ember_eb9dafa6fb5c.exe,965224,5.67,4.053,2,0,1
ember_73c568ede916.exe,965534,5.67,4.053,2,0,1
ember_be03ca5f72ee.exe,1371608,24.95,4.164,437,2,1
ember_2d1c2a2fe061.exe,245965,3.77,5.634,91,1,1
ember_343792d68e7c.exe,141784,21.0,4.958,93,1,1
ember_9e7e9a8d5092.exe,966994,5.66,4.053,2,0,1
ember_ae6f9271326e.exe,163184,43.93,4.441,85,1,1
ember_0f767c81faa2.exe,303104,8.93,5.63,68,0,1
ember_e97cc0a82b66.exe,503808,10.28,6.601,102,1,1
ember_541711e53d78.exe,3584,74.33,3.274,8,0,1
ember_e00cd6e2a69a.exe,1077248,17.77,3.917,17,1,1
ember_234a36bbeb08.exe,965794,5.67,4.053,2,0,1
ember_b0b8a7473228.exe,452650,13.89,6.389,119,1,1
ember_47ff4c80fe51.exe,965324,5.67,4.053,2,0,1
ember_8c3f914ee32f.exe,970654,5.64,4.053,2,0,1
ember_1bce1ed47d7f.exe,155648,18.89,6.131,104,0,1
ember_c8b7da9bc626.exe,567480,22.8,3.583,60,0,1
ember_6a5e2ac6fbf7.exe,152128,1.72,5.818,5,0,1
ember_d0d2d899eb72.exe,446669,68.92,4.055,55,0,1
ember_de25f49d131b.exe,965954,5.67,4.053,2,0,1
ember_5cfd134c67b2.exe,458752,20.1,4.128,18,0,1
ember_6ddf82bd3369.exe,2058752,31.78,5.463,114,2,1
ember_97e9b5a0adf4.exe,163840,23.06,4.708,191,0,1
ember_5f0da2f13e61.exe,500224,20.26,4.64,127,2,1
ember_c5e26a52b957.exe,966064,5.67,4.053,2,0,1
ember_ddc03ee9a2bb.exe,139264,20.26,5.557,54,0,1
ember_f23e3ced94e3.exe,155648,18.89,6.131,104,0,1
ember_e949b1babfd3.exe,199168,1.43,5.127,15,1,1
ember_45816bef8c9d.exe,123392,1.05,7.725,0,0,1
ember_d439df82d2cb.exe,476779,2.0,2.28,60,1,1
ember_aa23807fcf64.exe,246173,3.76,5.634,91,1,1
ember_e160f69e3ed5.exe,965414,5.67,4.053,2,0,1
ember_042fdebb8c9c.exe,1053696,10.93,5.709,81,1,1
ember_3b62e9c1b5d5.exe,321540,29.24,4.606,1,0,1
ember_943274ff8433.exe,374272,18.4,4.701,15,1,1
ember_1d1cbfbff2b3.exe,968124,5.65,4.053,2,0,1
ember_a32c1fb1972b.exe,968064,5.65,4.053,2,0,1
ember_2f3f3f07f8cc.exe,462848,28.26,4.526,124,0,1
ember_1af5bd152254.exe,965274,5.67,4.053,2,0,1
ember_e1744dd7faba.exe,965864,5.67,4.053,2,0,1
ember_02b1cb8cde59.exe,968074,5.65,4.053,2,0,1
ember_717111429763.exe,225056,8.04,2.84,39,1,1
ember_0257fadd6cd9.exe,696320,21.24,5.335,374,1,1
ember_3d759f4ad7ed.exe,3584,74.33,3.276,8,0,1
ember_abaf5aae5744.exe,966734,5.66,4.053,2,0,1
ember_6d5ab884b9a9.exe,200720,9.76,4.118,11,0,1
ember_a7f123af0208.exe,5632,49.29,3.978,17,4,1
ember_27abc1785814.exe,99328,18.33,7.988,3,0,1
ember_7badd04cc8aa.exe,965984,5.67,4.053,2,0,1
ember_9ee86598cb90.exe,10636,54.88,4.537,25,0,1
ember_58443a60ecb0.exe,438272,12.93,4.457,54,0,1
ember_57b896031d1e.exe,139264,20.26,5.557,54,0,1
ember_f3824cc28de2.exe,131200,20.92,6.117,25,0,1
ember_785e23a0854f.exe,88576,2.59,4.878,1,0,1
ember_d19993be5b01.exe,963224,5.68,4.053,2,0,1
ember_a58411d01b5e.exe,970584,5.64,4.053,2,0,1
ember_d87f26de6c39.exe,965664,5.67,4.053,2,0,1
ember_48d180d14c4e.exe,215381,1.52,6.5,1,0,1
ember_81511098bc6f.exe,969044,5.65,4.053,2,0,1
ember_dd8d4289f0be.exe,514664,24.32,5.387,333,2,1
ember_7e5d0442361c.exe,1986436,0.75,5.627,5,0,1
ember_b06a05192f73.exe,888868,14.82,4.47,467,4,1
ember_43d5e37faddb.exe,965074,5.67,4.053,2,0,1
ember_400949f0492c.exe,139264,20.26,5.557,54,0,1
ember_69ebcaaad00f.exe,139264,20.26,5.557,54,0,1
ember_856022c48369.exe,2738620,1.89,2.99,90,0,1
ember_ac05a790408b.exe,964974,5.67,4.053,2,0,1
ember_5cae2b22b725.exe,79360,74.22,1.43,7,1,1
ember_3ca8d306d269.exe,964244,5.68,4.053,2,0,1
ember_ec76060e5424.exe,111656,7.28,4.916,9,0,1
ember_f6ccce2fed84.exe,3584,64.76,3.08,1,0,1
ember_4aa23ba771af.exe,961894,5.69,4.053,2,0,1
ember_a89d7bd7713b.exe,335303,5.7,5.435,112,2,1
ember_7e220ea4fc04.exe,965324,5.67,4.053,2,0,1
ember_089dc7d82a07.exe,124420,8.2,6.47,19,0,1
ember_a2b14ff4115d.exe,318848,12.51,4.684,12,0,1
ember_b2a0d88c2cd8.exe,962734,5.69,4.053,2,0,1
ember_b22ce9a7ec3c.exe,435712,17.51,5.035,108,1,1
ember_ee4a9afa4fb3.exe,901120,5.54,4.865,69,1,1
ember_8eb9cb4057aa.exe,208896,30.46,4.792,14,0,1
ember_f44e29d4e09b.exe,200176,17.8,7.683,2,0,1
ember_cb3fa0843379.exe,630024,3.08,6.446,10,0,1
ember_b3eafdd26486.exe,965314,5.67,4.053,2,0,1
ember_cf3a4b854679.exe,567192,23.46,4.173,60,0,1
ember_387a48dc9e07.exe,965704,5.67,4.053,2,0,1
ember_93cf2ff2f474.exe,155648,18.89,6.131,104,0,1
ember_677f480be05c.exe,1284200,87.19,5.263,45,1,1
ember_3629b2b16c59.exe,321725,11.57,1.082,0,0,1
ember_321805e539f7.exe,200772,19.74,4.475,98,0,1
ember_3cefcda97c68.exe,97280,14.76,4.739,67,1,1
ember_f961899dc5f6.exe,2133376,1.63,5.304,213,1,1
ember_ddc8f3e501fd.exe,983040,0.81,4.746,24,1,1
ember_e1a330edf0a5.exe,1053696,10.92,5.709,81,1,1
ember_cc2aec16080c.exe,151552,21.92,5.212,41,0,1
ember_9104e5f06e7f.exe,295936,19.04,5.017,146,1,1
ember_5b2af21c3e17.exe,963774,5.68,4.053,2,0,1
ember_4397ae1d7929.exe,966644,5.66,4.053,2,0,1
ember_193ec488075e.exe,3584,74.33,3.273,8,0,1
ember_d1c0960c621e.exe,251904,5.09,4.396,43,1,1
ember_06e0d78da385.exe,3584,74.33,3.273,8,0,1
ember_a69000a82f8b.exe,888868,14.82,4.47,467,4,1
ember_6b894fe7ec6e.exe,972064,5.63,4.053,2,0,1
ember_81358e7801d6.exe,1935360,22.55,5.264,536,2,1
ember_d0cc5b199367.exe,4418432,1.03,4.596,120,2,1
ember_3bf5027f1925.exe,964554,5.67,4.053,2,0,1
ember_b3242efeb79f.exe,965404,5.67,4.053,2,0,1
ember_e4ebc5beaabd.exe,71995,50.81,4.948,6,0,1
ember_091fe97a63e1.exe,139264,20.26,5.557,54,0,1
ember_499c087e10d1.exe,2025472,20.29,4.267,586,2,1
ember_4eec0c7f9c9b.exe,964514,5.67,4.053,2,0,1
ember_10f18b985538.exe,99840,39.29,5.009,8,0,1
ember_d0e29696538a.exe,1641165,17.19,4.649,303,2,1
ember_4d078eb205da.exe,343606,6.08,5.037,61,0,1
ember_5ed4cb8f4c86.exe,2061938,57.36,7.902,0,0,1
ember_f922eb8ec070.exe,991232,19.3,5.732,75,1,1
ember_293235575c94.exe,291328,16.67,3.782,1,0,1
ember_216e939d5458.exe,983040,0.83,3.645,24,1,1
ember_e0506256b92d.exe,841199,10.83,5.676,78,1,1
ember_954fd93adbbf.exe,184320,22.38,4.677,142,0,1
ember_4d0e0d6f4d89.exe,890880,1.15,4.512,21,0,1
ember_6ae3ee956ade.exe,343527,6.04,5.037,61,0,1
ember_68b05e51c7e8.exe,1897984,50.62,5.44,82,1,1
ember_5632305f4989.exe,3584,74.33,3.274,8,0,1
ember_aaa9f438ca76.exe,426262,19.97,3.889,140,0,1
ember_2c0cae28baa8.exe,1541218,93.58,3.955,0,0,1
ember_89c66528a92c.exe,963304,5.68,4.053,2,0,1
ember_c0c06dd2bd7c.exe,343579,6.08,5.037,61,0,1
ember_de223b29b8a8.exe,494080,3.63,4.754,1,0,1
ember_9c7f91ccf45d.exe,967774,5.66,4.053,2,0,1
ember_3d496c0faf5b.exe,1467971,11.17,1.099,0,0,1
ember_20b0c908ad4a.exe,964834,5.67,4.053,2,0,1
ember_b1465bed6231.exe,492032,20.69,5.615,418,2,1
ember_c050892aee20.exe,36864,29.64,4.831,63,1,1
ember_4947e0f4d4f9.exe,163840,5.17,5.88,96,2,1
ember_9ac64002c53f.exe,2293248,72.71,4.292,69,1,1
ember_716ea0bd5391.exe,2061938,61.36,7.884,0,0,1
ember_4efa6cdf614b.exe,527040,12.61,5.808,183,2,1
ember_eb3a5e01466d.exe,963754,5.68,4.053,2,0,1
ember_686e7cf407c9.exe,964794,5.67,4.053,2,0,1
ember_c312d01498cc.exe,139264,20.26,5.557,54,0,1
ember_ec975c7f7e9d.exe,878592,20.62,5.738,153,1,1
ember_8f85473ee96a.exe,356352,19.65,5.408,230,1,1
ember_a97e8be27c93.exe,155648,18.89,6.131,104,0,1
ember_0469793f59cd.exe,3584,74.33,3.272,8,0,1
ember_7546085309de.exe,139264,19.32,6.0,21,0,1
ember_010a72babd65.exe,966814,5.66,4.053,2,0,1
ember_8f383ccfabdc.exe,965414,5.67,4.053,2,0,1
ember_ad9f9c754bd2.exe,965234,5.67,4.053,2,0,1
ember_3008ad847625.exe,198164,1.58,7.423,11,1,1
ember_b79f38b835e2.exe,131200,20.92,6.117,25,0,1
ember_ea5c4b217f18.exe,968744,5.65,4.053,2,0,1
ember_74e3f8c5bb96.exe,967244,5.66,4.053,2,0,1
ember_29e2c8db3d94.exe,114176,2.51,6.891,5,0,1
ember_5fdada380fd1.exe,970794,5.64,4.053,2,0,1
ember_4953e100528f.exe,245941,3.77,5.634,91,1,1
ember_5a5654f69964.exe,968934,5.65,4.053,2,0,1
ember_501cfdfc09c3.exe,276992,37.92,4.648,87,1,1
ember_c7c6fc846547.exe,246117,3.76,5.634,91,1,1
ember_29d3b9ff15bd.exe,802605,22.56,4.314,1,0,1
ember_26b6804a8b9e.exe,155648,18.89,6.131,104,0,1
ember_0402dcb2238e.exe,1339392,43.83,5.657,0,0,1
ember_3d672b056d8c.exe,962954,5.68,4.053,2,0,1
ember_520005c954db.exe,755712,9.2,6.46,178,5,1
ember_0a6104cb5dbc.exe,670720,8.69,6.003,270,2,1
ember_87a0d8e9642a.exe,965084,5.67,4.053,2,0,1
ember_2d588be938b7.exe,1821888,12.0,6.63,274,0,1
ember_588e5e423d96.exe,1665296,14.56,4.573,55,0,1
ember_314b6206c37f.exe,964104,5.68,4.053,2,0,1
ember_a4b934f2c3de.exe,962934,5.68,4.053,2,0,1
ember_524b551b7e6c.exe,966614,5.66,4.053,2,0,1
ember_36486c8ce1e2.exe,342016,4.37,5.77,44,0,1
ember_a0ab3ae792f4.exe,260096,3.76,5.323,15,1,1
ember_246ad44f769a.exe,279048,2.27,4.926,2,0,1
ember_198cedc3764b.exe,151552,33.66,4.806,27,0,1
ember_24eb268db463.exe,664576,12.36,5.215,17,0,1
ember_012e68962d7c.exe,267318,10.57,3.384,83,0,1
ember_28ad4f204173.exe,961144,5.69,4.053,2,0,1
ember_575cca6f85f0.exe,343514,6.08,5.037,61,0,1
ember_950bd3540339.exe,155648,18.89,6.131,104,0,1
ember_86e4fc110d0f.exe,66561,1.86,7.984,3,0,1
ember_a6b40384751c.exe,965614,5.67,4.053,2,0,1
ember_5ec5331691fd.exe,966414,5.66,4.053,2,0,1
ember_218b723bfdff.exe,343570,6.03,5.037,61,0,1
ember_22ac1044c733.exe,4963328,64.87,4.699,115,2,1
ember_47152885abd1.exe,88576,2.59,4.878,1,0,1
ember_ea795b983f58.exe,444928,14.05,6.392,106,2,1
ember_c51bbdd2f139.exe,88576,2.59,4.878,1,0,1
ember_49afbb305553.exe,2738737,1.85,2.99,90,0,1
ember_3c5e727e3bec.exe,122880,56.13,4.162,0,0,1
ember_ff1b2d5c7994.exe,963924,5.68,4.053,2,0,1
ember_cf6f051d7053.exe,545528,37.77,4.564,109,1,1
ember_3e00879d7f0d.exe,1974581,22.25,3.996,44,1,1
ember_1c43722f4065.exe,964704,5.67,4.053,2,0,1
ember_3a0fa3bd2501.exe,296589,18.48,3.096,101,2,1
ember_ecdf2595e73f.exe,959488,0.84,3.551,10,0,1
ember_d194837af7f6.exe,968354,5.65,4.053,2,0,1
ember_f334567d570e.exe,76288,32.48,5.431,65,1,1
ember_65bf2cd8c104.exe,3584,74.33,3.277,8,0,1
ember_6e08f4f24fd9.exe,551424,3.79,4.492,1,0,1
ember_212123adadec.exe,107755,13.11,4.824,39,1,1
ember_dfd997d19d9e.exe,1250816,6.77,6.766,114,1,1
ember_e310dd0e3909.exe,197632,33.2,4.867,3,0,1
ember_f1f728c104a5.exe,126816,10.93,5.704,54,0,1
ember_e0baace761fa.exe,649144,67.28,2.026,1,0,1
ember_dbe62f7b7700.exe,343433,6.08,5.037,61,0,1
ember_8a57f70007d0.exe,2738694,1.85,2.99,90,0,1
ember_668f74cb2c5b.exe,131200,20.92,6.117,25,0,1
ember_142d20664007.exe,964924,5.67,4.053,2,0,1
ember_6fca78fa5595.exe,966594,5.66,4.053,2,0,1
ember_3c53be423aee.exe,88576,2.59,4.878,1,0,1
ember_d86088e60b33.exe,983040,0.8,3.646,24,1,1
ember_50186e15cc4b.exe,246061,3.77,5.634,91,1,1
ember_de644b3f36a6.exe,139264,20.26,5.557,54,0,1
ember_9c959de27593.exe,390516,13.79,4.621,119,0,1
ember_a8b3bd2a34cb.exe,177664,16.05,5.615,85,2,1
ember_0ac613425453.exe,963484,5.68,4.053,2,0,1
ember_4e7aa23d85a4.exe,570880,21.45,5.422,232,2,1
ember_8bbd9b1ba1b9.exe,707584,32.1,5.116,236,2,1
ember_6762602702b6.exe,4081664,80.64,4.712,79,1,1
ember_c6319262ebb7.exe,180685,13.46,5.089,75,1,1
ember_eedf14e2128e.exe,101376,64.11,3.352,56,1,1
ember_092c50eb5969.exe,966974,5.66,4.053,2,0,1
ember_5d34560e7e84.exe,139264,20.26,5.557,54,0,1
ember_0758cfbc0976.exe,1338542,48.62,6.163,47,1,1
ember_1c43d24cc784.exe,88576,2.59,4.878,1,0,1
ember_9b7333c337c4.exe,3584,74.33,3.274,8,0,1
ember_6e48cd442289.exe,569344,7.54,6.615,224,2,1
ember_455bb182aa61.exe,2738708,1.89,2.99,90,0,1
ember_033688a930da.exe,766976,10.69,5.569,75,1,1
ember_104543b9d74d.exe,967364,5.66,4.053,2,0,1
ember_952edd25bcce.exe,830456,8.8,4.899,44,1,1
ember_1a6a93fe9b50.exe,1339392,43.75,5.672,0,0,1
ember_86c6c1773ceb.exe,965554,5.67,4.053,2,0,1
ember_80a9eed46dce.exe,2369160,0.95,4.427,8,0,1
ember_8a93f98745f5.exe,782086,10.02,4.356,216,2,1
ember_8212b6fe5510.exe,500224,20.26,4.64,127,2,1
ember_744e7500b438.exe,893424,20.91,5.65,71,1,1
ember_97185d61a7f8.exe,7168,45.73,3.672,1,0,1
ember_9354e99509d7.exe,202752,18.48,6.214,52,1,1
ember_bc421054ae29.exe,707584,32.1,5.116,236,2,1
ember_ad4cbc9107e6.exe,525214,72.37,4.482,105,3,1
ember_515ef975496e.exe,3584,74.33,3.276,8,0,1
ember_064e53e01e3a.exe,967274,5.66,4.053,2,0,1
ember_940ad50a410e.exe,88576,2.59,4.878,1,0,1
ember_790a9aa8e426.exe,965544,5.67,4.053,2,0,1
ember_a352dfd10c88.exe,965944,5.67,4.053,2,0,1
ember_5c816ad15db4.exe,964684,5.67,4.053,2,0,1
ember_a7f1dfa2839d.exe,960564,5.7,4.053,2,0,1
ember_d4abcf72f275.exe,5756400,2.8,5.037,32,0,1
ember_45edcfb13254.exe,1210595,20.29,4.13,90,1,1
ember_21109f2f1a08.exe,2061938,1.39,7.893,0,0,1
ember_8b27ddcc59a2.exe,525329,72.36,4.482,105,3,1
ember_2d2c93646e60.exe,966414,5.66,4.053,2,0,1
ember_c70addb29518.exe,963034,5.68,4.053,2,0,1
ember_93ee1b3ab132.exe,126849,10.92,5.704,54,0,1
ember_156b1fd3af39.exe,336384,32.62,5.639,4,0,1
ember_ff9f420b9787.exe,276992,37.92,4.648,87,1,1
ember_f6130978d81e.exe,1053696,10.93,5.708,81,1,1
ember_340abb567329.exe,736256,12.24,5.111,78,1,1
ember_14916860b04b.exe,238800,33.35,4.573,55,0,1
ember_c735967c6d2c.exe,614400,5.14,6.433,78,1,1
ember_c4d4259b2a13.exe,1246104,0.75,0.0,0,0,1
ember_fe1bafb5e8c8.exe,500224,20.26,4.64,127,2,1
ember_568486a85d06.exe,2738601,1.85,2.99,90,0,1
ember_3fd7e371aadb.exe,964204,5.68,4.053,2,0,1
ember_d6cab5565052.exe,475170,1.98,7.973,10,0,1
ember_09144e692220.exe,5267459,65.82,2.901,13,0,1
ember_1f8cdd1e4ebd.exe,965534,5.67,4.053,2,0,1
ember_322cbfdf115d.exe,524288,7.36,5.533,83,1,1
ember_36c5ff857214.exe,965064,5.67,4.053,2,0,1
ember_0a42297a2479.exe,343433,6.04,5.037,61,0,1
ember_8c5f7d933777.exe,633544,28.24,5.195,328,1,1
ember_2e859655c358.exe,968944,5.65,4.053,2,0,1
ember_11df1b75b547.exe,15872,26.69,5.194,62,0,1
ember_8b9e1b00714d.exe,1327456,56.28,3.228,343,0,1
ember_263076157402.exe,966454,5.66,4.053,2,0,1
ember_da133e827f28.exe,131200,20.92,6.117,25,0,1
ember_970af5f4f743.exe,966074,5.67,4.053,2,0,1
ember_88d3051dff57.exe,965914,5.67,4.053,2,0,1
ember_0f8acd6fe97a.exe,962984,5.68,4.053,2,0,1
ember_ea5de5c14bd5.exe,99328,1.36,7.983,3,0,1
ember_e1bc5e8a1739.exe,575528,23.1,4.148,56,0,1
ember_422162f2951e.exe,888868,14.82,4.47,467,4,1
ember_216ca4c5ca8a.exe,1250816,6.77,6.766,114,1,1
ember_099b1c526028.exe,314000,12.24,4.735,48,1,1
ember_a5013954d809.exe,667488,18.0,4.964,1,0,1
ember_d4f4a845ce88.exe,246069,3.77,5.634,91,1,1
ember_37b7c329f7ab.exe,239516,16.11,5.362,54,0,1
ember_d94cdf5be7c1.exe,1032192,6.89,3.76,63,0,1
ember_65eaebeffdcb.exe,1485982,1.82,3.746,1,0,1
ember_855c31f086f0.exe,188416,22.6,4.907,63,1,1
ember_fabb28fd1f74.exe,965554,5.67,4.053,2,0,1
ember_a867494a3b7f.exe,1606424,1.28,4.697,8,0,1
ember_b2c8b8668b57.exe,12288,35.32,3.773,1,0,1
ember_97c16c2835e3.exe,343400,6.04,5.037,61,0,1
ember_0651500dcf53.exe,799844,9.79,4.607,118,2,1
ember_93e5e0ed8f52.exe,343633,6.08,5.037,61,0,1
ember_f87a465fe7f6.exe,5267459,80.39,2.624,13,0,1
ember_ab1999c5387e.exe,503808,10.28,6.601,102,1,1
ember_5db40daad555.exe,2061938,3.66,7.896,0,0,1
ember_982d2c03f245.exe,126880,10.92,5.704,54,0,1
ember_39d0df1a4c2e.exe,118784,13.69,5.623,68,1,1
ember_63587d7f6fbd.exe,1048576,39.56,3.607,60,0,1
ember_498407985951.exe,965684,5.67,4.053,2,0,1
ember_c2feebb5380a.exe,111616,30.88,4.089,1,0,1
ember_fb4c4584f5f2.exe,1692384,26.04,4.055,55,0,1
ember_160c9d36a542.exe,2651136,64.65,5.111,81,1,1
ember_17db4f6e1d84.exe,126952,10.91,5.704,54,0,1
ember_83c2af74b9ed.exe,308736,81.88,2.881,16,0,1
ember_7c9e0619a84a.exe,139264,20.26,5.557,54,0,1
ember_2a7d657d4d32.exe,736256,12.24,5.111,78,1,1
ember_96e18ef4b35b.exe,131200,20.92,6.117,25,0,1
ember_710289a56f1e.exe,460800,29.58,4.251,1,0,1
ember_c3c5928138f7.exe,139264,20.26,5.557,54,0,1
ember_dadc4c1ab0e4.exe,422352,5.79,4.821,63,1,1
ember_d78f47bd5035.exe,1053696,10.92,5.709,81,1,1
ember_a5597c9af2c0.exe,906753,2.82,4.568,2,0,1
ember_fd4c59fa2bb7.exe,3049088,25.53,4.543,23,0,1
ember_704a0f7ae0a2.exe,963994,5.68,4.053,2,0,1
ember_9e913fd73892.exe,525262,72.37,4.482,105,3,1
ember_68bbd4740213.exe,441348,13.99,5.463,1,0,1
ember_c9c247d459cc.exe,2962432,70.76,3.152,16,1,1
ember_8a1cfc445182.exe,268261,23.87,4.055,55,0,1
ember_e4f4e4b20419.exe,1250816,6.76,6.766,114,1,1
ember_84d728e17e69.exe,1019392,7.89,4.275,7,0,1
ember_a5abccee01ee.exe,968084,5.65,4.053,2,0,1
ember_937c805d41a8.exe,965054,5.67,4.053,2,0,1
ember_6bf2fbb82306.exe,318848,12.51,4.684,12,0,1
ember_71ea2baf9cd0.exe,193024,1.38,5.116,15,1,1
ember_77195a76eff1.exe,968014,5.65,4.053,2,0,1
ember_1cd3c4b4be21.exe,965634,5.67,4.053,2,0,1
ember_5fe5fab75cff.exe,964664,5.67,4.053,2,0,1
ember_843fd13a5f45.exe,343607,6.08,5.037,61,0,1
ember_35c83e01e108.exe,2061938,5.82,7.902,0,0,1
ember_848d2af3d375.exe,383887,1.78,3.873,63,0,1
ember_48e01051a0a3.exe,564736,21.76,5.926,331,2,1
ember_625fb2443a11.exe,34816,4.14,5.214,8,0,1
ember_ec00204fda23.exe,527032,12.61,5.808,183,2,1
ember_a7d21ec5f644.exe,8161280,60.37,3.673,59,2,1
ember_31b8dae7e8a8.exe,543968,12.32,5.84,179,2,1
ember_dd6f14609b91.exe,124928,4.82,4.736,23,0,1
ember_108bf1b1084c.exe,1053696,10.92,5.709,81,1,1
ember_584f0970f9f7.exe,965084,5.67,4.053,2,0,1
ember_67191b50b1c1.exe,598016,24.18,4.615,167,1,1
ember_64a84089ace2.exe,1097907,25.06,4.573,55,0,1
ember_b8db178472bf.exe,965494,5.67,4.053,2,0,1
ember_066d6f92bab6.exe,525149,72.38,4.482,105,3,1
ember_a9a718cd1cca.exe,2957669,19.24,5.762,606,1,1
ember_b616d0e791c9.exe,195584,1.51,5.106,15,1,1
ember_fe4a7eeefa17.exe,126899,10.92,5.704,54,0,1
ember_c14d506ae49b.exe,245925,3.77,5.634,91,1,1
ember_472c5aa6d33e.exe,962784,5.68,4.053,2,0,1
ember_a9129a3c7df0.exe,1683456,14.35,6.532,336,1,1
ember_f5f7cd35a911.exe,3584,74.33,3.274,8,0,1
ember_8966519d3a57.exe,5343744,34.77,5.011,59,2,1
ember_b0484d4fa9cd.exe,343501,6.04,5.037,61,0,1
ember_ab25a5cb2a72.exe,1089906,24.22,5.769,411,1,1
ember_cb9075a083e3.exe,138240,45.9,4.414,150,1,1
ember_36d56bd83397.exe,991232,19.3,5.732,75,1,1
ember_42857b5ee557.exe,965664,5.67,4.053,2,0,1
ember_605158fe81af.exe,207360,10.15,5.516,1,0,1
ember_78f45ae59727.exe,155648,18.89,6.131,104,0,1
ember_d97b643ab286.exe,155648,18.89,6.131,104,0,1
ember_382b24216d09.exe,133636,13.72,6.406,36,0,1
ember_b79b040b60a8.exe,964954,5.67,4.053,2,0,1
ember_73a523af93cb.exe,1741164,2.22,6.102,183,1,1
ember_9ef300193fe7.exe,967894,5.65,4.053,2,0,1
ember_0c9738dd37d8.exe,343453,6.04,5.037,61,0,1
ember_e2d672fc1b47.exe,992256,85.36,3.69,1,0,1
ember_f847cb6a78dc.exe,3620864,65.89,4.889,57,2,1
ember_6917a8b6d3d5.exe,966074,5.67,4.053,2,0,1
ember_053bcdda6a29.exe,122880,48.61,5.522,6,0,1
ember_1ad91f579ec7.exe,139264,20.26,5.557,54,0,1
ember_3b73000292e2.exe,966554,5.66,4.053,2,0,1
ember_c07d2f08edde.exe,965844,5.67,4.053,2,0,1
ember_6829d9d7f616.exe,215808,11.09,3.811,386,1,1
ember_b1430519ddb3.exe,525211,72.37,4.482,105,3,1
ember_846399ce8b2c.exe,114688,38.84,5.472,1,0,1
ember_e2f251ad3989.exe,88576,22.12,6.257,599,3,1
ember_9a64b166039d.exe,307203,88.39,3.705,102,1,1
ember_b0e8d8c53386.exe,966184,5.66,4.053,2,0,1
ember_e33874d83a37.exe,965804,5.67,4.053,2,0,1
ember_fcb3e4953b69.exe,525189,72.38,4.482,105,3,1
ember_8604153c7a08.exe,146385,5.86,5.185,158,0,1
ember_8f0d51d78cba.exe,1495040,19.93,4.279,1,0,1
ember_df99b82aea7d.exe,405504,16.05,5.041,24,0,1
ember_427da59e57b9.exe,3584,71.34,3.547,1,0,1
ember_a8aeae0ebb05.exe,963934,5.68,4.053,2,0,1
ember_aa9e0ec98731.exe,3584,74.33,3.273,8,0,1
ember_3e2350dcc70d.exe,196869,45.47,4.055,55,0,1
ember_858099bc4b7e.exe,964424,5.68,4.053,2,0,1
ember_af93f7a64a98.exe,495616,6.3,3.787,11,0,1
ember_855133f68f75.exe,559792,12.15,5.847,185,2,1
ember_9691d3a40d9c.exe,964804,5.67,4.053,2,0,1
ember_bd5f33a47c95.exe,544000,12.32,5.84,179,2,1
ember_2382607bb9b7.exe,966204,5.66,4.053,2,0,1
ember_066d48769dd6.exe,290806,4.63,5.669,157,0,1
ember_afb29e2655fb.exe,2461208,1.81,5.404,86,1,1
ember_0d1c46ce4dd7.exe,88576,2.59,4.878,1,0,1
ember_dad5a805f341.exe,343425,6.04,5.037,61,0,1
ember_07e06e026b6f.exe,967204,5.66,4.053,2,0,1
ember_c8b93eb84d9f.exe,525215,72.37,4.482,105,3,1
ember_1149e477521d.exe,343411,6.04,5.037,61,0,1
ember_2b911aea91a2.exe,964944,5.67,4.053,2,0,1
ember_84e9ebc10c4a.exe,967384,5.66,4.053,2,0,1
ember_1ecb2795651d.exe,961664,5.69,4.053,2,0,1
ember_c03694b93b32.exe,225742,25.59,4.998,106,1,1
ember_ee45a1727b61.exe,25740,36.47,1.469,0,0,1
ember_ee1e7cce03b0.exe,1054208,10.96,5.707,82,1,1
ember_e8f574f93261.exe,155648,18.89,6.131,104,0,1
ember_58232cf4381f.exe,967604,5.66,4.053,2,0,1
ember_5459ee5929fb.exe,225034,5.59,5.653,157,0,1
ember_ae9c067b15fd.exe,966454,5.66,4.053,2,0,1
ember_0707c381774c.exe,964034,5.68,4.053,2,0,1
ember_a420f8ad8998.exe,112128,6.0,6.483,64,0,1
ember_aaa20406f412.exe,123392,18.59,4.25,11,0,1
ember_e3a035bf5e4c.exe,444928,14.05,6.392,106,2,1
ember_771b513b4190.exe,1695248,15.29,5.262,297,2,1
ember_ad197b761a33.exe,313367,15.03,4.911,77,1,1
ember_86f73cd9cbb7.exe,298380,60.83,3.658,105,3,1
ember_ace2a76f262b.exe,471075,18.65,4.751,13,0,1
ember_edfa759614e9.exe,888868,14.82,4.47,467,4,1
ember_a2c27abd712d.exe,114688,17.68,5.452,72,2,1
ember_142bba9e4407.exe,736256,12.24,5.12,78,1,1
ember_13837e0f0d1f.exe,2530304,66.03,3.615,64,1,1
ember_882ca4ebd790.exe,965644,5.67,4.053,2,0,1
ember_b653ba29eede.exe,73495,42.04,4.055,55,0,1
ember_c723a68eb6f7.exe,342016,1.04,5.132,15,1,1
ember_0a77cccef65f.exe,983040,0.81,3.648,24,1,1
ember_abf67c07c13c.exe,736256,12.24,5.12,78,1,1
ember_86a9ff6b90a0.exe,14099456,0.41,6.985,9,0,1
ember_dd5158a5e5c4.exe,968114,5.65,4.053,2,0,1
ember_6fa5b7b40fa0.exe,98308,36.53,4.321,191,0,1
ember_9c8745afecad.exe,139264,20.26,5.557,54,0,1
ember_eee3e767de39.exe,88576,2.59,4.878,1,0,1
ember_4a1fcdc24436.exe,282872,4.83,5.295,154,0,1
ember_6db248072930.exe,965384,5.67,4.053,2,0,1
ember_f0ed021bbbde.exe,967174,5.66,4.053,2,0,1
ember_3e71e188e915.exe,600208,11.63,4.792,1,0,1
ember_9460084e05b4.exe,1829376,17.02,4.414,581,2,1
ember_72595ce2b3f8.exe,500224,20.26,4.64,127,2,1
ember_b9740e9e4922.exe,1606656,0.84,4.756,20,0,1
ember_cbea42e0e8da.exe,298334,60.84,3.658,105,3,1
ember_e2c24e70898b.exe,123392,18.63,4.249,11,0,1
ember_9c3e682b5ec4.exe,109056,21.63,5.413,73,1,1
ember_c26e1b62b04f.exe,965934,5.67,4.053,2,0,1
ember_9c4e6bc2072a.exe,964054,5.68,4.053,2,0,1
ember_c0a58389c829.exe,2105344,62.87,5.59,73,1,1
ember_e7573d37c1aa.exe,963684,5.68,4.053,2,0,1
ember_710c20232745.exe,593121,26.96,5.936,265,2,1
ember_fb16f9763cd1.exe,385024,22.9,5.008,60,2,1
ember_2fefcbf30b65.exe,355328,18.44,4.747,15,1,1
ember_ed35eefb1d31.exe,1535832,16.17,4.61,306,5,1
ember_4ff659ece6f7.exe,964934,5.67,4.053,2,0,1
ember_29591425f0a9.exe,88576,2.59,4.878,1,0,1
ember_8777414c185e.exe,139264,20.26,5.557,54,0,1
ember_dca4b7455626.exe,99328,14.03,7.985,3,0,1
ember_3bfa13875d4d.exe,963954,5.68,4.053,2,0,1
ember_c2f3c2edb73c.exe,962754,5.69,4.053,2,0,1
ember_1e68f9f7fc53.exe,230636,5.84,5.62,157,0,1
ember_220c763c9259.exe,3584,74.33,3.273,8,0,1
ember_6dab25fe7b9f.exe,968744,5.65,4.053,2,0,1
ember_518cdfd60586.exe,155648,18.12,5.431,52,0,1
ember_3cb09302a007.exe,323584,8.77,0.839,0,0,1
ember_ab749903bae8.exe,965634,5.67,4.053,2,0,1
ember_12fb5d1dc79e.exe,967244,5.66,4.053,2,0,1
ember_c652fcadc867.exe,964374,5.68,4.053,2,0,1
ember_17103d1301a8.exe,3584,74.33,3.274,8,0,1
ember_5a62cfe7dcca.exe,1319059,2.78,4.874,22,0,1
ember_b990b835cce2.exe,622592,6.16,5.851,94,1,1
ember_ac032fe0a008.exe,503808,10.28,6.601,102,1,1
ember_a2b6a4338fbd.exe,63815,19.98,4.491,171,0,1
ember_1c21f3bc1465.exe,965104,5.67,4.053,2,0,1
ember_88bc24b2de1b.exe,139264,20.26,5.557,54,0,1
ember_162d252f011f.exe,318848,12.51,4.684,12,0,1
ember_ce504d2ffaad.exe,245821,3.77,5.634,91,1,1
ember_27174fd80b00.exe,777131,2.35,6.535,17,0,1
ember_1f5c1719d2b9.exe,53248,36.22,3.154,21,1,1
ember_b7e83d27978b.exe,79124,45.78,4.323,3,0,1
ember_4e75f6ea9aa8.exe,204804,28.65,5.029,25,0,1
ember_f8a168f8181e.exe,343466,6.08,5.037,61,0,1
ember_332f455a328b.exe,78765,21.22,5.729,68,1,1
ember_e1c9652d4da0.exe,126977,10.91,5.704,54,0,1
ember_ad048c462337.exe,30046,31.75,5.747,7,0,1
ember_e871fdff1581.exe,983040,0.8,3.646,24,1,1
ember_3c402feffe3d.exe,303563,20.17,5.088,120,1,1
ember_ca8944567a3c.exe,1621554,17.15,5.283,16,0,1
ember_8c0101ccfa4b.exe,88576,2.59,4.878,1,0,1
ember_86b6f3922b2e.exe,131200,20.92,6.117,25,0,1
ember_11c42197266f.exe,179712,1.53,5.214,15,1,1
ember_267897318c6a.exe,965284,5.67,4.053,2,0,1
ember_d3f037914c06.exe,525215,72.37,4.482,105,3,1
ember_5016f6dedcfa.exe,126973,10.91,5.704,54,0,1
ember_f80301320a78.exe,179712,1.54,5.193,15,1,1
ember_e9ecf83b4662.exe,439808,20.56,5.625,68,1,1
ember_0d040d45f045.exe,576000,13.63,6.096,218,0,1
ember_1e6afb452caa.exe,1250816,6.76,6.766,114,1,1
ember_f6fae9899c0e.exe,5000712,0.69,7.187,14,0,1
ember_2d3745bdaf16.exe,966774,5.66,4.053,2,0,1
ember_f59b575580fb.exe,618496,5.13,3.787,11,0,1
ember_11fb7d36346b.exe,965494,5.67,4.053,2,0,1
ember_832f4644dd1c.exe,113416,33.89,3.989,14,0,1
ember_ae765621388e.exe,965114,5.67,4.053,2,0,1
ember_1f9fc51ad294.exe,1702912,0.49,7.181,0,0,1
ember_2d53c443eb60.exe,363367,71.46,4.512,56,1,1
ember_c9e293903426.exe,2061938,41.34,5.235,218,2,1
ember_d3e12909efc4.exe,371720,11.46,3.971,3,0,1
ember_8ece350cf6f9.exe,1468345,6.97,7.076,8,0,1
ember_25ee735dff86.exe,210944,13.6,5.55,191,5,1
ember_a354b0e4b5cd.exe,8519680,0.95,3.851,2,0,1
ember_b89dab90aab4.exe,559864,12.14,5.847,185,2,1
ember_34042ffb93f5.exe,370520,5.84,6.231,125,0,1
ember_90bbe5e93785.exe,967224,5.66,4.053,2,0,1
ember_7bdcdf1e0b72.exe,970124,5.64,4.053,2,0,1
ember_c2c21cf6facf.exe,3543040,67.42,4.947,73,2,1
ember_27e8e44e3775.exe,966834,5.66,4.053,2,0,1
ember_5d80f2399c71.exe,155648,18.89,6.131,104,0,1
ember_78152e7f03d1.exe,155648,18.89,6.131,104,0,1
ember_87325549bf79.exe,126967,10.93,5.703,54,0,1
ember_641c1eeff852.exe,2281472,13.41,6.246,78,0,1
ember_1593b86eaf58.exe,970304,5.64,4.053,2,0,1
ember_82d661e182ef.exe,1578855,4.22,6.294,16,0,1
ember_6974d4506c98.exe,3584,74.33,3.277,8,0,1
ember_823ca0bc47c7.exe,343577,6.08,5.037,61,0,1
ember_4d12acf81468.exe,544096,12.32,5.84,179,2,1
ember_23f0e5f35697.exe,966704,5.66,4.053,2,0,1
ember_b97b6fbda736.exe,122880,44.77,4.25,6,0,1
ember_c6bad7ad1cd0.exe,1353466,2.21,7.544,8,0,1
ember_d7401acbe933.exe,182022,20.98,4.537,272,1,1
ember_5a083c3e961d.exe,155648,18.89,6.131,104,0,1
ember_e958d3e660d9.exe,961304,5.69,4.053,2,0,1
ember_e543c280ef1f.exe,115712,1.36,7.979,3,0,1
ember_785a83d8e38d.exe,417547,26.1,4.055,55,0,1
ember_27f3384ffb49.exe,182022,20.98,4.537,272,1,1
ember_2f58aa75aebc.exe,963334,5.68,4.053,2,0,1
ember_361937b3dbb3.exe,966954,5.66,4.053,2,0,1
ember_c084a5694a3b.exe,245861,3.77,5.634,91,1,1
ember_b9fd1250d6c5.exe,525211,72.37,4.482,105,3,1
ember_c4f5cc62b7ff.exe,782086,10.02,4.356,216,2,1
ember_851ba0d43ac0.exe,139264,20.26,5.557,54,0,1
ember_ba0e66f1d9f6.exe,348160,28.22,5.132,84,0,1
ember_acc51dcfd81f.exe,126865,10.92,5.704,54,0,1
ember_4c2ecbb112ff.exe,961914,5.69,4.053,2,0,1
ember_f10bca3a961c.exe,838513,6.85,5.986,11,0,1
ember_f4eb8c6f567e.exe,155648,18.89,6.131,104,0,1
ember_d000fe7ada8a.exe,1397906,65.03,6.06,13,0,1
ember_e1a4206fd127.exe,966364,5.66,4.053,2,0,1
ember_ef2aef8cf39c.exe,965384,5.67,4.053,2,0,1
ember_f71252aa060f.exe,1034589,16.08,4.613,105,1,1
ember_fcebf38c82f1.exe,1339392,43.83,5.662,0,0,1
ember_d684a4945d1f.exe,1561382,27.49,3.691,0,0,1
ember_81deb8d7b5fd.exe,1433937,11.29,5.491,274,2,1
ember_6c0341eaca51.exe,123392,18.58,4.251,11,0,1
ember_c9b45799b278.exe,525221,72.37,4.482,105,3,1
ember_b620c769a2bd.exe,965824,5.67,4.053,2,0,1
ember_ff127c75d423.exe,343462,6.04,5.037,61,0,1
ember_ec9f6d3718f4.exe,1249280,16.9,5.707,524,2,1
ember_8b3d4891688b.exe,1297396,20.9,4.581,52,0,1
ember_ec9f0bd00dd5.exe,965184,5.67,4.053,2,0,1
ember_43b7ab3a6404.exe,971944,5.63,4.053,2,0,1
ember_4785739836d6.exe,965014,5.67,4.053,2,0,1
ember_d186f0c183c7.exe,39184,9.52,3.921,29,0,1
ember_ba3b3bd978d5.exe,2061938,8.63,7.896,0,0,1
ember_ab3a17da7616.exe,114176,9.97,6.341,3,0,1
ember_9384bde95aef.exe,966534,5.66,4.053,2,0,1
ember_f0deb2762bda.exe,966044,5.67,4.053,2,0,1
ember_7d48072b223e.exe,966594,5.66,4.053,2,0,1
ember_63841039c585.exe,1829888,27.03,6.056,65,1,1
ember_1f0f17ea1153.exe,217088,14.88,6.282,103,1,1
ember_48c0ff2ec7a3.exe,13078,4.98,7.964,2,0,1
ember_9c83b193b05e.exe,432713,8.72,4.055,55,0,1
ember_cea4f7450ec3.exe,112541,57.01,4.57,75,0,1
ember_bd53ccc7d6a6.exe,1456928,22.2,5.492,1,0,1
ember_dd1963414585.exe,442368,17.93,5.065,63,1,1
ember_a7fd69929966.exe,342016,31.16,5.335,172,0,1
ember_d3f044c86514.exe,103140,19.95,7.988,2,0,1
ember_f1a4e8639908.exe,1200640,11.31,4.34,129,2,1
ember_dcbba1b2f311.exe,965714,5.67,4.053,2,0,1
ember_184208a2c3e3.exe,207360,10.15,5.516,1,0,1
ember_1510f4e0074b.exe,346112,1.63,4.64,1,0,1
ember_3c3267be7832.exe,126909,10.92,5.704,54,0,1
ember_daf859e20964.exe,49664,28.04,4.11,3,0,1
ember_d062fcbd0eb8.exe,99328,10.15,7.986,3,0,1
ember_d448c69ea70b.exe,525250,72.37,4.482,105,3,1
ember_8282d886139e.exe,1302528,24.33,4.939,239,1,1
ember_e35132d069ca.exe,945152,40.52,5.029,151,1,1
ember_8bd5a0f3b015.exe,2651136,64.65,5.11,81,1,1
ember_5f4db0a0ef89.exe,966294,5.66,4.053,2,0,1
ember_3ea4ed8bef30.exe,525213,72.37,4.482,105,3,1
ember_49c118def8b2.exe,964574,5.67,4.053,2,0,1
ember_aafcf1a34c37.exe,1482752,17.47,5.16,541,2,1
ember_cd2f679d2a45.exe,109767,11.81,4.488,171,0,1
ember_55e3b11364e9.exe,444928,14.05,6.392,106,2,1
ember_047ac4337d1f.exe,968134,5.65,4.053,2,0,1
ember_11aced646763.exe,967464,5.66,4.053,2,0,1
ember_e981a820100a.exe,967094,5.66,4.053,2,0,1
ember_5d651e9fd86a.exe,214352,18.25,6.221,154,0,1
ember_6c521f19d3ab.exe,126800,10.93,5.704,54,0,1
ember_4503dc1b82de.exe,1420069,21.44,5.492,1,0,1
ember_ab2b5fbd0a02.exe,966544,5.66,4.053,2,0,1
ember_6a95ba9dda75.exe,738733,14.49,7.939,1,0,1
ember_0a16d94881a8.exe,525261,72.37,4.482,105,3,1
ember_aeccffaf21b1.exe,241664,29.63,5.237,4,0,1
ember_f3d3d7ea3437.exe,965194,5.67,4.053,2,0,1
ember_f4d6c424728b.exe,577536,6.37,6.765,107,1,1
ember_ac24bd52ae7e.exe,966584,5.66,4.053,2,0,1
ember_1312cb9ef003.exe,139264,20.26,5.557,54,0,1
ember_9ed10686bdd4.exe,965454,5.67,4.053,2,0,1
ember_9bc9939a0e71.exe,1250816,6.75,6.766,114,1,1
ember_deb4a1dafaaa.exe,425713,14.76,4.055,55,0,1
ember_be9e96f14006.exe,965454,5.67,4.053,2,0,1
ember_50db45fe008d.exe,715408,21.93,4.511,82,2,1
ember_7d472a51d0fd.exe,3584,74.33,3.274,8,0,1
ember_5fe7cdb3b9d6.exe,1956352,23.28,5.913,14,0,1
ember_25b158105c8d.exe,323072,21.62,5.096,80,2,1
ember_aad6a74872df.exe,188241,5.03,6.096,54,0,1
ember_e1e7ee4d46eb.exe,965684,5.67,4.053,2,0,1
ember_ff34b7035c01.exe,966424,5.66,4.053,2,0,1
ember_6152b6eb36e6.exe,67072,18.05,5.319,16,0,1
ember_0d8808b5c704.exe,965514,5.67,4.053,2,0,1
ember_cec80b4ef423.exe,131200,20.92,6.117,25,0,1
ember_b73e01b20901.exe,964194,5.68,4.053,2,0,1
ember_34498a43b6a0.exe,554904,22.37,4.195,58,0,1
ember_b6e3849d2baa.exe,139264,20.26,5.557,54,0,1
ember_6ec51918f0d3.exe,245965,3.77,5.634,91,1,1
ember_83982522e745.exe,965024,5.67,4.053,2,0,1
ember_0388eb6e1f0f.exe,965884,5.67,4.053,2,0,1
ember_ab3a335051e9.exe,431104,16.58,3.893,8,0,1
ember_b03bb36a99b7.exe,423936,2.06,6.656,7,0,1
ember_8981199d78b9.exe,276992,37.92,4.648,87,1,1
ember_d03cd2720205.exe,136710,7.5,5.544,11,0,1
ember_4db902118f3b.exe,195072,1.41,5.145,15,1,1
ember_ccf27524f7c3.exe,967224,5.66,4.053,2,0,1
ember_088c844f2ddb.exe,236036,23.42,4.663,14,0,1
ember_aad48c9eb8b9.exe,3584,74.33,3.276,8,0,1
ember_9f310461cef0.exe,965194,5.67,4.053,2,0,1
ember_9da7fb55cd25.exe,503808,10.28,6.601,102,1,1
ember_accc159b9646.exe,343404,6.08,5.037,61,0,1
ember_f2154f31bf02.exe,754568,3.78,4.407,1,0,1
ember_711fd911b3fa.exe,246061,3.77,5.634,91,1,1
ember_b76fb2763fb3.exe,131200,20.92,6.117,25,0,1
ember_f9e3fece0751.exe,34816,56.5,1.631,0,0,1
ember_7301346ad8fa.exe,173568,3.68,7.827,3,0,1
ember_32c713b40c63.exe,964274,5.68,4.053,2,0,1
ember_b32e5d437f6c.exe,276992,37.92,4.648,87,1,1
ember_cc013e8fa6c3.exe,127048,14.87,6.195,130,0,1
ember_8a7a8b187384.exe,964494,5.67,4.053,2,0,1
ember_a05830583d89.exe,966824,5.66,4.053,2,0,1
ember_87779e4f388d.exe,962234,5.69,4.053,2,0,1
ember_e5273ed241c4.exe,181555,13.96,4.665,71,1,1
ember_8a31b23048da.exe,459764,22.94,4.82,5,0,1
ember_45c6b98c9ebe.exe,1607168,3.68,6.858,75,1,1
ember_e73cd3039bd3.exe,352768,18.64,4.743,15,1,1
ember_08d5eb5c0b6b.exe,380928,22.78,5.01,60,2,1
ember_ada351bdd845.exe,22602,30.63,5.421,55,0,1
ember_48e7744011b0.exe,965154,5.67,4.053,2,0,1
ember_2330e1e4d8be.exe,559824,12.15,5.847,185,2,1
ember_2bd18c28733e.exe,1829888,27.02,6.056,65,1,1
ember_c8ad6edb883f.exe,1053696,10.93,5.709,81,1,1
ember_5abce7076ba9.exe,743828,5.51,5.309,138,1,1
ember_c0a11a357228.exe,1250816,6.77,6.766,114,1,1
ember_72eccda7b88b.exe,966154,5.67,4.053,2,0,1
ember_15c24b47e7b7.exe,126867,10.92,5.704,54,0,1
ember_eb57c1b6db78.exe,2738545,1.89,2.99,90,0,1
ember_29d29859c2fa.exe,343584,6.03,5.037,61,0,1
ember_ec13b19b5593.exe,527056,12.61,5.808,183,2,1
ember_ba9c1198aca7.exe,1223620,23.98,4.291,1,0,1
ember_1b5b0603e1f6.exe,113664,77.85,3.953,6,0,1
ember_9103e52f69c1.exe,525264,72.37,4.482,105,3,1
ember_4d838fac9063.exe,343409,6.04,5.037,61,0,1
ember_93925a9098e4.exe,343519,6.04,5.037,61,0,1
ember_3dee57a907aa.exe,222544,17.55,6.234,154,0,1
ember_e511efef9f1d.exe,131072,26.81,3.899,38,0,1
ember_1e0d7d79747f.exe,965004,5.67,4.053,2,0,1
ember_5bb9f09303b3.exe,967144,5.66,4.053,2,0,1
ember_d51a4ada38ad.exe,965474,5.67,4.053,2,0,1
ember_e9fcc7c4c925.exe,457728,16.2,4.292,46,1,1
ember_8b27e277bd08.exe,139776,41.72,4.448,11,0,1
ember_5cd6b559f6ca.exe,966794,5.66,4.053,2,0,1
ember_1deba4bc3a25.exe,1250816,6.77,6.766,114,1,1
ember_cb49408b9e38.exe,141312,35.46,4.69,67,1,1
ember_b34bea1cade7.exe,1070248,23.08,4.833,88,1,1
ember_1b42d7d18553.exe,277632,13.33,4.572,150,1,1
ember_271b991caf9f.exe,966534,5.66,4.053,2,0,1
ember_23a89d083d05.exe,248136,12.72,5.191,210,1,1
ember_ebd33952c488.exe,88576,2.59,4.878,1,0,1
ember_8ac43f2de6fb.exe,155648,18.89,6.131,104,0,1
ember_fe5a1ddca22c.exe,962594,5.69,4.053,2,0,1
ember_c589a8a5fb3e.exe,139264,20.26,5.557,54,0,1
ember_e1723077c0fa.exe,310784,3.17,5.257,1,0,1
ember_41fc754880b3.exe,645006,14.88,4.089,379,1,1
ember_0c7b2e2279ca.exe,210944,13.6,5.551,191,5,1
ember_5bc3385b0716.exe,369152,24.39,5.593,108,2,1
ember_923852d58c3b.exe,776040,13.39,5.644,227,1,1
ember_a85f0241f217.exe,216452,53.45,3.73,62,1,1
ember_b6e6dcf6d8bf.exe,966424,5.66,4.053,2,0,1
ember_709172893d94.exe,139264,20.26,5.557,54,0,1
ember_ed9b3817dc8a.exe,122880,19.87,4.842,44,0,1
ember_6760bf2c4aa4.exe,969904,5.64,4.053,2,0,1
ember_f94f0bb912aa.exe,724992,8.39,5.477,161,1,1
ember_cb77aba0a383.exe,559744,12.15,5.847,185,2,1
ember_55b1bbce7e70.exe,139264,20.26,5.557,54,0,1
ember_3a17d261c2ae.exe,444928,14.05,6.392,106,2,1
ember_41c71f8be9eb.exe,1572864,10.29,6.053,470,1,1
ember_19fba8e599be.exe,3584,74.33,3.273,8,0,1
ember_5f67f3558e0d.exe,524288,7.41,5.617,83,1,1
ember_f91ad3ffbe4b.exe,438678,7.45,5.029,171,1,1
ember_48b43804bae4.exe,983040,0.81,3.646,24,1,1
ember_5314e580bc5e.exe,966864,5.66,4.053,2,0,1
ember_28c91c91952a.exe,358912,9.0,3.766,11,0,1
ember_3b75a2ca5cf7.exe,637831,67.03,5.249,130,1,1
ember_2561354cb2da.exe,1223705,2.97,4.874,22,0,1
ember_5ce95af2c09b.exe,88576,2.59,4.878,1,0,1
ember_e87bbc7d787b.exe,966934,5.66,4.053,2,0,1
ember_29e1ad870f78.exe,436792,17.03,5.733,156,2,1
ember_37da4cf7ad51.exe,559920,12.14,5.847,185,2,1
ember_ce255d824984.exe,142848,15.72,4.559,80,1,1
ember_10d08c0d9e6a.exe,74752,1.69,7.988,2,0,1
ember_a7c8bb9d241f.exe,155648,18.89,6.131,104,0,1
ember_5b3c7aaeb9bc.exe,965244,5.67,4.053,2,0,1
ember_dbb96f00dd45.exe,377731,1.36,4.623,53,1,1
ember_32b57242cba6.exe,298970,22.98,3.795,18,0,1
ember_5a8013a622cc.exe,966674,5.66,4.053,2,0,1
ember_2cbb41d2b915.exe,964784,5.67,4.053,2,0,1
ember_42264e6dd4af.exe,139264,20.26,5.557,54,0,1
ember_f115be941adb.exe,964524,5.67,4.053,2,0,1
ember_6eaa87e0adcb.exe,397312,24.14,4.995,60,2,1
ember_fb82dac6ce1c.exe,152080,1.72,5.818,5,0,1
ember_bb57877f2d28.exe,1897424,2.8,4.578,135,2,1
ember_86055bb48d2b.exe,966964,5.66,4.053,2,0,1
ember_feaf492bb9f4.exe,527064,12.61,5.808,183,2,1
ember_2c1e65531e9b.exe,1339392,43.75,5.665,0,0,1
ember_e6e55721da92.exe,496164,13.9,4.491,60,1,1
ember_fabefcb68331.exe,246093,3.76,5.634,91,1,1
ember_9a918298d123.exe,66561,1.93,7.983,3,0,1
ember_abb560962c4b.exe,225792,1.36,5.126,15,1,1
ember_4cb8b643ca87.exe,1250816,6.76,6.766,114,1,1
ember_34a0f9f74018.exe,343523,6.04,5.037,61,0,1
ember_e07fba641625.exe,964864,5.67,4.053,2,0,1
ember_6ff9a891ebc8.exe,964604,5.67,4.053,2,0,1
ember_bddcb5766347.exe,543920,12.32,5.84,179,2,1
ember_b163bd8b8df5.exe,543936,12.32,5.84,179,2,1
ember_e9c83263495a.exe,3514368,1.6,6.646,114,1,1
ember_17ef6abf95b4.exe,3584,74.33,3.278,8,0,1
ember_015aac175860.exe,1665664,20.78,4.995,642,1,1
ember_79085a8b7b4c.exe,152040,1.72,5.818,5,0,1
ember_fa85643bbd26.exe,1250816,6.77,6.766,114,1,1
ember_19dac485f355.exe,475759,22.89,4.308,1,0,1
ember_8a2fbbf34fcc.exe,500224,20.26,4.64,127,2,1
ember_574598a60782.exe,967514,5.66,4.053,2,0,1
ember_11742dba78ee.exe,152192,1.72,5.818,5,0,1
ember_bd0d0197a3ed.exe,527619,12.71,4.055,55,0,1
ember_7da47fe7b3c6.exe,444928,14.05,6.392,106,2,1
ember_575f8f3c0085.exe,966624,5.66,4.053,2,0,1
ember_8fd0255e7031.exe,1598464,20.63,6.208,1522,1,1
ember_7878fa24559e.exe,963334,5.68,4.053,2,0,1
ember_b295dcd86cdf.exe,343602,6.08,5.037,61,0,1
ember_537b24efcc67.exe,966934,5.66,4.053,2,0,1
ember_dc706f35b991.exe,600016,30.16,4.331,131,0,1
ember_1fe11d4190e3.exe,962054,5.69,4.053,2,0,1
ember_017c514344e2.exe,559864,12.14,5.847,185,2,1
ember_bf892952137d.exe,964654,5.67,4.053,2,0,1
ember_2ce8ca186e2d.exe,1004173,4.01,5.81,206,2,1
ember_e6a5d0e6c68a.exe,962214,5.69,4.053,2,0,1
ember_60657e0cdb1e.exe,155648,18.89,6.131,104,0,1
ember_bffa28fe1345.exe,965324,5.67,4.053,2,0,1
ember_d479d28f51e2.exe,376832,20.71,5.09,300,1,1
ember_6a8fbd0a3191.exe,75776,81.91,3.124,67,1,1
ember_d37d2c9b6788.exe,1250816,6.76,6.766,114,1,1
ember_9e26abae6a91.exe,348160,16.68,5.515,176,3,1
ember_175caab66e6b.exe,139264,20.26,5.557,54,0,1
ember_e87d95148147.exe,966854,5.66,4.053,2,0,1
ember_2b5f7d84765c.exe,1048075,1.2,5.599,29,0,1
ember_9555d79eab19.exe,963894,5.68,4.053,2,0,1
ember_a3cb61252703.exe,197632,33.21,4.867,3,0,1
ember_d36749a90844.exe,543896,12.32,5.84,179,2,1
ember_91c95fcbb038.exe,964894,5.67,4.053,2,0,1
ember_49c0a9725141.exe,467979,5.07,5.908,42,0,1
ember_1c4cdeccd86c.exe,71680,23.55,4.875,120,1,1
ember_ce4d9b7546b7.exe,965644,5.67,4.053,2,0,1
ember_018d12091896.exe,591572,4.54,3.162,386,1,1
ember_e0980e70f23e.exe,41298,22.01,5.077,165,0,1
ember_86ffeddd5b22.exe,965574,5.67,4.053,2,0,1
ember_2b25247e434f.exe,2105344,62.87,5.59,73,1,1
ember_300995b92215.exe,430592,16.57,4.143,11,0,1
ember_6a1303a982f3.exe,233472,22.28,4.794,8,0,1
ember_3551ce539b40.exe,696775,9.11,5.549,88,1,1
ember_1e6eb6481f1a.exe,964374,5.68,4.053,2,0,1
ember_8019bde7f7bd.exe,965904,5.67,4.053,2,0,1
ember_363241c082b6.exe,139264,20.26,5.557,54,0,1
ember_c0294a718c8d.exe,25032,2.49,3.519,2,0,1
ember_0edccfae0cdb.exe,983552,0.9,4.662,29,1,1
ember_5584e91c2ad5.exe,964824,5.67,4.053,2,0,1
ember_ea1a1d0ba489.exe,602624,5.83,3.787,11,0,1
ember_6b87f76254de.exe,126935,10.92,5.704,54,0,1
ember_37a3913530e4.exe,343477,6.04,5.037,61,0,1
ember_b09ddcbd1c61.exe,571904,21.56,5.421,230,2,1
ember_aa35c1dc19fb.exe,965684,5.67,4.053,2,0,1
ember_9d4ef78ae17a.exe,970054,5.64,4.053,2,0,1
ember_2bf90e0d7ef3.exe,965544,5.67,4.053,2,0,1
ember_dec275d4f2be.exe,421888,13.66,4.394,12,0,1
ember_23f5028d1f2a.exe,964724,5.67,4.053,2,0,1
ember_88c5f981e0f8.exe,343511,6.08,5.037,61,0,1
ember_92126094379b.exe,967174,5.66,4.053,2,0,1
ember_9f72d0076670.exe,970694,5.64,4.053,2,0,1
ember_17ab378e779a.exe,525198,72.37,4.482,105,3,1
ember_2462e3181977.exe,963734,5.68,4.053,2,0,1
ember_dc2a8241b78c.exe,967574,5.66,4.053,2,0,1
ember_69cd9d8459c5.exe,1504593,73.82,3.98,55,0,1
ember_13f2941d4939.exe,1976832,46.01,5.938,2,0,1
ember_a0d0be6f5a8b.exe,527040,12.61,5.808,183,2,1
ember_9872f864aeaf.exe,965924,5.67,4.053,2,0,1
ember_36d068eb5b38.exe,967054,5.66,4.053,2,0,1
ember_bd357888badc.exe,244224,8.59,6.471,146,0,1
ember_7bf719132bc1.exe,967264,5.66,4.053,2,0,1
ember_1929973151e0.exe,971814,5.63,4.053,2,0,1
ember_39e4d4c9e4fb.exe,298463,60.81,3.658,105,3,1
ember_db04c89d578d.exe,366080,12.69,4.3,12,0,1
ember_cd0f32554325.exe,964894,5.67,4.053,2,0,1
ember_da4bce50af01.exe,2811904,0.71,4.263,14,0,1
ember_829a76c9ac5f.exe,267776,16.69,5.038,4,0,1
ember_8e6beed12f9c.exe,139264,20.26,5.557,54,0,1
ember_63fd5b2594f9.exe,147733,61.84,4.055,55,0,1
ember_eae5d938b9fd.exe,500224,20.26,4.64,127,2,1
ember_962224e4d1d4.exe,967214,5.66,4.053,2,0,1
ember_cdd06466bd3f.exe,278528,9.91,4.518,78,0,1
ember_44a9f27fe4ae.exe,246093,3.76,5.634,91,1,1
ember_6485940d82b7.exe,131200,20.92,6.117,25,0,1
ember_785a2633c610.exe,123392,18.62,4.25,11,0,1
ember_110d3d53f7b1.exe,63810,19.98,4.49,171,0,1
ember_16fcfd5291de.exe,126863,10.92,5.704,54,0,1
ember_52d250f4cfa5.exe,345088,25.2,4.578,1,0,1
ember_7ac761cabd06.exe,3723264,2.86,6.36,78,0,1
ember_a2b28cc8952c.exe,139264,20.26,5.557,54,0,1
ember_1fb5bdccd038.exe,54400,4.62,0.481,0,0,1
ember_5fbe2908f694.exe,965234,5.67,4.053,2,0,1
ember_eed2d0082f29.exe,500224,20.26,4.64,127,2,1
ember_00db0197126e.exe,736256,12.24,5.115,78,1,1
ember_2803cc7a8c9d.exe,503808,10.27,6.601,102,1,1
ember_26e94e087db7.exe,434176,14.96,3.711,12,0,1
ember_21d107fce55c.exe,559792,12.15,5.847,185,2,1
ember_96ca46d69146.exe,97962,6.37,7.873,3,0,1
ember_6e51693a6c87.exe,123392,18.58,4.251,11,0,1
ember_317670aa891e.exe,962744,5.69,4.053,2,0,1
ember_f7bdba0cf093.exe,503808,10.28,6.601,102,1,1
ember_9d4b1bcab395.exe,1400320,0.39,5.621,4,1,1
ember_d049cdbf91ff.exe,139264,20.26,5.557,54,0,1
ember_cb60c541300b.exe,966284,5.66,4.053,2,0,1
ember_620f024854b3.exe,136419,27.01,4.939,124,1,1
ember_c58d19ded319.exe,126641,5.04,6.714,101,1,1
ember_5181e62a497b.exe,965324,5.67,4.053,2,0,1
ember_4c686c89acb3.exe,967064,5.66,4.053,2,0,1
ember_5a3f86cf7695.exe,3326464,70.64,3.467,102,2,1
ember_ac5b7713c700.exe,861184,9.14,5.725,87,1,1
ember_5e1daae9805b.exe,1565069,19.12,6.052,313,1,1
ember_0cc08a151ca3.exe,965764,5.67,4.053,2,0,1
ember_3c5c2eeb65c0.exe,968354,5.65,4.053,2,0,1
ember_160b995997d7.exe,139264,20.26,5.557,54,0,1
ember_fc0dd1125bdb.exe,184320,17.54,4.538,107,1,1
ember_940fb0721847.exe,967234,5.66,4.053,2,0,1
ember_3b16d9b58b45.exe,444928,14.05,6.392,106,2,1
ember_561cf3353056.exe,967024,5.66,4.053,2,0,1
ember_dd81f35d42cd.exe,1673216,3.26,6.007,72,1,1
ember_3c47e165eee9.exe,679936,22.14,2.793,0,0,1
ember_fd73cc9d23ed.exe,2098176,58.91,3.67,66,1,1
ember_a9b8a57318a3.exe,405504,30.75,4.328,153,1,1
ember_c96f03a692cd.exe,964934,5.67,4.053,2,0,1
ember_64156db207f8.exe,54786,29.08,5.074,92,1,1
ember_edd3b03505cb.exe,964954,5.67,4.053,2,0,1
ember_d418eff192b4.exe,221696,24.38,5.096,105,3,1
ember_b44bdc4f2b2e.exe,962344,5.69,4.053,2,0,1
ember_97b206dabbff.exe,971274,5.64,4.053,2,0,1
ember_83dca20e1538.exe,73728,29.12,4.029,34,0,1
ember_2255579d7d60.exe,318848,12.51,4.684,12,0,1
ember_a0a4eab3ac2f.exe,964674,5.67,4.053,2,0,1
ember_9ffeb943d1cd.exe,197632,1.39,5.131,15,1,1
ember_781d8731bba7.exe,3584,74.33,3.274,8,0,1
ember_3b88838271e9.exe,570368,2.41,6.181,12,0,1
ember_70e427e75045.exe,814592,9.49,5.134,13,0,1
ember_ee4a253daf6a.exe,139264,20.26,5.557,54,0,1
ember_1a9c09a3ab08.exe,2293248,72.72,4.292,69,1,1
ember_9ac4ab1ce8d6.exe,959488,0.86,3.551,10,0,1
ember_1ba8301ae44d.exe,807945,1.7,1.48,0,0,1
ember_0cfd59c201da.exe,1896248,1.35,6.693,125,0,1
ember_bd74ccf7739d.exe,343607,6.12,5.037,61,0,1
ember_5badef714d10.exe,2293248,72.71,4.292,69,1,1
ember_a997a35f57b8.exe,34816,11.22,5.642,3,0,1
ember_0c08c0fabb3a.exe,226816,21.25,5.392,215,1,1
ember_7cecbd709a51.exe,1247232,13.75,5.533,469,4,1
ember_db0bfda9e00a.exe,135168,17.25,4.547,21,0,1
ember_5ef59eb5cf16.exe,245981,3.77,5.634,91,1,1
ember_b7448ed31820.exe,1339392,43.75,5.667,0,0,1
ember_c31e742444fa.exe,963064,5.68,4.053,2,0,1
ember_cb8af78042d6.exe,964764,5.67,4.053,2,0,1
ember_152ab9318e1f.exe,1075120,48.21,6.208,49,1,1
ember_a4585948db40.exe,965884,5.67,4.053,2,0,1
ember_ba05dccc76f8.exe,966314,5.66,4.053,2,0,1
ember_a418808f1883.exe,1504768,16.63,5.173,554,2,1
ember_869376538022.exe,964084,5.68,4.053,2,0,1
ember_f19d79f9958d.exe,261120,17.62,4.859,104,1,1
ember_ef3c9135b260.exe,660942,62.84,3.159,120,2,1
ember_6d4b5e31b62b.exe,180310,3.4,7.492,11,1,1
ember_b66e03fe9a73.exe,3620864,66.83,4.045,75,2,1
ember_e45b8915d704.exe,1053696,10.92,5.709,81,1,1
ember_812eb39741c3.exe,202752,27.11,4.702,334,3,1
ember_995abdd90fc4.exe,156672,34.44,3.855,35,0,1
ember_c9f2b8396ce7.exe,500224,20.26,4.64,127,2,1
ember_0f6dfa72bd62.exe,968024,5.65,4.053,2,0,1
ember_3ae931094543.exe,964712,37.6,3.757,62,0,1
ember_bb92b3e3dadf.exe,99328,11.34,7.989,3,0,1
ember_ce546197c5fe.exe,139264,20.26,5.557,54,0,1
ember_874080a4b770.exe,614400,28.72,5.385,677,0,1
ember_883bca16db78.exe,565248,48.27,4.051,7,0,1
ember_c91018bda14f.exe,2189824,60.46,3.497,47,1,1
ember_5a4814b828f9.exe,197632,33.21,4.867,3,0,1
ember_758a4d86b30e.exe,1006080,19.15,5.81,75,1,1
ember_d24e70a43836.exe,135168,17.01,4.813,11,0,1
ember_7ca999c038af.exe,145408,6.49,5.154,60,2,1
ember_deeffed71073.exe,489984,16.05,5.155,107,1,1
ember_d327f6ef3418.exe,2084264,0.89,5.945,151,0,1
ember_b69850eafcfd.exe,1250816,6.77,6.766,114,1,1
ember_22a2523b8fb2.exe,964204,5.68,4.053,2,0,1
ember_01d979d11944.exe,948736,23.58,3.766,418,1,1
ember_4476323d938f.exe,963154,5.68,4.053,2,0,1
ember_b7cbe9657a07.exe,966674,5.66,4.053,2,0,1
ember_ee15e986b1e0.exe,1055457,1.76,3.703,83,2,1
ember_ce665e76e10d.exe,5267459,58.19,3.035,13,0,1
ember_dff9369e9d00.exe,126874,10.92,5.704,54,0,1
ember_7902b9b6ee95.exe,440836,14.0,5.463,1,0,1
ember_f12bad605488.exe,965664,5.67,4.053,2,0,1
ember_2f6427d91e81.exe,736256,12.24,5.119,78,1,1
ember_11c3ce9065fd.exe,965244,5.67,4.053,2,0,1
ember_51a6aa104442.exe,84480,15.77,7.283,0,0,1
ember_9d3de1aac853.exe,172032,22.1,4.72,191,0,1
ember_c67d288498a4.exe,962694,5.69,4.053,2,0,1
ember_d975f1705582.exe,965874,5.67,4.053,2,0,1
ember_50fcd1b88d32.exe,278976,16.84,4.841,240,1,1
ember_70af140fe46d.exe,443820,3.95,4.778,127,2,1
ember_efd650ad8d99.exe,196608,20.11,3.207,123,0,1
ember_53130e40eb75.exe,3584,74.33,3.274,8,0,1
ember_8b4b7d46d3f0.exe,208896,30.46,4.792,14,0,1
ember_0047bf17d2b3.exe,767916,2.86,3.358,1,0,1
ember_d63058a47ae4.exe,965614,5.67,4.053,2,0,1
ember_d04d8dfd8434.exe,1319424,35.93,5.355,7,0,1
ember_2a5d1e1b27d8.exe,965784,5.67,4.053,2,0,1
ember_d5dfe329a2e2.exe,965564,5.67,4.053,2,0,1
ember_bccfb9801613.exe,105472,7.39,5.155,91,1,1
ember_8084df37490e.exe,131200,20.92,6.117,25,0,1
ember_e87d0b2f8a3d.exe,725101,25.07,5.18,135,2,1
ember_96af0ce2da91.exe,343379,6.04,5.037,61,0,1
ember_32735d17ff72.exe,965764,5.67,4.053,2,0,1
ember_21737eca774d.exe,2105344,62.87,5.59,73,1,1
ember_e446ebd68ea1.exe,1777152,21.7,5.316,431,2,1
ember_8394de2db585.exe,1009664,2.24,4.433,1,0,1
ember_8cdaf93a6886.exe,669696,12.19,4.578,1,0,1
ember_1ddfbc2a271a.exe,2058752,31.78,5.463,114,2,1
ember_0765e2e22e64.exe,5267459,30.4,3.46,13,0,1
ember_7ff7aa1eff2f.exe,967884,5.65,4.053,2,0,1
ember_52a43b865a8a.exe,139264,20.26,5.557,54,0,1
ember_c802a941f548.exe,869459,39.28,4.055,55,0,1
ember_c199c60ee9eb.exe,733718,18.93,5.508,231,2,1
ember_1ba4c5cce5da.exe,113229,20.58,4.055,55,0,1
ember_ac46cb00e47c.exe,888868,14.82,4.47,467,4,1
ember_0f7eaf951d39.exe,5267459,92.21,2.369,13,0,1
ember_79e4c7909c03.exe,103140,6.8,7.988,2,0,1
ember_34fd7579fc7d.exe,965294,5.67,4.053,2,0,1
ember_787191c0ae93.exe,2681344,48.86,5.234,72,1,1
ember_b6755e3e3e07.exe,500224,20.26,4.64,127,2,1
ember_2a198c7afbbf.exe,279331,6.06,6.736,164,1,1
ember_b1a19b836f45.exe,965504,5.67,4.053,2,0,1
ember_465d3ffc5b99.exe,964664,5.67,4.053,2,0,1
ember_a0b7ae4182a7.exe,276992,37.92,4.648,87,1,1
ember_788cd8201712.exe,246061,3.77,5.634,91,1,1
ember_b6a66d9f4c0e.exe,228467,10.75,4.21,4,1,1
ember_18f17fbe3c84.exe,343409,6.08,5.037,61,0,1
ember_c07db02b3705.exe,965644,5.67,4.053,2,0,1
ember_d39ac5d35bf4.exe,965884,5.67,4.053,2,0,1
ember_0ac0c793d77a.exe,1053696,10.92,5.709,81,1,1
ember_3ee54d13c97d.exe,888868,14.82,4.47,467,4,1
ember_10b9863f5c59.exe,962114,5.69,4.053,2,0,1
ember_0bada6cba85d.exe,967174,5.66,4.053,2,0,1
ember_b5b5caebf20b.exe,962164,5.69,4.053,2,0,1
ember_b308a2908e8e.exe,315904,2.06,6.472,21,0,1
ember_4c0afad629be.exe,1562624,49.01,5.11,73,1,1
ember_b7598e2bb394.exe,1271808,3.13,5.973,70,1,1
ember_3f4d50f70aa7.exe,131074,17.7,5.078,44,0,1
ember_77d67e2f54f7.exe,179712,1.54,5.214,15,1,1
ember_ff0907495266.exe,970904,5.64,4.053,2,0,1
ember_0b05e8d9e2a4.exe,966994,5.66,4.053,2,0,1
ember_8d09fc3ed3ac.exe,965404,5.67,4.053,2,0,1
ember_8597627fdbae.exe,966524,5.66,4.053,2,0,1
ember_6a83ae37d424.exe,1745408,0.84,5.345,15,1,1
ember_e77db7aed529.exe,503808,10.28,6.601,102,1,1
ember_dfd6f0fee0eb.exe,1250816,6.77,6.766,114,1,1
ember_030f20f33837.exe,860643,71.26,5.26,129,1,1
ember_36d5eb15ff8d.exe,964184,5.68,4.053,2,0,1
ember_60ad1a78f92e.exe,966334,5.66,4.053,2,0,1
ember_a385020f9405.exe,336896,9.03,3.767,11,0,1
ember_04bfaaff9440.exe,197632,33.22,4.867,3,0,1
ember_fe7c19e90a50.exe,736256,12.24,5.125,78,1,1
ember_f4d6437e391f.exe,252752,10.08,6.73,202,2,1
ember_4a4ea1f40f65.exe,164821,31.92,4.763,35,0,1
ember_6578e18f9a7a.exe,399872,7.16,5.924,112,2,1
ember_faee1adec218.exe,2769920,69.07,2.855,68,2,1
ember_fa49099619a5.exe,4288512,68.39,4.78,113,2,1
ember_debef7d7cd46.exe,122880,23.03,4.67,89,0,1
ember_dcfb3e4524e8.exe,1684992,36.85,5.116,65,1,1
ember_a3df18b93bde.exe,95744,13.59,4.986,1,0,1
ember_76529e4aa6fe.exe,965394,5.67,4.053,2,0,1
ember_b56766f26e50.exe,483328,2.91,6.295,27,0,1
ember_0cb660b6af1b.exe,1073029,19.0,4.826,80,1,1
ember_3b536ff8618a.exe,1061888,37.53,4.864,3,0,1
ember_3e8f2da11276.exe,856064,20.91,4.145,283,0,1
ember_6f143e67dd5a.exe,139264,20.26,5.557,54,0,1
ember_90141fd3147f.exe,208896,30.46,4.792,14,0,1
ember_05daf022d76d.exe,237930,22.12,4.968,156,2,1
ember_c4957a0d1a5e.exe,963804,5.68,4.053,2,0,1
ember_0d15f43d8142.exe,507904,13.03,4.333,7,0,1
ember_6dd069f15bc9.exe,320000,14.99,4.985,95,1,1
ember_2be16d6bce53.exe,964414,5.68,4.053,2,0,1
ember_3be924ba8502.exe,965104,5.67,4.053,2,0,1
ember_4f7fcd1929fe.exe,131200,20.92,6.117,25,0,1
ember_381ec83d7e55.exe,965924,5.67,4.053,2,0,1
ember_499fee51ce04.exe,234496,4.29,5.304,15,1,1
ember_948d348969f0.exe,967154,5.66,4.053,2,0,1
ember_011e8177de81.exe,245885,3.77,5.634,91,1,1
ember_d186e8d96934.exe,488318,32.16,4.055,55,0,1
ember_33c113286ebe.exe,560431,29.53,4.871,8,0,1
ember_54a214386eba.exe,343437,6.04,5.037,61,0,1
ember_f996b29966a6.exe,545211,2.18,5.704,168,1,1
ember_824f65376df8.exe,962224,5.69,4.053,2,0,1
ember_0f4555f3026f.exe,4418432,1.03,4.596,120,2,1
ember_1c8b81e838c3.exe,115200,14.11,5.552,10,0,1
ember_0ba08424e883.exe,643072,14.54,4.534,20,0,1
ember_a575506a381b.exe,68096,30.68,2.403,3,0,1
ember_078bcd7b0973.exe,181248,38.7,4.414,85,2,1
ember_d3ad80959fdd.exe,667648,9.56,2.453,16,0,1
ember_ce594f836f70.exe,139264,20.26,5.557,54,0,1
ember_9a5e13a0b983.exe,1069056,23.36,4.856,91,1,1
ember_5f5812ce75c5.exe,208896,30.46,4.792,14,0,1
ember_bea8dd73f56b.exe,426518,15.95,5.769,313,2,1
ember_12302751d49f.exe,528384,6.2,6.657,107,1,1
ember_f38b625c05ba.exe,444928,15.59,6.046,213,2,1
ember_2a39575cf6ca.exe,1676800,3.25,6.064,72,1,1
ember_0df623b93868.exe,525323,72.36,4.482,105,3,1
ember_91fb076396f7.exe,126929,10.92,5.704,54,0,1
ember_cf13309c3dc8.exe,163328,35.68,2.902,1,0,1
ember_5c3d23f5e36d.exe,964814,5.67,4.053,2,0,1
ember_56d3badada37.exe,1154275,49.32,6.208,49,1,1
ember_b6fac661f436.exe,327446,40.66,4.419,177,0,1
ember_e312f5d23709.exe,525242,72.37,4.482,105,3,1
ember_11cb1d48b89b.exe,110596,22.08,4.46,78,0,1
ember_d668aeab451a.exe,559848,12.15,5.847,185,2,1
ember_85a40ed60d70.exe,245760,13.67,4.77,44,0,1
ember_ed0e60bd0e4c.exe,246061,3.77,5.634,91,1,1
ember_0c4b195f6a6b.exe,500224,20.26,4.64,127,2,1
ember_75c91c06c3c1.exe,965724,5.67,4.053,2,0,1
ember_c03dfc38e728.exe,139264,20.26,5.557,54,0,1
ember_80ab386e2db6.exe,46080,16.64,5.222,0,0,1
ember_bf9281c2a601.exe,246069,3.77,5.634,91,1,1
ember_6a615dda30ba.exe,155648,18.89,6.131,104,0,1
ember_bd9f61d90d89.exe,167936,12.43,5.852,93,1,1
ember_bc30a2f68f6c.exe,514188,1.95,5.185,158,0,1
ember_391ed61a3f1c.exe,343627,6.08,5.037,61,0,1
ember_e6a3dd3af5e6.exe,957440,10.56,4.134,120,2,1
ember_38d5137f8582.exe,966264,5.66,4.053,2,0,1
ember_a7a7aa8ba302.exe,77312,93.35,0.403,7,1,1
ember_74c34c9491a0.exe,139264,20.26,5.557,54,0,1
ember_5d710c8327f5.exe,1882112,2.91,5.323,1,0,1
ember_d74dc9ae7426.exe,567048,11.69,5.864,188,2,1
ember_c4a67817ecc6.exe,942592,18.91,5.589,74,1,1
ember_be7702f65fc2.exe,395264,8.05,4.599,1,0,1
ember_91a36d5f78e7.exe,964974,5.67,4.053,2,0,1
ember_ba61d06b092d.exe,131200,20.92,6.117,25,0,1
ember_1b497c2f4ce4.exe,966694,5.66,4.053,2,0,1
ember_9d8c5488f1ff.exe,965074,5.67,4.053,2,0,1
ember_1831b751628b.exe,965544,5.67,4.053,2,0,1
ember_8bc73d29f06f.exe,1250816,6.76,6.766,114,1,1
ember_d52052fccc6c.exe,1602560,2.37,4.985,68,1,1
ember_18c5414704af.exe,964674,5.67,4.053,2,0,1
ember_55e21553388c.exe,197632,33.21,4.866,3,0,1
ember_d084256be822.exe,23712,38.22,1.737,0,0,1
ember_b785f00e3634.exe,139264,20.26,5.557,54,0,1
ember_d1dcaeebbadf.exe,713568,16.8,2.333,128,0,1
ember_5380114ee56c.exe,5267459,70.82,2.803,13,0,1
ember_337836e529cc.exe,343541,6.04,5.037,61,0,1
ember_78e21f3b7c18.exe,238434,22.19,4.969,156,2,1
ember_e5a91d98f6df.exe,724992,8.4,5.801,161,1,1
ember_a15bcdc1971f.exe,736256,12.24,5.118,78,1,1
ember_167e34424b31.exe,7680,50.56,3.664,4,0,1
ember_3d1fcefc8fa9.exe,655360,7.35,3.711,38,0,1
ember_7311ff99ed82.exe,43008,5.98,6.633,6,0,1
ember_d6408a7eea85.exe,965994,5.67,4.053,2,0,1
ember_3f2708bd3fd7.exe,971254,5.64,4.053,2,0,1
ember_1826a9142227.exe,965114,5.67,4.053,2,0,1
ember_1eb7724c8179.exe,583680,6.02,3.787,11,0,1
ember_afc08e997643.exe,126992,10.91,5.704,54,0,1
ember_750f722a1800.exe,3424768,68.32,3.327,70,2,1
ember_ddcda27a4290.exe,503808,10.29,6.601,102,1,1
ember_ec4cd6367c87.exe,581632,6.61,6.328,74,1,1
ember_51fc094c0044.exe,964714,5.67,4.053,2,0,1
ember_6f36c60e4042.exe,213521,38.04,4.055,55,0,1
ember_705df159e17c.exe,172552,3.34,4.951,3,0,1
ember_3ff06c39edc6.exe,1489408,3.44,3.787,11,0,1
ember_601e94cca4b4.exe,747510,5.48,5.309,138,1,1
ember_790b5a987da1.exe,139264,19.91,4.965,10,0,1
ember_bcb8f60ffdd0.exe,139264,20.26,5.557,54,0,1
ember_551e96f94b47.exe,155648,18.89,6.131,104,0,1
ember_558dcdc0fca8.exe,525252,72.37,4.482,105,3,1
ember_0dba4dc5e569.exe,139264,20.26,5.557,54,0,1
ember_ec1dcf39b8c3.exe,1277943,1.38,5.068,8,0,1
ember_aa83d2c3aa9c.exe,968434,5.65,4.053,2,0,1
ember_ddb8764bc9e8.exe,559800,12.15,5.847,185,2,1
ember_1c8e99713b0b.exe,136198,21.53,4.065,7,0,1
ember_874a8ae88ca3.exe,963134,5.68,4.053,2,0,1
ember_e2c129bb99c2.exe,343605,6.03,5.037,61,0,1
ember_52d1d17f6d9f.exe,88576,2.59,4.878,1,0,1
ember_2a7f4a788063.exe,964084,5.68,4.053,2,0,1
ember_80301049518a.exe,311808,13.39,4.809,105,1,1
ember_c732b8b01f06.exe,962744,5.69,4.053,2,0,1
ember_e637f0676cef.exe,343629,6.03,5.037,61,0,1
ember_e2a52f774dbf.exe,12800,54.86,4.152,5,0,1
ember_bfbdf447450a.exe,559864,12.14,5.847,185,2,1
ember_030dde421b89.exe,967804,5.66,4.053,2,0,1
ember_57ca6998d1d9.exe,45568,4.63,6.214,9,0,1
ember_a779802dc321.exe,736256,12.24,5.123,78,1,1
ember_c73d53023f79.exe,893952,2.51,6.791,19,0,1
ember_47b372f7aa7a.exe,237994,22.13,4.968,156,2,1
ember_a89763bfbe47.exe,139264,20.26,5.557,54,0,1
ember_24c09949529f.exe,139264,20.26,5.557,54,0,1
ember_aa18c86add70.exe,969274,5.65,4.053,2,0,1
ember_1e059aa23181.exe,202552,24.27,5.281,216,1,1
ember_077a1f7e8447.exe,200704,13.65,5.365,39,0,1
ember_ea8a66d2c15b.exe,118788,17.42,5.329,1,0,1
ember_dfbbdc2d43a7.exe,965904,5.67,4.053,2,0,1
ember_a88e1253af2f.exe,963204,5.68,4.053,2,0,1
ember_018cde67cf8f.exe,1053696,10.93,5.709,81,1,1
ember_331a540395cc.exe,969044,5.65,4.053,2,0,1
ember_4a376d4058ab.exe,793328,18.24,5.734,345,3,1
ember_3c954143bb0f.exe,444928,14.05,6.392,106,2,1
ember_5352594df88c.exe,962814,5.68,4.053,2,0,1
ember_75a7f4cd71e9.exe,969404,5.65,4.053,2,0,1
ember_a64c3796ecda.exe,982016,0.66,5.752,22,1,1
ember_1a7d03249910.exe,1399808,0.53,5.211,3,1,1
ember_795a8c17b2fd.exe,714240,86.2,0.378,0,0,1
ember_c5bd551cd7fb.exe,965074,5.67,4.053,2,0,1
ember_dbbf68c92a9d.exe,2738749,1.93,2.99,90,0,1
ember_9b8291ad87df.exe,4834304,73.99,3.954,77,2,1
ember_c16b191f4d8b.exe,131200,20.92,6.117,25,0,1
ember_5b2efd9c1d68.exe,343418,6.04,5.037,61,0,1
ember_15a7a6734ee3.exe,698368,24.38,3.858,86,1,1
ember_dc6aec2ceeb3.exe,4799488,73.77,3.716,72,2,1
ember_8160196c968e.exe,266244,12.65,4.666,9,0,1
ember_bea716f7ddcf.exe,435832,19.22,5.743,307,2,1
ember_43528c8d8766.exe,491640,34.99,5.607,41,0,1
ember_0a006388aad9.exe,964034,5.68,4.053,2,0,1
ember_e9d7a4663583.exe,965154,5.67,4.053,2,0,1
ember_4de32a39704c.exe,500224,20.26,4.64,127,2,1
ember_34ad5f66d279.exe,318848,12.51,4.684,12,0,1
ember_c2e01878590d.exe,114688,18.16,5.46,73,2,1
ember_2b6549e7e507.exe,966374,5.66,4.053,2,0,1
ember_162b210c47e2.exe,967204,5.66,4.053,2,0,1
ember_a3176ad7e34a.exe,3584,74.33,3.27,8,0,1
ember_933790f69b90.exe,131200,20.92,6.117,25,0,1
ember_a2418ea90919.exe,503808,10.29,6.601,102,1,1
ember_11bfe2dc418c.exe,964494,5.67,4.053,2,0,1
ember_19964a44cc4e.exe,559872,12.14,5.847,185,2,1
ember_1bb3403de4c9.exe,966164,5.66,4.053,2,0,1
ember_5bd6ff274958.exe,349693,35.97,4.299,121,1,1
ember_02e6be54513d.exe,132608,54.75,4.159,81,2,1
ember_636203e3be2e.exe,3485184,68.69,2.826,72,2,1
ember_7b59ee53b348.exe,1179645,21.86,5.587,423,1,1
ember_8216ad87405d.exe,965524,5.67,4.053,2,0,1
ember_5aca5e0b2846.exe,343489,6.08,5.037,61,0,1
ember_deb0a97560a5.exe,179712,1.39,5.222,15,1,1
ember_5f7cd11ce34e.exe,967514,5.66,4.053,2,0,1
ember_02a559cc2fa9.exe,222544,20.23,6.146,154,0,1
ember_a0113ee1830c.exe,99328,27.99,7.988,3,0,1
ember_f1a636aa5609.exe,139264,19.02,5.968,14,0,1
ember_9be740aa5d61.exe,662016,13.65,4.89,66,1,1
ember_b4e966c19e33.exe,3584,74.33,3.271,8,0,1
ember_8da89fe72b21.exe,543880,12.32,5.84,179,2,1
ember_725357b36397.exe,69632,4.09,6.875,1,0,1
ember_88a2f97f4fe9.exe,278208,14.68,5.568,170,1,1
ember_190a4e0104b7.exe,965674,5.67,4.053,2,0,1
ember_54728adccddd.exe,902144,16.51,5.777,586,2,1
ember_97f30549b2e0.exe,343512,6.04,5.037,61,0,1
ember_8c6c46c8d1a1.exe,119296,60.36,3.254,79,1,1
ember_7afb4d2ade04.exe,360442,22.75,5.35,0,0,1
ember_137da17974d0.exe,1224704,91.68,7.825,4,1,1
ember_1aea243a50c9.exe,965254,5.67,4.053,2,0,1
ember_d2a3393ac579.exe,2293248,72.71,4.292,69,1,1
ember_6ff78eff2c8e.exe,967064,5.66,4.053,2,0,1
ember_78f3fc6db1dc.exe,1982464,24.35,3.669,195,1,1
ember_05d81be816d4.exe,246149,3.77,5.634,91,1,1
ember_35304272a708.exe,318848,12.51,4.684,12,0,1
ember_08812395ae9e.exe,353280,5.13,4.552,1,0,1
ember_5e0feab1503a.exe,1845147,23.94,3.865,209,1,1
ember_c601d6c2817b.exe,966064,5.67,4.053,2,0,1
ember_d4f7c3d32863.exe,271123,47.0,4.13,77,0,1
ember_a8a55e0537bc.exe,964494,5.67,4.053,2,0,1
ember_81db936c3b42.exe,466944,22.58,5.082,97,1,1
ember_ee0ae04ad8ef.exe,1907200,34.39,5.25,76,1,1
ember_241ef44964a3.exe,1610480,0.95,5.052,106,0,1
ember_4575866b2535.exe,3584,74.33,3.275,8,0,1
ember_b66ecd682928.exe,967124,5.66,4.053,2,0,1
ember_9add6ff9878c.exe,152192,1.72,5.818,5,0,1
ember_582a47bbb93b.exe,3584,74.33,3.274,8,0,1
ember_671b8b89a28b.exe,570880,22.21,5.09,92,2,1
ember_b7be8f37d115.exe,1250816,6.77,6.766,114,1,1
ember_c9b06ef22fcf.exe,88576,2.59,4.878,1,0,1
ember_e1495e7dd65d.exe,130136,17.91,4.583,37,0,1
ember_ff8a33929b7c.exe,966374,5.66,4.053,2,0,1
ember_9ccfd86d3f7c.exe,1665024,5.57,5.361,69,2,1
ember_63cc9c670fd3.exe,322560,46.87,4.08,8,0,1
ember_4a84873ee50e.exe,451800,18.41,5.782,311,2,1
ember_840751333ecc.exe,337065,2.41,6.04,14,0,1
ember_065ce681724d.exe,969874,5.64,4.053,2,0,1
ember_246d32c5b123.exe,965304,5.67,4.053,2,0,1
ember_5f717d1575d3.exe,135168,41.76,4.89,28,0,1
ember_1d4336d0b964.exe,88576,2.59,4.878,1,0,1
ember_ecb4069f9a2e.exe,965634,5.67,4.053,2,0,1
ember_847b278127e2.exe,524288,16.54,2.856,7,0,1
ember_02d9832ddc16.exe,967404,5.66,4.053,2,0,1
ember_c8554dadcc6b.exe,343506,6.04,5.037,61,0,1
ember_28a33bc103e1.exe,385024,22.89,5.008,60,2,1
ember_6a839df9de28.exe,967184,5.66,4.053,2,0,1
ember_dfe0e8721fed.exe,103744,31.08,3.608,1,0,1
ember_aa0935eae11f.exe,967174,5.66,4.053,2,0,1
ember_011b37c8a950.exe,407552,7.96,3.767,11,0,1
ember_080e80140026.exe,139264,20.26,5.557,54,0,1
ember_e6c13d2ce191.exe,325632,45.33,3.587,60,2,1
ember_c708b71dea2e.exe,868592,2.34,5.778,154,0,1
ember_73ac4cd67f11.exe,824328,5.86,4.451,2,0,1
ember_485eddb8443a.exe,220160,13.95,5.357,1,0,1
ember_91f1b67701a6.exe,126955,10.92,5.704,54,0,1
ember_be7bc9130474.exe,962984,5.68,4.053,2,0,1
ember_d142044f5b4c.exe,1808384,2.89,5.323,1,0,1
ember_2af24d47ca45.exe,964114,5.68,4.053,2,0,1
ember_501f432417ed.exe,63817,19.97,4.491,171,0,1
ember_40c4dfc75c07.exe,1413978,26.36,4.291,1,0,1
ember_7eaedc03f100.exe,510568,24.5,5.379,333,2,1
ember_f42490c59453.exe,1894400,26.89,6.16,69,1,1
ember_8112876a3cf0.exe,152032,16.92,4.901,43,1,1
ember_0507ccfbfce3.exe,500224,20.26,4.64,127,2,1
ember_a8e7d9dc2249.exe,3584,74.33,3.274,8,0,1
ember_6c8212ec8996.exe,962564,5.69,4.053,2,0,1
ember_423aeafa62d9.exe,286472,17.26,4.775,209,2,1
ember_5f9fba759a3e.exe,155648,5.36,5.888,96,2,1
ember_98728977eae0.exe,904405,17.63,4.314,1,0,1
ember_a548cbb24df6.exe,1983195,9.34,5.015,401,1,1
ember_1c03266ab804.exe,8704,42.67,3.671,51,0,1
ember_3e2f252c9daa.exe,970744,5.64,4.053,2,0,1
ember_fa64f302756e.exe,780798,13.88,3.392,78,0,1
ember_db40d1c3b45a.exe,966134,5.67,4.053,2,0,1
ember_e1f5a9bbdf3e.exe,961994,5.69,4.053,2,0,1
ember_1031f0d0544e.exe,207872,11.61,4.781,101,1,1
ember_7d1e3b874b4a.exe,964164,5.68,4.053,2,0,1
ember_2a840ba774b9.exe,215808,11.09,3.811,386,1,1
ember_9b4604b4417d.exe,343465,6.08,5.037,61,0,1
ember_d5bed2fa58a3.exe,462848,23.18,4.142,17,0,1
ember_387fa0e2669d.exe,503808,10.28,6.601,102,1,1
ember_903b6a243b67.exe,66561,1.8,7.986,3,0,1
ember_968f158fd949.exe,350074,27.74,3.087,1,0,1
ember_a7314f7e50e8.exe,33792,6.03,5.677,9,0,1
ember_3de623e1aff5.exe,175109,4.56,4.983,91,0,1
ember_6e591a6aa57e.exe,966144,5.67,4.053,2,0,1
ember_f4a571b225a7.exe,230400,11.68,5.078,95,2,1
ember_ca52a43698c2.exe,139264,20.26,5.557,54,0,1
ember_f66feefacb4e.exe,88576,2.59,4.878,1,0,1
ember_c251f775c46b.exe,1505128,23.8,4.291,1,0,1
ember_96b095c61181.exe,397312,25.83,4.537,187,1,1
ember_f7722c185ac4.exe,155648,18.89,6.131,104,0,1
ember_5d025faea73b.exe,1030144,1.21,5.301,15,1,1
ember_878c7e4526d4.exe,131200,20.92,6.117,25,0,1
ember_fb4d58d2883b.exe,258048,76.99,4.069,171,1,1
ember_3fa08869db86.exe,964964,5.67,4.053,2,0,1
ember_c13b07316df2.exe,964694,5.67,4.053,2,0,1
ember_7807d7e99870.exe,1355640,15.34,4.301,1,0,1
ember_3e73d8bca1f1.exe,24854,64.98,3.561,34,0,1
ember_786fdcc14a56.exe,143360,15.99,5.438,57,0,1
ember_af35beac0c92.exe,892416,1.24,6.024,68,0,1
ember_671ee4ebe08d.exe,190858,5.77,5.261,24,0,1
ember_bc42bb22634b.exe,858976,25.53,4.734,191,1,1
ember_f8c71c371c54.exe,888868,14.82,4.47,467,4,1
ember_8a68706ae35a.exe,966774,5.66,4.053,2,0,1
ember_6543fc70ebeb.exe,753082,26.22,4.055,55,0,1
ember_79907e2ac900.exe,1339392,43.83,5.659,0,0,1
ember_58f41cc6d90a.exe,963184,5.68,4.053,2,0,1
ember_10e47a170692.exe,139264,20.26,5.557,54,0,1
ember_240c251d28c8.exe,967874,5.65,4.053,2,0,1
ember_0c5205ea5c22.exe,107112,8.23,5.54,113,2,1
ember_e4de5c5faf1e.exe,557096,13.24,4.505,1,0,1
ember_7a4c4776227f.exe,724992,2.94,6.506,438,1,1
ember_3c684fd4fdc5.exe,983040,0.81,4.744,24,1,1
ember_a50518bc1f4f.exe,559768,12.15,5.847,185,2,1
ember_51f821c7a2a7.exe,965344,5.67,4.053,2,0,1
ember_839dcb44884a.exe,343457,6.08,5.037,61,0,1
ember_516189cb3cf2.exe,126980,10.91,5.704,54,0,1
ember_ea69db12075d.exe,965284,5.67,4.053,2,0,1
ember_fa4026148e44.exe,1902928,1.34,6.26,125,0,1
ember_b0904f921ae1.exe,1970176,0.77,4.749,20,0,1
ember_0fca0f8de126.exe,139264,20.26,5.557,54,0,1
ember_76f4973843d6.exe,207360,7.66,6.297,84,0,1
ember_da373df4fa77.exe,1343688,17.0,4.121,435,2,1
ember_06608675d757.exe,126922,10.92,5.704,54,0,1
ember_7cd812932577.exe,1442304,0.59,5.467,3,1,1
ember_f00a73b031b1.exe,393216,25.65,4.319,42,1,1
ember_8b9059f0b318.exe,2962784,10.19,6.198,1373,1,1
ember_c2238e88ce3f.exe,680112,17.19,4.188,1,0,1
ember_3eca70d350c6.exe,559896,12.14,5.847,185,2,1
ember_e5c7ec43c0e8.exe,1897984,50.62,5.441,82,1,1
ember_fcf051ea9ab3.exe,688640,5.78,4.312,1,0,1
ember_7a95a67278b3.exe,356864,21.54,4.979,92,2,1
ember_8e0d340c4eb3.exe,200704,17.01,5.975,210,1,1
ember_97a7b8795165.exe,978944,4.79,3.747,1,0,1
ember_cf9ad0c58826.exe,1386676,75.94,7.993,1,0,1
ember_4048ea2c3191.exe,966714,5.66,4.053,2,0,1
ember_b49433e51c1a.exe,2164736,17.72,4.319,580,2,1
ember_0be637eb5bc8.exe,343553,6.03,5.037,61,0,1
ember_a79ab3176f8e.exe,110896,4.99,4.835,44,1,1
ember_ff200e7265ed.exe,126869,10.92,5.704,54,0,1
ember_3105538e4cb2.exe,888868,14.82,4.47,467,4,1
ember_2d0abb7ef283.exe,479860,21.03,4.527,25,0,1
ember_fee4cd384c52.exe,318240,12.61,4.696,9,0,1
ember_301c255bd029.exe,963494,5.68,4.053,2,0,1
ember_23a76357e623.exe,966424,5.66,4.053,2,0,1
ember_0dfe5fdb03bf.exe,122880,19.87,4.842,44,0,1
ember_d5f40bff0c88.exe,485904,24.97,5.488,316,1,1
ember_597d103a6b24.exe,1869408,1.71,4.603,8,0,1
ember_adb33b96bb89.exe,1339392,43.85,5.637,0,0,1
ember_cc77bb66c9a0.exe,964894,5.67,4.053,2,0,1
ember_54ab94ae1a2d.exe,267776,38.67,3.836,247,0,1
ember_46965eb96d4c.exe,77312,30.67,5.892,65,0,1
ember_de3c9d9a7b68.exe,945664,14.97,5.789,108,2,1
ember_c72dbd901e7f.exe,507392,22.86,5.053,216,2,1
ember_e5b78d2d917e.exe,103140,8.47,7.988,2,0,1
ember_48cdad59ed91.exe,2661136,1.89,5.002,105,0,1
ember_4003e007a02a.exe,473538,20.57,4.527,25,0,1
ember_e7b5cabb46d4.exe,965894,5.67,4.053,2,0,1
ember_eb47dc4154d7.exe,131072,19.86,4.999,32,0,1
ember_1a44ac46c4ee.exe,970454,5.64,4.053,2,0,1
ember_d63da0a82c7f.exe,966454,5.66,4.053,2,0,1
ember_82e376c67bde.exe,962844,5.68,4.053,2,0,1
ember_83146b9c9603.exe,961944,5.69,4.053,2,0,1
ember_15af4828321b.exe,962144,5.69,4.053,2,0,1
ember_c3a04e3e44be.exe,885656,12.67,5.609,167,2,1
ember_6029ff8a2d02.exe,964254,5.68,4.053,2,0,1
ember_5b6b53ea4a2b.exe,971174,5.64,4.053,2,0,1
ember_3e33e781ec3d.exe,292216,22.6,5.147,330,2,1
ember_28c88d731929.exe,847841,13.66,4.714,467,4,1
ember_b2c9ad63ebdf.exe,2590312,2.83,5.089,2,0,1
ember_3c01bf04c4f6.exe,139264,20.26,5.557,54,0,1
ember_464484bd8257.exe,327680,36.6,4.308,68,0,1
ember_07fc7c2c96f2.exe,965954,5.67,4.053,2,0,1
ember_a09c21837fb2.exe,968968,38.5,3.739,60,0,1
ember_695c335aede9.exe,420912,8.94,4.055,55,0,1
ember_417e94b82858.exe,1353293,2.28,7.512,8,0,1
ember_fd12b7a31f74.exe,967994,5.65,4.053,2,0,1
ember_a7552c4fa7fe.exe,965034,5.67,4.053,2,0,1
ember_6a342cc0a2c0.exe,182022,20.98,4.537,272,1,1
ember_ec52618b6548.exe,184320,55.06,3.514,184,1,1
ember_d84c3aacfb22.exe,155648,18.89,6.131,104,0,1
ember_b4ef8908e512.exe,3425280,67.87,3.89,72,2,1
ember_bb110c175da9.exe,965544,5.67,4.053,2,0,1
ember_ed9d20c214c8.exe,444928,14.05,6.392,106,2,1
ember_d1dfc76d8b29.exe,965624,5.67,4.053,2,0,1
ember_0ba750cdc7f7.exe,416768,18.06,5.314,136,2,1
ember_0a979766247a.exe,139264,20.26,5.557,54,0,1
ember_0eaee836dbbb.exe,680448,22.56,4.597,46,1,1
ember_0920b86e8144.exe,721928,1.14,4.99,3,0,1
ember_53e3d960f4de.exe,245829,3.77,5.634,91,1,1
ember_1fc12c25e2df.exe,139264,20.26,5.557,54,0,1
ember_f174709e51fd.exe,180224,1.51,5.228,15,1,1
ember_759d5b4d2a32.exe,964084,5.68,4.053,2,0,1
ember_2813a1872cc1.exe,155648,18.89,6.131,104,0,1
ember_a043e52bfe96.exe,99328,1.48,7.985,3,0,1
ember_94569af5d0fd.exe,3328000,73.24,2.493,69,2,1
ember_b76dda71d1e2.exe,736256,12.24,5.126,78,1,1
ember_02d6256eedd3.exe,178176,29.11,4.963,1,0,1
ember_f21d4b8ddcd7.exe,966224,5.66,4.053,2,0,1
ember_b29bf9266595.exe,3584,74.33,3.272,8,0,1
ember_8651b45acc3c.exe,1053696,10.92,5.709,81,1,1
ember_ecd7b14f431f.exe,543968,12.32,5.84,179,2,1
ember_9449f312a903.exe,135172,26.52,5.902,25,0,1
ember_44bee747661e.exe,577024,33.09,4.803,1,0,1
ember_9cab827273a8.exe,962944,5.68,4.053,2,0,1
ember_f543be4a15bb.exe,54272,13.13,4.408,1,0,1
ember_0838cd691258.exe,1353472,2.28,7.512,8,0,1
ember_7e29eff9ff99.exe,835584,34.41,5.338,313,1,1
ember_b1c8749be45f.exe,963044,5.68,4.053,2,0,1
ember_9f49549cf389.exe,967174,5.66,4.053,2,0,1
ember_27e84201d187.exe,917504,33.83,4.448,37,0,1
ember_307c88a2a332.exe,3584,74.33,3.274,8,0,1
ember_b9746618c0bb.exe,1650688,56.0,4.794,75,1,1
ember_a48d3ac6b84b.exe,732191,16.13,4.055,55,0,1
ember_e22358724ea2.exe,53248,36.51,3.149,21,1,1
ember_41b5270bef70.exe,343458,6.04,5.037,61,0,1
ember_3795af267ce6.exe,3584,74.33,3.276,8,0,1
ember_ec3315a1bd34.exe,363520,23.96,5.469,116,1,1
ember_ceeab15b350a.exe,1213440,5.79,7.195,114,1,1
ember_1f37f1a7f7b9.exe,966634,5.66,4.053,2,0,1
ember_6b1567076319.exe,11185560,4.78,6.37,484,3,1
ember_0ba64157f0e4.exe,88576,2.59,4.878,1,0,1
ember_8ba7e7352525.exe,651264,18.64,4.9,43,0,1
ember_33ad35991a5a.exe,3146240,67.19,4.168,106,2,1
ember_af292789a3a8.exe,963304,5.68,4.053,2,0,1
ember_9cdbb1fb253e.exe,390093,1.05,5.612,1,0,1
ember_0cf773c705d0.exe,208896,30.46,4.792,14,0,1
ember_169957eb8aab.exe,88576,2.59,4.878,1,0,1
ember_5bdb5197b432.exe,966234,5.66,4.053,2,0,1
ember_90618cbcd5ac.exe,965514,5.67,4.053,2,0,1
ember_bcf74f9b3e05.exe,823808,9.98,5.726,13,0,1
ember_27a9a60a842c.exe,155648,21.0,6.296,1,0,1
ember_bfd5693e9caa.exe,966874,5.66,4.053,2,0,1
ember_b31d1106d66e.exe,1562624,49.01,5.112,73,1,1
ember_468d1cc0d1be.exe,977634,30.97,4.055,55,0,1
ember_100f811697ca.exe,965954,5.67,4.053,2,0,1
ember_b0a0ec32a964.exe,870400,5.7,4.894,1,0,1
ember_e18837899c56.exe,163328,2.57,5.579,11,0,1
ember_8ccdc905091c.exe,131200,20.92,6.117,25,0,1
ember_64f6c6e99842.exe,960274,5.7,4.053,2,0,1
ember_77210cc6e549.exe,4288512,68.39,4.78,113,2,1
ember_721a42501b22.exe,122880,19.87,4.842,44,0,1
ember_5a53e2f841ee.exe,966874,5.66,4.053,2,0,1
ember_58735f624dc8.exe,233064,46.74,4.277,125,1,1
ember_e90a2ac00514.exe,176128,38.97,5.285,28,0,1
ember_d6cff0677dfe.exe,846848,8.4,5.432,134,1,1
ember_33393fc4b4be.exe,139264,20.26,5.557,54,0,1
ember_9a8ae00e15b1.exe,965064,5.67,4.053,2,0,1
ember_4c59c0944ad5.exe,824420,12.5,3.787,118,2,1
ember_78256a5188bc.exe,343499,6.04,5.037,61,0,1
ember_9ae0fff997e3.exe,965064,5.67,4.053,2,0,1
ember_a142115b6b48.exe,99328,21.11,7.986,3,0,1
ember_7fa64131e24a.exe,86016,39.11,4.97,88,1,1
ember_a5277e8b1f5a.exe,524288,7.39,5.458,83,1,1
ember_572bed0a682d.exe,225280,50.51,2.823,0,0,1
ember_7cfc491bbedd.exe,131200,20.92,6.117,25,0,1
ember_4cb6041b8c01.exe,962994,5.68,4.053,2,0,1
ember_7eedc62192a2.exe,1006080,19.15,5.821,75,1,1
ember_2bfef288f9da.exe,86016,22.25,4.753,42,0,1
ember_b619b0e4140e.exe,276992,37.92,4.648,87,1,1
ember_957c0fcf6bcc.exe,343439,6.04,5.037,61,0,1
ember_9f8ac2c97066.exe,103140,25.19,7.989,2,0,1
ember_e4ed0859db06.exe,155648,18.89,6.131,104,0,1
ember_9a224c9d8149.exe,966024,5.67,4.053,2,0,1
ember_c8d1b84b92b1.exe,967164,5.66,4.053,2,0,1
ember_ae47344bf4f7.exe,656896,1.82,4.704,25,0,1
ember_098c888a8d8d.exe,193536,12.11,4.891,11,1,1
ember_1f7892fa9bca.exe,327680,17.13,5.091,38,0,1
ember_86ac351730a1.exe,964204,5.68,4.053,2,0,1
ember_488b2dc7f6e5.exe,872928,24.63,5.524,319,1,1
ember_06613df846d6.exe,343428,6.04,5.037,61,0,1
ember_6f73f487dc56.exe,503808,10.28,6.601,102,1,1
ember_08f3917d4257.exe,155648,18.89,6.131,104,0,1
ember_ebaf7770f22c.exe,331892,3.7,4.942,168,0,1
ember_5127a5de1f6e.exe,626688,15.58,5.813,134,2,1
ember_4dbfb1fe35bd.exe,363367,71.49,4.512,56,1,1
ember_00005274c62e.exe,965484,5.67,4.053,2,0,1
ember_a72596f02cb6.exe,164352,28.84,5.013,95,2,1
ember_56c7cec1e0a7.exe,242873,41.82,5.36,4,0,1
ember_d25036a3cb9c.exe,965494,5.67,4.053,2,0,1
ember_44f155a9c8ce.exe,1314816,43.22,5.579,0,0,1
ember_634f62b2d0db.exe,102400,24.22,5.143,80,1,1
ember_b3c2177937d9.exe,78336,77.29,4.27,54,1,1
ember_61063e7aa92f.exe,131072,20.43,4.727,81,0,1
ember_06bee3125f17.exe,99328,23.38,7.988,3,0,1
ember_ade5af190e01.exe,968694,5.65,4.053,2,0,1
ember_d0e05a53be17.exe,967364,5.66,4.053,2,0,1
ember_b9ac9925f762.exe,343428,6.04,5.037,61,0,1
ember_2b01421fee20.exe,965074,5.67,4.053,2,0,1
ember_02dee444c927.exe,1650688,55.99,4.794,75,1,1
ember_0db5db5d4c3a.exe,361472,51.0,4.903,68,1,1
ember_ed215eec827a.exe,246333,3.76,5.634,91,1,1
ember_0d4d3c855228.exe,159744,15.09,5.981,86,0,1
ember_4d3b00728c88.exe,266246,18.01,3.003,77,0,1
ember_5b7bdb940b24.exe,967424,5.66,4.053,2,0,1
ember_0160e683b694.exe,961534,5.69,4.053,2,0,1
ember_e846df52bf3d.exe,151840,10.75,5.0,182,1,1
ember_0fd230386019.exe,1790976,15.37,5.873,208,2,1
ember_27b449c9d644.exe,266752,38.25,3.12,81,2,1
ember_f1941edad0eb.exe,136623,13.8,5.104,4,0,1
ember_6decf9a35ce6.exe,1006080,19.15,5.817,75,1,1
ember_9fd3943a35bf.exe,483765,2.97,5.417,165,0,1
ember_587f32a227d4.exe,916689,2.48,4.872,167,0,1
ember_32f239f80bb0.exe,343619,6.03,5.037,61,0,1
ember_10a9c7e37627.exe,741376,15.28,5.813,20,0,1
ember_9f2888db6796.exe,965574,5.67,4.053,2,0,1
ember_80b340bd7047.exe,962044,5.69,4.053,2,0,1
ember_592ac9973d1d.exe,1783969,4.52,5.904,146,0,1
ember_816810b53e4d.exe,966354,5.66,4.053,2,0,1
ember_9454a28d7558.exe,152016,1.72,5.818,5,0,1
ember_eeef536c0f6d.exe,965584,5.67,4.053,2,0,1
ember_baeb38e679ed.exe,105984,11.63,4.392,43,1,1
ember_8f119876a6ad.exe,88576,2.59,4.878,1,0,1
ember_b4441e587604.exe,152160,1.72,5.818,5,0,1
ember_6eae595b103d.exe,965034,5.67,4.053,2,0,1
ember_1163ad3c8194.exe,707584,32.1,5.116,236,2,1
ember_05e705edf652.exe,1897984,50.62,5.441,82,1,1
ember_8b2c9518b973.exe,139264,20.26,5.557,54,0,1
ember_5c03e7f1732d.exe,717671,26.09,4.055,55,0,1
ember_efa41fdb89ab.exe,175104,15.34,6.625,153,1,1
ember_4a4de99f412e.exe,964744,5.67,4.053,2,0,1
ember_0cf4fae6b848.exe,964934,5.67,4.053,2,0,1
ember_733628439df9.exe,3584,74.33,3.275,8,0,1
ember_6c2dd6c0a881.exe,64000,4.67,4.777,17,1,1
ember_9e3be0421be7.exe,559848,12.14,5.847,185,2,1
ember_2d01cecc1292.exe,503808,10.29,6.601,102,1,1
ember_3a38368bd508.exe,343472,6.04,5.037,61,0,1
ember_6b4b4d9c56dd.exe,581632,6.61,6.296,74,1,1
ember_1292b6d5e047.exe,963954,5.68,4.053,2,0,1
ember_5e34c372c09f.exe,271398,5.26,5.294,165,0,1
ember_4c5724e43ffe.exe,966584,5.66,4.053,2,0,1
ember_2433787a6c0d.exe,1468385,7.06,7.076,17,1,1
ember_f6b72bbc05ea.exe,942592,18.92,5.589,74,1,1
ember_4b4893aee35c.exe,67536,49.55,4.041,1,0,1
ember_e48e88b9a182.exe,1470861,14.63,3.967,162,1,1
ember_c30f17d323a4.exe,965474,5.67,4.053,2,0,1
ember_916f40bc35ed.exe,88576,2.59,4.878,1,0,1
ember_de488a574a55.exe,2061938,6.94,7.896,0,0,1
ember_995f987812cc.exe,3584,74.33,3.272,8,0,1
ember_fc22df80ca01.exe,88576,2.59,4.878,1,0,1
ember_046a65e2bc36.exe,131200,20.92,6.117,25,0,1
ember_b393ec5e2045.exe,982016,0.67,5.784,28,1,1
ember_9904737529b7.exe,195072,63.17,4.244,7,0,1
ember_ef16f818f678.exe,439808,20.56,5.625,68,1,1
ember_7d4a56f17819.exe,543936,12.32,5.84,179,2,1
ember_d5800810f519.exe,615769,33.15,5.316,7,0,1
ember_1f89b29b7ef5.exe,503808,10.28,6.601,102,1,1
ember_8daac7cb9471.exe,101888,13.39,5.484,44,0,1
ember_ecbc7364ef73.exe,207360,10.14,5.516,1,0,1
ember_e74ea2c5737d.exe,559792,12.15,5.847,185,2,1
ember_f4c0d5a59712.exe,1250816,6.77,6.766,114,1,1
ember_4d0dcf145b2a.exe,967464,5.66,4.053,2,0,1
ember_b092b97cc89f.exe,91136,39.41,6.12,4,1,1
ember_3483434b31a8.exe,459992,18.06,5.801,311,2,1
ember_b9dafee641c7.exe,246037,3.77,5.634,91,1,1
ember_7c4894c0639a.exe,966134,5.67,4.053,2,0,1
ember_7bc069606364.exe,2167296,17.73,4.32,577,2,1
ember_78643e387a2b.exe,965034,5.67,4.053,2,0,1
ember_f60ef09a3c39.exe,487440,11.69,6.308,240,1,1
ember_83b66cc266ed.exe,500224,20.26,4.64,127,2,1
ember_fc362bd3d84a.exe,139264,20.26,5.557,54,0,1
ember_03caa1dbe27a.exe,1701888,0.24,7.189,0,0,1
ember_4c549debfb5b.exe,296229,4.53,5.649,160,0,1
ember_ae172d7a8774.exe,307200,40.4,4.87,7,0,1
ember_a43832bbdebe.exe,143360,15.85,5.461,57,0,1
ember_1aa274e3e09f.exe,131200,20.92,6.117,25,0,1
ember_bdd37d358d7e.exe,99328,1.63,7.987,3,0,1
ember_479f8124e134.exe,25808,24.47,4.711,68,0,1
ember_00806f831082.exe,965684,5.67,4.053,2,0,1
ember_ce28b317dd57.exe,126965,10.91,5.704,54,0,1
ember_04120dc9cd84.exe,343586,6.08,5.037,61,0,1
ember_a0423ee6e6d6.exe,1006080,19.15,5.818,75,1,1
ember_abbe6759ec62.exe,503808,10.27,6.601,102,1,1
ember_127715c99a4f.exe,524288,7.4,5.287,83,1,1
ember_d432f8f89b91.exe,532684,20.84,4.055,55,0,1
ember_e3b72e239d5f.exe,964994,5.67,4.053,2,0,1
ember_0e46dfc3b70f.exe,983040,0.83,3.642,24,1,1
ember_3eb62b34ba94.exe,4037736,6.38,5.917,495,2,1
ember_77b52bd2daac.exe,318848,12.51,4.684,12,0,1
ember_b451b604e98a.exe,246069,3.77,5.634,91,1,1
ember_bb54bee6b408.exe,252803,1.54,6.975,3,0,1
ember_39b4e408031c.exe,613888,11.28,5.356,14,0,1
ember_675c611701f9.exe,847872,35.34,5.383,11,0,1
ember_e2dba61cba74.exe,967524,5.66,4.053,2,0,1
ember_d5461f156bb6.exe,507392,22.86,5.053,216,2,1
ember_37eea72ea35d.exe,224108,36.31,4.31,110,2,1
ember_f1f52a11bef5.exe,2051072,64.56,5.118,76,1,1
ember_c85489a94564.exe,97962,6.33,7.876,3,0,1
ember_866aa080a271.exe,236160,21.89,4.966,156,2,1
ember_ed435f74d299.exe,152176,1.72,5.818,5,0,1
ember_dca62d180f4b.exe,1250816,6.76,6.766,114,1,1
ember_932d47126808.exe,353652,31.97,3.862,11,0,1
ember_e38fa8435e82.exe,991232,19.3,5.732,75,1,1
ember_c3be9537964e.exe,126893,10.92,5.704,54,0,1
ember_ffdc1190f9d7.exe,63811,19.99,4.487,171,0,1
ember_05fbb7391acf.exe,736256,12.24,5.118,78,1,1
ember_8880c246bb19.exe,1250816,6.77,6.766,114,1,1
ember_faa32f1654b9.exe,559912,12.14,5.847,185,2,1
ember_285ef07dba1d.exe,707584,32.1,5.116,236,2,1
ember_9b75894bc3b1.exe,965684,5.67,4.053,2,0,1
ember_d2e71d0ca371.exe,962304,5.69,4.053,2,0,1
ember_94872f129301.exe,139264,20.26,5.557,54,0,1
ember_b495c27cedaf.exe,2061938,49.21,7.902,0,0,1
ember_9d16e622e389.exe,747008,12.06,5.521,16,0,1
ember_48982c888d67.exe,130787,17.8,7.185,0,0,1
ember_673a67577708.exe,88576,2.59,4.878,1,0,1
ember_007ef48f3ee3.exe,965884,5.67,4.053,2,0,1
ember_ba94b4753526.exe,966874,5.66,4.053,2,0,1
ember_997d74ed2c45.exe,965504,5.67,4.053,2,0,1
ember_b408e9f223a3.exe,964534,5.67,4.053,2,0,1
ember_de4df89c05eb.exe,217088,58.08,4.549,7,0,1
ember_c504db7a3630.exe,965594,5.67,4.053,2,0,1
ember_3827c7af8ad9.exe,961954,5.69,4.053,2,0,1
ember_85a5397f6255.exe,131200,20.92,6.117,25,0,1
ember_4f93bd34cdfb.exe,222741,25.99,3.295,19,0,1
ember_16ef04b56fdb.exe,965054,5.67,4.053,2,0,1
ember_bdcdc17b0695.exe,135168,17.37,5.215,15,0,1
ember_42fc5d440f50.exe,157184,44.34,4.795,60,2,1
ember_6f6f1fcde924.exe,1250816,6.77,6.766,114,1,1
ember_a35de3765085.exe,1508224,11.22,3.872,1,0,1
ember_51f317e8c7e5.exe,965914,5.67,4.053,2,0,1
ember_d3c50823ce51.exe,3572224,71.73,2.54,77,1,1
ember_4b54fd8b267d.exe,982528,0.75,4.795,29,1,1
ember_626a64038526.exe,2281472,4.18,6.354,78,0,1
ember_e88ba65befe0.exe,200871,26.26,4.055,55,0,1
ember_2ef6ffd57858.exe,131098,65.63,4.055,55,0,1
ember_6d7f25e8989d.exe,343450,6.08,5.037,61,0,1
ember_48f3e4cf54e4.exe,965544,5.67,4.053,2,0,1
ember_a7a28543c9a2.exe,543992,12.32,5.84,179,2,1
ember_0dc80c0e0526.exe,807424,10.7,4.847,75,1,1
ember_84d9f6a8dbcc.exe,5777920,59.34,4.057,68,2,1
ember_0a150c9be175.exe,1439728,15.65,5.583,415,2,1
ember_88fc103cd43f.exe,126897,10.92,5.704,54,0,1
ember_c690cf65b65a.exe,1032192,14.28,4.397,167,2,1
ember_9436cadc4f23.exe,968274,5.65,4.053,2,0,1
ember_ede72934c278.exe,966954,5.66,4.053,2,0,1
ember_cdcf6201c885.exe,343440,6.04,5.037,61,0,1
ember_d0079fa18203.exe,298672,5.57,6.12,6,0,1
ember_d571954186c0.exe,2482593,15.13,5.586,145,1,1
ember_9c719efeca99.exe,1885896,17.12,5.892,257,2,1
ember_d69e5b7a8376.exe,966004,5.67,4.053,2,0,1
ember_47015824510b.exe,3584,64.56,3.072,1,0,1
ember_3083756a4bc2.exe,1353264,2.28,7.512,8,0,1
ember_b286ed530e97.exe,503808,10.27,6.601,102,1,1
ember_b38dc2476855.exe,435354,3.53,5.604,160,0,1
ember_a6360738bb35.exe,965254,5.67,4.053,2,0,1
ember_2277f2de55ba.exe,969764,5.64,4.053,2,0,1
ember_8a9c7072b404.exe,1362916,48.65,6.208,49,1,1
ember_1d917be602ef.exe,397312,25.83,4.537,187,1,1
ember_bba26a6938bc.exe,139264,18.83,6.0,21,0,1
ember_770479bbe055.exe,970034,5.64,4.053,2,0,1
ember_4c0feafbe81c.exe,139264,20.26,5.557,54,0,1
ember_d0ab4763b776.exe,966454,5.66,4.053,2,0,1
ember_33e2335ae2f4.exe,963944,5.68,4.053,2,0,1
ember_41da87fd94db.exe,962544,5.69,4.053,2,0,1
ember_0b55edfab4c5.exe,1829888,27.02,6.056,65,1,1
ember_a5521b444b79.exe,343511,6.04,5.037,61,0,1
ember_4fcefa950797.exe,963784,5.68,4.053,2,0,1
ember_483e3965d72b.exe,134660,14.19,6.387,36,0,1
ember_1b92843cd597.exe,208896,30.46,4.792,14,0,1
ember_29a84f3ff407.exe,966654,5.66,4.053,2,0,1
ember_badd26ed7acf.exe,962534,5.69,4.053,2,0,1
ember_49dd0dd295c6.exe,598016,24.18,4.615,167,1,1
ember_542f37a25414.exe,343550,6.03,5.037,61,0,1
ember_925d439d4e27.exe,208896,30.46,4.792,14,0,1
ember_c93ff84b9979.exe,343497,6.04,5.037,61,0,1
ember_357493bc365a.exe,2241649,35.46,3.857,92,0,1
ember_6be2a8b1d22f.exe,432640,24.75,5.57,76,1,1
ember_6ac2d6d07926.exe,806400,9.82,5.327,14,0,1
ember_f6959d135e69.exe,471040,13.86,4.535,25,0,1
ember_1bd9be50dd44.exe,1821184,0.84,5.326,15,1,1
ember_a380837b997d.exe,245869,3.77,5.634,91,1,1
ember_e79ac336de3c.exe,1668608,2.9,7.152,98,1,1
ember_cfca7acbc4c1.exe,139264,20.26,5.557,54,0,1
ember_2c30fb95c24a.exe,204800,23.15,5.804,137,0,1
ember_48942ad00140.exe,262144,53.74,2.642,1,0,1
ember_9ff551c66e52.exe,135168,17.73,5.013,39,0,1
ember_50c056157b0c.exe,1173018,12.22,4.013,151,0,1
ember_abd6b2cc2cd7.exe,102400,32.79,3.382,0,0,1
ember_e7e37d320560.exe,965724,5.67,4.053,2,0,1
ember_f1accbbd54a1.exe,246045,3.77,5.634,91,1,1
ember_da457e9cbf74.exe,453120,15.23,4.739,15,1,1
ember_37a95514eb42.exe,965944,5.67,4.053,2,0,1
ember_64eecd0c83cc.exe,963994,5.68,4.053,2,0,1
ember_d60578cb5efb.exe,1250816,6.75,6.766,114,1,1
ember_037553729fbe.exe,967024,5.66,4.053,2,0,1
ember_af166abbaf46.exe,139264,27.39,4.636,191,0,1
ember_efe09538edbc.exe,724992,8.41,5.805,161,1,1
ember_54e57758d073.exe,2704896,11.04,6.861,62,1,1
ember_a77fda64f28c.exe,405504,31.5,4.189,342,1,1
ember_116ba320c821.exe,969114,5.65,4.053,2,0,1
ember_0061a8c5d827.exe,1379328,12.86,5.793,137,2,1
ember_a283ffa5e4aa.exe,965494,5.67,4.053,2,0,1
ember_895c143cfd77.exe,339984,15.02,5.173,203,2,1
ember_b05aad12f2e3.exe,961524,5.69,4.053,2,0,1
ember_d1526e61a028.exe,965664,5.67,4.053,2,0,1
ember_4fbc30808409.exe,964834,5.67,4.053,2,0,1
ember_dbc491316154.exe,963064,5.68,4.053,2,0,1
ember_05ecbe537ba4.exe,126846,10.92,5.704,54,0,1
ember_958ce0e7affd.exe,819200,18.29,2.318,110,0,1
ember_7df23d0a230e.exe,964034,5.68,4.053,2,0,1
ember_a1a6de850b8f.exe,115200,14.11,5.552,10,0,1
ember_b5364d9324cf.exe,962314,5.69,4.053,2,0,1
ember_3839e515c554.exe,99328,21.81,7.985,3,0,1
ember_2d2f6a2ef395.exe,525212,72.37,4.482,105,3,1
ember_e8f5c49bd67b.exe,965294,5.67,4.053,2,0,1
ember_89ae4b8e6d2f.exe,965984,5.67,4.053,2,0,1
ember_218011a818d6.exe,449581,1.54,7.808,9,0,1
ember_61b7a4e56ec2.exe,965754,5.67,4.053,2,0,1
ember_580fd6bb4765.exe,442374,4.92,3.627,45,0,1
ember_9932c199a027.exe,558592,15.25,4.344,12,0,1
ember_8b02663276b4.exe,3584,74.33,3.264,8,0,1
ember_39ca45917bf6.exe,964734,5.67,4.053,2,0,1
ember_9dc396fdcbae.exe,121891,86.07,6.048,4,0,1
ember_f583dd5fa7ff.exe,1924579,17.29,5.685,589,2,1
ember_d9ac3a2d5f52.exe,139264,20.26,5.557,54,0,1
ember_c219f2651774.exe,343629,6.03,5.037,61,0,1
ember_e4d7dd767e12.exe,500224,20.26,4.64,127,2,1
ember_3b915485c13f.exe,3584,74.33,3.269,8,0,1
ember_ba962d418644.exe,2547712,3.79,4.922,167,1,1
ember_5c51c3b917cf.exe,965514,5.67,4.053,2,0,1
ember_ef839ef2d6ab.exe,328024,19.95,3.791,1,0,1
ember_4f1a1b706618.exe,525224,72.37,4.482,105,3,1
ember_7c1e825bb95b.exe,642560,3.8,5.27,127,1,1
ember_60d4ea666b2c.exe,964204,5.68,4.053,2,0,1
ember_95ebf5acf4f4.exe,1250816,6.76,6.766,114,1,1
ember_0fc27faf3e4f.exe,1279488,0.48,5.176,15,1,1
ember_a0a16149380e.exe,841231,10.82,5.682,78,1,1
ember_8ae56002a344.exe,139264,20.26,5.557,54,0,1
ember_6d9ed470b59c.exe,139264,20.26,5.557,54,0,1
ember_b6071285d7a9.exe,125828,11.51,5.71,54,0,1
ember_8ebd3385d2fd.exe,692623,18.46,5.116,350,2,1
ember_859d9b03bd6b.exe,503808,10.29,6.601,102,1,1
ember_6aa0c34d2f0f.exe,965714,5.67,4.053,2,0,1
ember_15dc0966f4e8.exe,516912,12.68,5.843,180,2,1
ember_549b8ec256e1.exe,965274,5.67,4.053,2,0,1
ember_131fce9e0614.exe,49822,16.4,5.122,105,1,1
ember_db1c79d341e8.exe,559824,12.15,5.847,185,2,1
ember_827ddd873132.exe,63519,37.88,1.387,0,0,1
ember_dcdc377b488e.exe,1507650,1.11,4.195,8,1,1
ember_b68c7015b62a.exe,289839,16.08,5.479,162,1,1
ember_1dbc7d6abc7a.exe,2217984,56.69,3.864,97,2,1
ember_d077296d7e85.exe,117680,8.03,5.76,122,1,1
ember_4cfa32c10a57.exe,983552,0.86,4.66,29,1,1
ember_35293e7554de.exe,1250816,6.76,6.766,114,1,1
ember_84c23cc2e112.exe,238382,5.93,4.823,39,1,1
ember_97501a03e917.exe,964384,5.68,4.053,2,0,1
ember_7bd9ae502a41.exe,152160,1.72,5.818,5,0,1
ember_c54a974b20c5.exe,966694,5.66,4.053,2,0,1
ember_510f0e578369.exe,5267459,55.59,3.072,13,0,1
ember_ca83429d7b0f.exe,657712,6.48,6.346,85,1,1
ember_d772ee0918dc.exe,343510,6.08,5.037,61,0,1
ember_516adfa5d039.exe,1204568,9.99,4.391,98,1,1
ember_4e635418be1f.exe,1279488,13.48,5.608,475,4,1
ember_0319cf516cbb.exe,147456,20.57,5.449,34,0,1
ember_d1b548ca7d8a.exe,834544,25.16,3.74,196,0,1
ember_39574861dc4e.exe,964474,5.67,4.053,2,0,1
ember_1b13f338f9b8.exe,3584,74.33,3.275,8,0,1
ember_0e0c449e97b7.exe,246053,3.77,5.634,91,1,1
ember_d81a79037fa6.exe,559904,12.14,5.847,185,2,1
ember_a243ef686b19.exe,966294,5.66,4.053,2,0,1
ember_ac75aa70c1b0.exe,963284,5.68,4.053,2,0,1
ember_e11aa246889f.exe,321204,27.08,4.13,90,1,1
ember_7cf3885a000a.exe,59113,20.66,4.667,3,0,1
ember_f9a46b3f7869.exe,182784,22.45,4.91,239,3,1
ember_23ad5c1b15f3.exe,569344,7.58,6.751,226,2,1
ember_d0fc126b3d0f.exe,496128,4.73,5.688,1,0,1
ember_1e09c4901357.exe,983040,0.81,3.646,24,1,1
ember_08341e93c3ea.exe,252461,4.97,5.669,157,0,1
ember_a58e9b4e3f36.exe,965654,5.67,4.053,2,0,1
ember_4c80c4b0f7de.exe,963984,5.68,4.053,2,0,1
ember_7c5e30b6b80d.exe,356864,21.54,4.979,92,2,1
ember_5190580d8d6c.exe,276992,11.88,5.424,1,0,1
ember_09aee042cbb9.exe,126848,10.73,5.525,54,0,1
ember_993ce8a0f928.exe,2855936,2.2,6.195,75,1,1
ember_1312e3976b81.exe,961564,5.69,4.053,2,0,1
ember_2b07e82d2f88.exe,966734,5.66,4.053,2,0,1
ember_9d37ff4f4f40.exe,99328,1.53,7.985,3,0,1
ember_8c40aebc9889.exe,568093,28.88,4.055,55,0,1
ember_f8c389be0086.exe,559752,12.15,5.847,185,2,1
ember_8bf57d280300.exe,1465976,8.47,6.195,17,0,1
ember_a74820e6831a.exe,1335808,14.56,6.059,114,2,1
ember_e1746e777354.exe,963674,5.68,4.053,2,0,1
ember_bd306ca9e8d6.exe,965884,5.67,4.053,2,0,1
ember_6e78aec9f64b.exe,966984,5.66,4.053,2,0,1
ember_91a6cd571f28.exe,139264,20.26,5.557,54,0,1
ember_07886b7c9e88.exe,155648,18.89,6.131,104,0,1
ember_4706c77fc0f4.exe,559840,12.14,5.847,185,2,1
ember_fde2092ae440.exe,966014,5.67,4.053,2,0,1
ember_9a5c53cce148.exe,157147,8.38,4.07,220,1,1
ember_22cf7c8f03a8.exe,965954,5.67,4.053,2,0,1
ember_a2973ac3590b.exe,1359158,11.53,1.089,0,0,1
ember_356cb3a07540.exe,131200,20.92,6.117,25,0,1
ember_1af6a975c308.exe,445440,17.86,5.619,7,0,1
ember_f41b03d52b0c.exe,189460,3.19,6.924,8,0,1
ember_64ff2bd3c9f6.exe,964724,5.67,4.053,2,0,1
ember_d7f3364dab40.exe,968434,5.65,4.053,2,0,1
ember_c3a6bb05495c.exe,3584,74.33,3.272,8,0,1
ember_7e7f2cf03833.exe,969814,5.64,4.053,2,0,1
ember_4551e16201cd.exe,967744,5.66,4.053,2,0,1
ember_c3db0eab0aa1.exe,246117,3.76,5.634,91,1,1
ember_cbf1cb1cbedb.exe,101300,19.84,3.602,46,0,1
ember_1d183993855a.exe,261805,1.95,6.47,84,0,1
ember_fb23a199b1be.exe,188416,48.09,3.629,140,2,1
ember_210eefd70464.exe,967034,5.66,4.053,2,0,1
ember_58f7f40ac99b.exe,818688,0.9,3.202,1,0,1
ember_341bd6471a58.exe,2187264,6.4,7.217,75,1,1
ember_c105331c68ef.exe,276992,37.92,4.648,87,1,1
ember_dde9faba17ed.exe,126922,10.92,5.704,54,0,1
ember_c47d6032fa7d.exe,126827,10.93,5.704,54,0,1
ember_04bda7126bd0.exe,856680,1.48,6.534,10,0,1
ember_cbbbd3da7eaf.exe,103424,4.62,6.703,3,0,1
ember_eb99a3dde22f.exe,222568,18.81,4.9,182,0,1
ember_659b29aaeba6.exe,246037,3.77,5.634,91,1,1
ember_302d93ab08d1.exe,967264,5.66,4.053,2,0,1
ember_317b9024c930.exe,276992,37.92,4.648,87,1,1
ember_a64b385fb5b5.exe,126927,10.92,5.704,54,0,1
ember_d652805adf5c.exe,965994,5.67,4.053,2,0,1
ember_1803b8fec038.exe,126821,10.93,5.704,54,0,1
ember_aaa8a508604b.exe,126832,10.92,5.704,54,0,1
ember_2a2c973f4f68.exe,1339392,43.83,5.659,0,0,1
ember_a638ba1ce31c.exe,962104,5.69,4.053,2,0,1
ember_91be839fcb0f.exe,967124,5.66,4.053,2,0,1
ember_88b223da5a22.exe,967534,5.66,4.053,2,0,1
ember_609a4ba58670.exe,500224,20.26,4.64,127,2,1
ember_c3adccd5dfc6.exe,144800,19.97,4.516,103,0,1
ember_2fe4a6caea8e.exe,57622,46.19,3.691,66,0,1
ember_ed26caadc9b6.exe,811520,18.98,5.331,401,3,1
ember_2e07397f056e.exe,963774,5.68,4.053,2,0,1
ember_578d1b1ca5ba.exe,308736,8.41,4.574,42,0,1
ember_cef953483357.exe,965724,5.67,4.053,2,0,1
ember_4a2e9d982070.exe,123392,18.58,4.251,11,0,1
ember_60729979368d.exe,291996,6.92,4.884,157,0,1
ember_e92449bab83f.exe,966274,5.66,4.053,2,0,1
ember_49d258f99737.exe,479232,30.19,5.493,6,0,1
ember_b1d8b15b62d7.exe,1364992,3.38,5.323,1,0,1
ember_77053beb8116.exe,967174,5.66,4.053,2,0,1
ember_aeac872dd533.exe,1369603,2.58,5.606,97,1,1
ember_66fee49976ad.exe,967874,5.65,4.053,2,0,1
ember_62e89e4437cc.exe,197816,23.25,5.233,137,1,1
ember_ba3f3c7e5cba.exe,966054,5.67,4.053,2,0,1
ember_39a3847c09a5.exe,338632,18.55,5.477,154,2,1
ember_c29f7628214c.exe,330244,7.87,4.665,71,1,1
ember_7bdbd7acdaf9.exe,966734,5.66,4.053,2,0,1
ember_c011f975a2d9.exe,63820,19.97,4.491,171,0,1
ember_6847ea30eba8.exe,353792,5.21,4.554,1,0,1
ember_6a46f2a6796f.exe,126809,10.93,5.704,54,0,1
ember_dee83bf8ea4c.exe,99328,15.54,7.985,3,0,1
ember_80f927ad9a00.exe,123392,18.57,4.251,11,0,1
ember_b92fa2db4aef.exe,397113,31.63,4.055,55,0,1
ember_6ee6b984d871.exe,325120,31.93,4.29,173,2,1
ember_ad59bbbaeb48.exe,126844,10.92,5.704,54,0,1
ember_96b51d77d8f2.exe,968324,5.65,4.053,2,0,1
ember_ce5201e3dfa4.exe,563200,14.45,5.89,72,2,1
ember_9be7130ff461.exe,3584,74.33,3.271,8,0,1
ember_475a013b6633.exe,967144,5.66,4.053,2,0,1
ember_b19bcc2805c4.exe,970994,5.64,4.053,2,0,1
ember_dfdeda7d9032.exe,1372160,19.57,5.496,243,2,1
ember_8915057e3813.exe,520192,13.11,3.823,40,1,1
ember_9a8a49df2ede.exe,162720,11.51,4.553,15866,0,1
ember_cee390447aa8.exe,664917,26.93,4.288,1,0,1
ember_e06d64a0c12c.exe,131839,20.79,4.798,14,0,1
ember_965848895d46.exe,962514,5.69,4.053,2,0,1
ember_bc76a477027a.exe,2293248,72.72,4.292,69,1,1
ember_cc14e2e3a403.exe,88576,2.59,4.878,1,0,1
ember_719d03cb4ce3.exe,569492,20.35,4.472,98,0,1
ember_1bc3e0dfd89e.exe,163840,33.46,5.376,39,0,1
ember_70e54c28cfb8.exe,527360,22.37,4.24,173,0,1
ember_702570e34155.exe,499712,24.4,5.022,246,0,1
ember_bf18777907e7.exe,343425,6.08,5.037,61,0,1
ember_cdcf74227852.exe,966794,5.66,4.053,2,0,1
ember_a27c497dcf66.exe,155648,18.89,6.131,104,0,1
ember_b6f01e802192.exe,343443,6.08,5.037,61,0,1
ember_0ec347dab6f7.exe,568360,14.28,4.485,1,0,1
ember_8511ffa07317.exe,570880,22.21,5.09,92,2,1
ember_797b2f29c308.exe,99328,26.06,7.99,3,0,1
ember_dde1e541ca2e.exe,967514,5.66,4.053,2,0,1
ember_7a4260a164f5.exe,964754,5.67,4.053,2,0,1
ember_61f0e07de90f.exe,2058752,31.78,5.463,114,2,1
ember_a87b9238d521.exe,964134,5.68,4.053,2,0,1
ember_c4201f44ed68.exe,47104,32.06,7.35,1,0,1
ember_d754491dfeb8.exe,57536,25.9,4.777,4,0,1
ember_fbb2c4f79045.exe,282111,12.84,5.082,0,0,1
ember_6666a2ee4f2f.exe,963354,5.68,4.053,2,0,1
ember_3aa38bda0321.exe,249856,11.36,5.424,87,1,1
ember_1d12811c7639.exe,964694,5.67,4.053,2,0,1
ember_5c2a55989313.exe,1955930,21.4,5.492,1,0,1
ember_f5fe9fc31309.exe,505004,20.66,4.288,1,0,1
ember_61d60a359c76.exe,987648,18.59,5.229,106,2,1
ember_555af4da0aa7.exe,193561,7.49,1.887,0,0,1
ember_06abeb08a638.exe,155648,18.89,6.131,104,0,1
ember_a512b913eaef.exe,316416,6.87,4.742,1,0,1
ember_bec4379b7779.exe,1196376,3.93,5.612,98,1,1
ember_33237ae740d7.exe,1829888,27.02,6.056,65,1,1
ember_d56e1978bdbc.exe,1583480,1.07,5.768,165,0,1
ember_80e22f95fe9f.exe,1503736,21.37,4.291,1,0,1
ember_8760654f1c4f.exe,962064,5.69,4.053,2,0,1
ember_f97b28693ae8.exe,967404,5.66,4.053,2,0,1
ember_2402dbf76b11.exe,163840,5.13,5.882,96,2,1
ember_9ab37bce167b.exe,972044,5.63,4.053,2,0,1
ember_5e4c51e48947.exe,982528,0.76,4.801,29,1,1
ember_5713f9d4e9f4.exe,966684,5.66,4.053,2,0,1
ember_7e3ae0ea6897.exe,964454,5.68,4.053,2,0,1
ember_b0301ceda8ee.exe,903024,3.5,4.808,13,0,1
ember_91477b2b770b.exe,965434,5.67,4.053,2,0,1
ember_e1abb046b836.exe,123392,18.59,4.251,11,0,1
ember_d998e81fa5b9.exe,734022,1.54,5.185,158,0,1
ember_76f5397372ff.exe,2681344,48.86,5.234,72,1,1
ember_617a63143f2d.exe,151552,22.21,5.006,7,0,1
ember_05bf9476265a.exe,222544,17.54,6.234,154,0,1
ember_db68fe87fa7e.exe,235504,14.89,5.976,109,1,1
ember_d18fbf5a6db4.exe,343506,6.08,5.037,61,0,1
ember_84e4fe4bfbbc.exe,3584,64.56,3.065,1,0,1
ember_51c277e535a3.exe,964714,5.67,4.053,2,0,1
ember_0da23d1f6f38.exe,372224,21.5,4.956,102,2,1
ember_40b12f2c74a7.exe,965104,5.67,4.053,2,0,1
ember_b870f32e0e37.exe,525229,72.37,4.482,105,3,1
ember_354087ec85ee.exe,99328,27.0,7.986,3,0,1
ember_341b430790c5.exe,967884,5.65,4.053,2,0,1
ember_7ef81227d04b.exe,961504,5.69,4.053,2,0,1
ember_06ad65d3aefb.exe,257024,67.43,3.216,2,0,1
ember_bd0b06e4faca.exe,1838592,6.37,6.179,110,1,1
ember_4d8c70600d9b.exe,197673,7.35,1.891,0,0,1
ember_cf5c03c16705.exe,237842,22.11,4.968,156,2,1
ember_6a96c466a6fd.exe,983552,0.85,4.661,29,1,1
ember_350fcb8f853e.exe,249856,51.98,2.812,1,0,1
ember_4db640e6c642.exe,966644,5.66,4.053,2,0,1
ember_96b2908c6df3.exe,185344,24.78,4.739,89,1,1
ember_b993c27cff38.exe,983040,0.84,3.644,24,1,1
ember_677818333241.exe,962174,5.69,4.053,2,0,1
ember_e22cda64c738.exe,970834,5.64,4.053,2,0,1
ember_dcef2580c475.exe,238617,8.95,1.883,0,0,1
ember_cd2ad9107614.exe,1250816,6.77,6.766,114,1,1
ember_0769530b2a33.exe,1074398,16.64,5.314,469,4,1
ember_2f4866d6c840.exe,343486,6.04,5.037,61,0,1
ember_fe6d99300da7.exe,966094,5.67,4.053,2,0,1
ember_29f5df916be8.exe,1569280,20.74,5.241,580,3,1
ember_be5b20a50a9b.exe,413696,30.93,4.381,131,1,1
ember_3202f4becec9.exe,967724,5.66,4.053,2,0,1
ember_eff1760083d8.exe,2164736,17.72,4.319,580,2,1
ember_ffb853d038a9.exe,961984,5.69,4.053,2,0,1
ember_7ef3e5c557bf.exe,965204,5.67,4.053,2,0,1
ember_14cf2ec85448.exe,968894,5.65,4.053,2,0,1
ember_8ad530afed92.exe,1928192,1.45,7.134,0,0,1
ember_9a638c1c0f06.exe,108032,9.76,4.805,136,1,1
ember_dc2f79dccf40.exe,368128,4.85,4.646,1,0,1
ember_84cff59bd64b.exe,962344,5.69,4.053,2,0,1
ember_ae3b630dfaff.exe,967024,5.66,4.053,2,0,1
ember_82ba922a39ce.exe,179161,8.51,5.484,44,0,1
ember_d6f598a45685.exe,287853,6.14,5.371,165,0,1
ember_e5b9088ad48d.exe,1470472,14.61,7.366,16,0,1
ember_73ae23f6386b.exe,1250816,6.77,6.766,114,1,1
ember_a65f8aad4953.exe,126938,10.91,5.704,54,0,1
ember_acd26188b39c.exe,218448,17.86,6.228,154,0,1
ember_a27805b2e995.exe,103140,99.66,0.055,2,0,1
ember_789f1b47ca7f.exe,343572,6.03,5.037,61,0,1
ember_450078cd333c.exe,844801,2.69,4.568,2,0,1
ember_0ea6f5b3579e.exe,534208,14.58,6.037,374,2,1
ember_c8b95aef94e8.exe,131200,20.92,6.117,25,0,1
ember_0292f7e9b2f9.exe,962994,5.68,4.053,2,0,1
ember_26152e49b6e0.exe,343588,6.03,5.037,61,0,1
ember_88a41fb5bb0d.exe,1261056,3.73,4.567,1,0,1
ember_59a88e683523.exe,284672,2.18,5.175,42,0,1
ember_cc0b4818ae09.exe,676295,27.3,3.845,97,0,1
ember_67c6b8d67851.exe,139264,20.26,5.557,54,0,1
ember_da9018293fa7.exe,2676736,67.35,3.331,107,1,1
ember_f65e71bd431c.exe,299009,20.95,3.744,116,0,1
ember_4dbab5eb4e35.exe,155648,18.89,6.131,104,0,1
ember_08600ca438c2.exe,208896,30.46,4.792,14,0,1
ember_bdd6e754c315.exe,971054,5.64,4.053,2,0,1
ember_3fa182068425.exe,967024,5.66,4.053,2,0,1
ember_793b073152bc.exe,372339,51.06,2.603,0,0,1
ember_742dd7d7d3f2.exe,5267459,48.48,3.188,13,0,1
ember_30ca06c48c26.exe,636928,5.31,3.787,11,0,1
ember_7548353cb1c0.exe,966014,5.67,4.053,2,0,1
ember_f2181fe61143.exe,2061938,51.89,5.235,218,2,1
ember_68c02cfdc5e2.exe,85606,5.61,7.782,3,0,1
ember_bd2bbb963c3a.exe,320000,21.77,5.438,101,2,1
ember_235d54983214.exe,3753984,63.08,4.613,63,2,1
ember_8fac0445099b.exe,225182,50.13,3.096,3,0,1
ember_95c72f8d9091.exe,180224,1.46,5.198,15,1,1
ember_cbc143f69da7.exe,155648,18.89,6.131,104,0,1
ember_473411f4a74f.exe,967324,5.66,4.053,2,0,1
ember_b203df48cbf5.exe,2460160,37.31,4.746,110,2,1
ember_945169519aea.exe,966894,5.66,4.053,2,0,1
ember_9300832a5c70.exe,966304,5.66,4.053,2,0,1
ember_59449047a10a.exe,187184,10.22,5.586,133,2,1
ember_6cb7110a4208.exe,966924,5.66,4.053,2,0,1
ember_dc7223ab4593.exe,314266,13.36,6.371,99,2,1
ember_f2a722ed26c3.exe,1441792,15.58,5.702,524,2,1
ember_08f926f6f9c8.exe,500224,20.26,4.64,127,2,1
ember_9c34bd3619d6.exe,36864,36.44,5.86,61,2,1
ember_13daddfa93bc.exe,432640,24.75,5.57,76,1,1
ember_ea08a313891a.exe,970114,5.64,4.053,2,0,1
ember_d16c9e6f369f.exe,245973,3.77,5.634,91,1,1
ember_09551ea3e9c9.exe,827392,31.21,3.905,48,0,1
ember_efcd6cb9b2f0.exe,1246720,13.8,5.97,114,2,1
ember_497653e11ef7.exe,126855,10.92,5.704,54,0,1
ember_dd1657bd89b3.exe,39372,24.44,5.459,50,0,1
ember_a973b16ab451.exe,1512448,0.88,4.752,20,0,1
ember_261b5862130d.exe,52347,13.43,4.055,55,0,1
ember_d2711eb3fbe6.exe,1541632,43.56,4.53,96,2,1
ember_54d8ea0c260d.exe,965314,5.67,4.053,2,0,1
ember_6cc6c9c50e49.exe,440832,20.46,5.639,67,1,1
ember_0905cbc669b3.exe,63805,19.98,4.49,171,0,1
ember_9c0d67387880.exe,67072,22.78,4.198,16,0,1
ember_2c2ec0eb356e.exe,126499,12.75,4.055,55,0,1
ember_f66c62aea413.exe,279048,2.27,4.926,2,0,1
ember_6dbcf74a44f0.exe,587776,12.42,5.636,14,0,1
ember_400acca48cc6.exe,519682,22.92,4.095,80,0,1
ember_35752eeb157c.exe,2178560,17.66,4.319,572,2,1
ember_2274a5de1793.exe,180736,9.15,7.071,10,0,1
ember_9b71fa4f74f6.exe,88576,2.59,4.878,1,0,1
ember_0e49900005c3.exe,90116,27.88,4.003,69,0,1
ember_cb78daf85c20.exe,273821,1.98,7.073,7,0,1
ember_80da826076fd.exe,261120,17.62,4.859,104,1,1
ember_641fc9035771.exe,1024004,16.92,6.0,426,2,1
ember_cd30618ba143.exe,967004,5.66,4.053,2,0,1
ember_f745d5b6aa93.exe,1388296,1.33,5.361,261,1,1
ember_1c4f02d67c8a.exe,227842,13.32,5.873,33,1,1
ember_96aced8c6b8b.exe,1388544,20.55,5.087,465,1,1
ember_42677c075a71.exe,343463,6.04,5.037,61,0,1
ember_2b46480f3498.exe,99328,20.11,7.987,3,0,1
ember_c1a0ae89f1d6.exe,193024,1.39,5.093,15,1,1
ember_bdecca91a0e7.exe,123392,18.61,4.25,11,0,1
ember_c3a9ecf7ab11.exe,965784,5.67,4.053,2,0,1
ember_ea4567b2b437.exe,966734,5.66,4.053,2,0,1
ember_5c0146569532.exe,5267459,64.07,2.932,13,0,1
ember_1ad282490fd1.exe,965314,5.67,4.053,2,0,1
ember_bc92249bade9.exe,967334,5.66,4.053,2,0,1
ember_2f5e6fb3ecee.exe,246093,3.77,5.634,91,1,1
ember_3a5f83bd66f4.exe,965644,5.67,4.053,2,0,1
ember_9dc3d56a9070.exe,962874,5.68,4.053,2,0,1
ember_c36c6bf46b9c.exe,966954,5.66,4.053,2,0,1
ember_09da491a9904.exe,965394,5.67,4.053,2,0,1
ember_d07c41f97f96.exe,964104,5.68,4.053,2,0,1
ember_ded1858a32a4.exe,997316,25.19,4.292,1,0,1
ember_2b1aeb3f3e7b.exe,963764,5.68,4.053,2,0,1
ember_ebb205e425df.exe,79598,45.87,4.323,3,0,1
ember_32ffde3c73f1.exe,979456,0.67,5.432,3,0,1
ember_4a0bd61e2f6d.exe,184320,22.78,4.951,168,0,1
ember_3904b80f96a4.exe,126874,10.92,5.704,54,0,1
ember_30adda0f81c3.exe,2061938,30.74,7.902,0,0,1
ember_dccedc6614c7.exe,565248,48.27,4.051,7,0,1
ember_1e93e58eaf33.exe,965634,5.67,4.053,2,0,1
ember_e337d1b61929.exe,964614,5.67,4.053,2,0,1
ember_32a67725d6a5.exe,2072576,13.73,5.178,202,1,1
ember_1599eaffa981.exe,967254,5.66,4.053,2,0,1
ember_4948904cb8e8.exe,86016,35.06,5.538,152,0,1
ember_9904ef35c79b.exe,1250816,6.76,6.766,114,1,1
ember_da533316e091.exe,155485,45.57,4.501,73,2,1
ember_9f4a60aa0170.exe,964934,5.67,4.053,2,0,1
ember_95f534602589.exe,570880,21.45,5.422,232,2,1
ember_43d252fcff28.exe,962274,5.69,4.053,2,0,1
ember_1a33f5867d5b.exe,966454,5.66,4.053,2,0,1
ember_144de06cb3cc.exe,268288,1.7,7.394,4,1,1
ember_9c6a7874a9cf.exe,246117,3.76,5.634,91,1,1
ember_d178c3fcb32b.exe,1389733,26.31,4.291,1,0,1
ember_0285ccb86880.exe,430082,15.0,4.436,12,0,1
ember_088ca414ab9f.exe,126910,10.92,5.704,54,0,1
ember_c883ba8cc7d2.exe,1060314,69.78,2.257,87,1,1
ember_cf9979a156fc.exe,970774,5.64,4.053,2,0,1
ember_f27c87e958d1.exe,189460,3.19,6.924,8,0,1
ember_3553544e1179.exe,559904,12.14,5.847,185,2,1
ember_0d2515cf3ca1.exe,503808,10.28,6.601,102,1,1
ember_3c33d4a06763.exe,838619,6.85,5.986,11,0,1
ember_5ae43f3786f7.exe,400831,36.74,3.947,11,0,1
ember_1392f8739bb0.exe,965474,5.67,4.053,2,0,1
ember_ee702ceded30.exe,484648,29.97,5.255,228,0,1
ember_51ad4d7f7817.exe,966294,5.66,4.053,2,0,1
ember_85771928f800.exe,967854,5.66,4.053,2,0,1
ember_45613fa43b18.exe,147112,22.63,5.696,23,0,1
ember_8d7abfd0a6ee.exe,633965,26.65,4.613,105,1,1
ember_16fef7d6d557.exe,2355200,52.56,4.338,29,1,1
ember_3c6caff3b607.exe,967114,5.66,4.053,2,0,1
ember_595055de7ac7.exe,131200,20.92,6.117,25,0,1
ember_76622d4ab74d.exe,1882507,15.01,5.253,18,0,1
ember_34d42db4d1e3.exe,135680,3.92,4.882,2,0,1
ember_9254208e7e73.exe,965104,5.67,4.053,2,0,1
ember_7df951626af7.exe,956544,36.74,3.819,54,0,1
ember_f7d517698794.exe,964854,5.67,4.053,2,0,1
ember_0cad64600040.exe,969744,5.64,4.053,2,0,1
ember_f5e3d566117c.exe,1353258,2.33,7.512,8,0,1
ember_40297b7ea0e5.exe,965074,5.67,4.053,2,0,1
ember_b9aecc9665ba.exe,966644,5.66,4.053,2,0,1
ember_10a02d3fea79.exe,143360,22.51,5.291,52,0,1
ember_c987449a1ed0.exe,967284,5.66,4.053,2,0,1
ember_8557fdab4dcb.exe,372736,14.53,4.952,168,0,1
ember_67c936ef8727.exe,965364,5.67,4.053,2,0,1
ember_bb1bbca11e95.exe,1004886,16.05,4.134,58,1,1
ember_877a76427a91.exe,139264,20.26,5.557,54,0,1
ember_ab76c882c225.exe,3584,74.33,3.272,8,0,1
ember_713a023b4d79.exe,298268,21.22,4.055,55,0,1
ember_56d1c7ca3fac.exe,991232,19.3,5.732,75,1,1
ember_82ed33990e43.exe,1004360,11.16,7.015,196,2,1
ember_e973658f5ff5.exe,1250816,6.76,6.766,114,1,1
ember_60a575a3b90d.exe,131200,20.92,6.117,25,0,1
ember_cc4835bff2d8.exe,343482,6.08,5.037,61,0,1
ember_cefe8b9ef9b8.exe,412672,19.08,4.722,90,1,1
ember_521e8b48c7c4.exe,389120,10.34,5.933,174,2,1
ember_ee15d9957c71.exe,66048,22.23,4.207,16,0,1
ember_48f1aa39fdba.exe,878592,20.63,5.739,153,1,1
ember_b1b1adfd8114.exe,528384,6.24,6.723,107,1,1
ember_13e943f05854.exe,246085,3.76,5.634,91,1,1
ember_97d944f50ab2.exe,965224,5.67,4.053,2,0,1
ember_c98afac6be4a.exe,217437,13.5,5.087,169,1,1
ember_3fe1dd3992ad.exe,965604,5.67,4.053,2,0,1
ember_cfa1542acc19.exe,967054,5.66,4.053,2,0,1
ember_722b8f2eb063.exe,1292913,18.77,5.454,411,1,1
ember_d4e55e4d89a3.exe,29854,29.42,5.034,53,0,1
ember_f91e078c5760.exe,965094,5.67,4.053,2,0,1
ember_55d760c5df10.exe,959488,0.84,3.548,10,0,1
ember_20adbdd1faaa.exe,3584,74.33,3.273,8,0,1
ember_5e48dbb97637.exe,967514,5.66,4.053,2,0,1
ember_f61989d89692.exe,139264,20.26,5.557,54,0,1
ember_960fcdea829b.exe,126972,10.91,5.704,54,0,1
ember_d28169e3cbfd.exe,193066,33.37,4.055,55,0,1
ember_b3aaffcef7be.exe,966314,5.66,4.053,2,0,1
ember_77ef0965782f.exe,965874,5.67,4.053,2,0,1
ember_e13557b004c0.exe,712704,34.47,4.001,48,0,1
ember_1fa81db745a7.exe,140192,4.46,5.761,20,0,1
ember_8da7e7a2364e.exe,1250816,6.77,6.766,114,1,1
ember_585e75744fb7.exe,217088,33.57,4.689,68,1,1
ember_7cb8a2cfaaf5.exe,1250816,6.76,6.766,114,1,1
ember_35525f46e61a.exe,965614,5.67,4.053,2,0,1
ember_845445e643c2.exe,294912,13.81,5.613,211,0,1
ember_ad745ee1d1e2.exe,965094,5.67,4.053,2,0,1
ember_aad231f002f7.exe,2738616,1.93,2.99,90,0,1
ember_c5a4294d7bf6.exe,152013,16.92,4.901,43,1,1
ember_80ac0607dca9.exe,3148288,73.06,3.257,113,2,1
ember_2bc71bec93ec.exe,139264,20.26,5.557,54,0,1
ember_0a5513a9a9ab.exe,964484,5.67,4.053,2,0,1
ember_03ab57781f07.exe,2325504,0.88,3.803,15,0,1
ember_68832c7b6ea3.exe,966324,5.66,4.053,2,0,1
ember_158b68173fb7.exe,962674,5.69,4.053,2,0,1
ember_99b789e4df34.exe,967074,5.66,4.053,2,0,1
ember_c601b5c5c869.exe,155648,18.89,6.131,104,0,1
ember_0c1d37c47567.exe,963154,5.68,4.053,2,0,1
ember_bf4c7de88f1e.exe,966294,5.66,4.053,2,0,1
ember_f4e56c4ae2b2.exe,126996,10.91,5.704,54,0,1
ember_c5e9ef03d95f.exe,2293248,72.72,4.292,69,1,1
ember_179777af0937.exe,321536,34.29,5.453,114,2,1
ember_26d11bab5d05.exe,12344832,85.91,6.175,110,1,1
ember_53bdcf6850de.exe,1194853,17.98,3.108,119,0,1
ember_87260d4ea0a1.exe,966204,5.66,4.053,2,0,1
ember_e61b77b7afa5.exe,131200,20.92,6.117,25,0,1
ember_ffdc0df077cd.exe,966264,5.66,4.053,2,0,1
ember_aa8ca485d059.exe,964254,5.68,4.053,2,0,1
ember_7e69fd24b3a8.exe,432168,29.06,4.169,11,0,1
ember_8c5bb2b0b45d.exe,444928,14.05,6.392,106,2,1
ember_670834a6edd6.exe,968114,5.65,4.053,2,0,1
ember_19122229b41e.exe,88576,2.59,4.878,1,0,1
ember_b924fe25c7e8.exe,405504,29.68,4.366,154,1,1
ember_2e1d9ccd69f7.exe,307712,11.99,4.666,1,0,1
ember_c5b9f51c256f.exe,1606424,1.28,4.697,8,0,1
ember_83cead4b218b.exe,155648,18.89,6.131,104,0,1
ember_1199cf844180.exe,215856,11.09,3.811,386,1,1
ember_274ad5ff067b.exe,1156096,1.34,6.352,10,1,1
ember_fa4e1cb3e41e.exe,1036800,43.07,2.941,1,0,1
ember_542eab09938c.exe,847841,13.66,4.714,467,4,1
ember_ed5d02478f5e.exe,500224,20.26,4.64,127,2,1
ember_d600d23069c0.exe,1810432,11.51,5.463,347,1,1
ember_d1f6feec0d24.exe,965764,5.67,4.053,2,0,1
ember_0c80f6a9cf72.exe,118842,19.04,6.065,58,0,1
ember_2ecade8a9279.exe,1540096,14.97,5.521,283,2,1
ember_0ba36a32c22f.exe,2738526,1.93,2.99,90,0,1
ember_1e26c760df57.exe,101300,19.84,3.602,46,0,1
ember_38d66b5dd899.exe,1829888,27.02,6.056,65,1,1
ember_a504d476df2e.exe,1569280,20.74,5.241,580,3,1
ember_cf3261afb9e6.exe,1622613,15.2,3.996,44,1,1
ember_eb2f783e1626.exe,961924,5.69,4.053,2,0,1
ember_f26634941138.exe,343413,6.04,5.037,61,0,1
ember_aec161bf4117.exe,139264,20.26,5.557,54,0,1
ember_09a96658647f.exe,1288978,1.93,5.656,7,0,1
ember_c3c9125af209.exe,965024,5.67,4.053,2,0,1
ember_97f7620d38c0.exe,2738658,1.85,2.99,90,0,1
ember_13b9c01d121f.exe,965854,5.67,4.053,2,0,1
ember_15228b2104df.exe,964454,5.68,4.053,2,0,1
ember_0846ec3ca0df.exe,131200,20.92,6.117,25,0,1
ember_12ef166b0ac5.exe,967054,5.66,4.053,2,0,1
ember_8480509d0069.exe,210944,16.3,5.585,121,0,1
ember_f6b585eb6615.exe,917336,26.78,3.633,60,0,1
ember_f8231a0e67f3.exe,152088,1.72,5.818,5,0,1
ember_9803b9418cbe.exe,964764,5.67,4.053,2,0,1
ember_94277d8d950e.exe,507392,22.86,5.053,216,2,1
ember_6fcb1f2cd8d3.exe,965034,5.67,4.053,2,0,1
ember_854ac4f720b3.exe,970294,5.64,4.053,2,0,1
ember_2c05ad664f98.exe,172032,25.36,5.396,63,1,1
ember_afd7c417d509.exe,197120,1.5,5.142,15,1,1
ember_8f5874c0c4b3.exe,207872,10.14,5.516,1,0,1
ember_2f4fbd8980ee.exe,139264,20.26,5.557,54,0,1
ember_73e519400c26.exe,343499,6.04,5.037,61,0,1
ember_4af52f65dc3d.exe,321024,21.64,5.524,102,2,1
ember_2f36a61359f3.exe,139264,19.4,5.977,21,0,1
ember_41ccd62a0ec9.exe,209408,21.43,5.834,83,1,1
ember_66cd007ef001.exe,761856,32.21,4.172,48,0,1
ember_098ca2089667.exe,965924,5.67,4.053,2,0,1
ember_d932c356a8f1.exe,477684,12.08,5.838,237,2,1
ember_fff481228c71.exe,88576,2.59,4.878,1,0,1
ember_f5b47160da93.exe,155648,18.89,6.131,104,0,1
ember_4ecb8b95456b.exe,323072,21.62,5.096,80,2,1
ember_6b669b4f8be0.exe,525212,72.37,4.482,105,3,1
ember_ebee423d9f9e.exe,88576,2.59,4.878,1,0,1
ember_9fe282dbd04f.exe,965654,5.67,4.053,2,0,1
ember_958c008162b7.exe,1117220,19.08,5.27,469,4,1
ember_d50d830dd207.exe,966194,5.66,4.053,2,0,1
ember_bd70e9bd925e.exe,269273,11.41,4.309,88,1,1
ember_e1ddbee7322c.exe,966744,5.66,4.053,2,0,1
ember_b72a4c066ec1.exe,139264,20.26,5.557,54,0,1
ember_bd8f54cb80d6.exe,1463808,0.57,5.767,4,1,1
ember_64c2434edf66.exe,88576,2.59,4.878,1,0,1
ember_685a497feb2a.exe,188416,6.04,3.928,15,1,1
ember_4c8cc3234827.exe,208896,30.46,4.792,14,0,1
ember_c0f9c3efa95b.exe,155648,18.89,6.131,104,0,1
ember_609f568f1ddd.exe,343509,6.04,5.037,61,0,1
ember_15d5e97ca7ac.exe,245965,3.77,5.634,91,1,1
ember_04d274dfe31d.exe,3584,74.33,3.269,8,0,1
ember_e6ac0074b502.exe,966584,5.66,4.053,2,0,1
ember_aa0a01272b00.exe,966834,5.66,4.053,2,0,1
ember_11b14ea294f2.exe,416768,18.06,5.314,136,2,1
ember_b13b916cfb05.exe,101312,31.82,3.608,1,0,1
ember_5cb909ce80d6.exe,205312,24.72,4.726,320,2,1
ember_b499eb6d5f9e.exe,180224,49.59,3.87,98,2,1
ember_77c145ea76f0.exe,215040,1.36,5.163,15,1,1
ember_90a4f4299ceb.exe,965004,5.67,4.053,2,0,1
ember_6f7028f7c56e.exe,157791,14.27,4.055,55,0,1
ember_8584c69033d7.exe,963904,5.68,4.053,2,0,1
ember_999c6956796c.exe,964464,5.67,4.053,2,0,1
ember_5de9b4ad7d77.exe,131200,20.92,6.117,25,0,1
ember_22304e2ad64a.exe,876885,26.51,4.291,1,0,1
ember_0cfa60d7b480.exe,964074,5.68,4.053,2,0,1
ember_6988258b0264.exe,971504,5.63,4.053,2,0,1
ember_dca7e729b0f9.exe,343488,6.04,5.037,61,0,1
ember_85bb7a1c66fe.exe,1105364,3.45,3.773,39,0,1
ember_c20d4a00bcff.exe,126997,10.91,5.704,54,0,1
ember_4a4411c164f8.exe,131200,20.92,6.117,25,0,1
ember_3a62b98be938.exe,966204,5.66,4.053,2,0,1
ember_97bfc3d97c99.exe,968474,5.65,4.053,2,0,1
ember_43359a992d4f.exe,966634,5.66,4.053,2,0,1
ember_682225140e9e.exe,139264,20.26,5.557,54,0,1
ember_28a6a8cff892.exe,290816,40.91,4.137,132,1,1
ember_ef3be3ae3ad9.exe,1654765,21.19,4.291,1,0,1
ember_9c47769afb0c.exe,4596456,1.99,5.019,93,1,1
ember_6f7349fdd088.exe,118904,18.97,5.299,46,0,1
ember_9329986a1445.exe,1346048,12.12,3.797,86,1,1
ember_220216704e6f.exe,123392,18.59,4.25,11,0,1
ember_5fd8f46d8e6f.exe,1021357,25.94,7.932,1,0,1
ember_7623a8f80d7d.exe,1215488,92.25,5.283,48,1,1
ember_77923a373c79.exe,126995,10.91,5.704,54,0,1
ember_48bf16a156df.exe,1042514,22.86,4.935,415,1,1
ember_e70fda11db8f.exe,356864,19.13,4.722,15,1,1
ember_d58e9ec5513e.exe,1751552,54.65,3.991,101,2,1
ember_f8fdbe11355c.exe,1443928,48.74,6.208,49,1,1
ember_0f1275ff85c0.exe,217088,18.79,3.046,23,0,1
ember_8a3e6f828c6d.exe,966294,5.66,4.053,2,0,1
ember_40610d729f7d.exe,575324,0.8,4.233,30,1,1
ember_490454d73dd2.exe,967054,5.66,4.053,2,0,1
ember_ded648cc8625.exe,962364,5.69,4.053,2,0,1
ember_3c5c0c9e766e.exe,559816,12.14,5.847,185,2,1
ember_c2b8ccea6985.exe,641960,3.31,6.794,13,0,1
ember_54d0aaffe0d1.exe,850944,25.67,6.711,15,0,1
ember_e01670ca5af3.exe,551424,2.14,5.41,19,0,1
ember_813f792c47bd.exe,126951,10.92,5.704,54,0,1
ember_2b1544f792ad.exe,327680,15.72,4.423,45,0,1
ember_0ee823f430d0.exe,356864,21.54,4.979,92,2,1
ember_79be21f05e1c.exe,1859072,6.47,6.161,110,1,1
ember_d1433c77a7f1.exe,965084,5.67,4.053,2,0,1
ember_125983dc34fa.exe,479824,13.5,5.979,133,1,1
ember_edcf5e2eae6d.exe,63806,20.0,4.487,171,0,1
ember_9fa08df8abde.exe,500224,20.26,4.64,127,2,1
ember_f1e5277fdb8f.exe,967534,5.66,4.053,2,0,1
ember_42d104eda81e.exe,879104,23.32,4.373,1,0,1
ember_82adc8bee90c.exe,2073088,13.4,3.817,23,0,1
ember_404617541c4c.exe,139264,20.26,5.557,54,0,1
ember_151a711203f8.exe,966494,5.66,4.053,2,0,1
ember_806a02954182.exe,459992,18.12,5.799,311,2,1
ember_a70ed921e16e.exe,3584,74.33,3.27,8,0,1
ember_2a9c310a2b49.exe,964384,5.68,4.053,2,0,1
ember_177f4662c919.exe,126879,10.92,5.704,54,0,1
ember_5a1e93b03a43.exe,322560,14.96,4.99,95,1,1
ember_ca0ffd380e25.exe,102400,32.79,3.382,0,0,1
ember_ea3b960218d6.exe,966894,5.66,4.053,2,0,1
ember_2b74c7ea626d.exe,38912,19.31,5.946,124,0,1
ember_94dd7c22d6db.exe,2530304,66.03,3.615,64,1,1
ember_1ed0ddbd7bab.exe,217600,16.28,5.563,179,1,1
ember_cf88a6992219.exe,343536,6.08,5.037,61,0,1
ember_3e81b736f9f4.exe,965594,5.67,4.053,2,0,1
ember_efe74bb5d496.exe,245760,2.77,3.469,8,0,1
ember_2b6951ad1f53.exe,168832,9.54,5.757,198,1,1
ember_fc0c54a405bb.exe,1363833,9.3,5.397,474,4,1
ember_7149c22c676a.exe,966334,5.66,4.053,2,0,1
ember_6c2d66d60c53.exe,2738749,1.89,2.99,90,0,1
ember_2e97a16cb006.exe,99328,17.49,7.987,3,0,1
ember_86ff87031e8d.exe,30136,18.5,3.45,83,0,1
ember_78fb8cf55601.exe,221578,13.21,5.204,146,2,1
ember_62e61fb36485.exe,343511,6.08,5.037,61,0,1
ember_5a7952d68e4d.exe,1353468,2.33,7.512,8,0,1
ember_cd943aa5a2c8.exe,966224,5.66,4.053,2,0,1
ember_db2e6d8ad042.exe,87552,3.59,6.756,4,0,1
ember_bd3fcf79f6c7.exe,343579,6.03,5.037,61,0,1
ember_779b41964fd7.exe,431104,13.08,5.104,33,0,1
ember_fc4a3620fbc4.exe,318848,12.51,4.684,12,0,1
ember_fc585e076ba9.exe,126849,10.92,5.704,54,0,1
ember_fbb66cf21357.exe,429568,16.54,4.129,12,0,1
ember_91bddc320519.exe,965864,5.67,4.053,2,0,1
ember_a9394f7ef47b.exe,4096,65.11,3.27,8,0,1
ember_5ac1d075e3df.exe,3584,74.33,3.275,8,0,1
ember_cb92c72e1c3c.exe,970954,5.64,4.053,2,0,1
ember_0eb289f62cb2.exe,364544,18.11,3.819,87,0,1
ember_327ee216f001.exe,1339392,43.82,5.657,0,0,1
ember_ab22a11d8bc6.exe,139264,20.26,5.557,54,0,1
ember_9c69a93547e2.exe,962244,5.69,4.053,2,0,1
ember_30e7cf8d08b2.exe,971244,5.64,4.053,2,0,1
ember_54b174c35e5d.exe,962354,5.69,4.053,2,0,1
ember_10ac5a6bbb44.exe,500224,20.26,4.64,127,2,1
ember_3f74a3ac6750.exe,1330356,79.11,7.992,1,0,1
ember_39d8f8fc4b44.exe,664120,2.78,4.367,1,0,1
ember_84d0fe418402.exe,2061938,28.87,7.893,0,0,1
ember_802a06428fdb.exe,17189,15.97,1.622,0,0,1
ember_e4b8dbf791fa.exe,1857880,1.81,5.304,213,1,1
ember_864bde129290.exe,964754,5.67,4.053,2,0,1
ember_d123da286781.exe,3584,74.33,3.27,8,0,1
ember_35b08bc4c568.exe,1085974,2.5,7.136,0,0,1
ember_ee4d3cf7869a.exe,966744,5.66,4.053,2,0,1
ember_d9f027a10806.exe,458752,21.75,4.668,8,0,1
ember_580abf1a29a9.exe,134656,73.61,5.062,3,0,1
ember_b20871efd30b.exe,967404,5.66,4.053,2,0,1
ember_1b4e5f295eb7.exe,327808,14.03,5.969,242,1,1
ember_55b4a2bb8c61.exe,4783104,70.96,4.968,108,2,1
ember_489efe24c659.exe,246133,3.76,5.634,91,1,1
ember_02edcfe8def1.exe,3584,74.33,3.276,8,0,1
ember_60f43ad0c90a.exe,1654979,25.04,4.307,1,0,1
ember_bba383146e3f.exe,500224,20.26,4.64,127,2,1
ember_f7fad340ab2c.exe,28864,58.55,4.12,37,1,1
ember_5a62b60f71e7.exe,360960,18.12,4.716,15,1,1
ember_9061f7db59b0.exe,459171,14.45,5.588,154,1,1
ember_915a28475d48.exe,960764,5.7,4.053,2,0,1
ember_9cd2f607b0b4.exe,205824,7.06,5.199,15,1,1
ember_fed9e5d09450.exe,736256,12.24,5.111,78,1,1
ember_d22299ddf16a.exe,1483264,4.82,4.991,93,1,1
ember_041e8382b331.exe,13436,55.47,4.539,25,0,1
ember_c4aeb9f5a3e0.exe,707584,32.1,5.116,236,2,1
ember_3d6bc45adb19.exe,318848,12.51,4.684,12,0,1
ember_44c64f89138a.exe,428362,18.89,2.941,45,0,1
ember_03dd919ff201.exe,432640,13.59,5.08,33,0,1
ember_6ad888662b1e.exe,26380,55.24,4.539,25,0,1
ember_5dd86e623517.exe,1250816,6.77,6.766,114,1,1
ember_4de709eb77b1.exe,208896,30.46,4.792,14,0,1
ember_e3bda9a2dba4.exe,1650688,56.0,4.794,75,1,1
ember_8eb664f5d58f.exe,278024,14.92,3.966,3,0,1
ember_76870559258d.exe,5267459,70.28,2.82,13,0,1
ember_8c63f750182d.exe,1599888,1.07,5.772,165,0,1
ember_f3f20673ce95.exe,557272,20.52,4.549,226,1,1
ember_6e0e82a4ec54.exe,965694,5.67,4.053,2,0,1
ember_e09eef6dda51.exe,126849,10.92,5.704,54,0,1
ember_1e88bbe05961.exe,303616,20.16,5.704,181,2,1
ember_4e621f2279e3.exe,711680,14.69,5.083,15,0,1
ember_6dbb1dbb36ed.exe,164356,12.58,5.806,78,0,1
ember_0fccfb7e95b2.exe,559920,12.14,5.847,185,2,1
ember_1064e19a6b09.exe,267320,10.57,3.384,83,0,1
ember_c8c9c0e06536.exe,276992,37.92,4.648,87,1,1
ember_f423a17ba475.exe,450560,7.05,5.565,144,3,1
ember_de6d7bd34245.exe,3020800,4.29,6.135,114,2,1
ember_12abbefeb2ac.exe,807424,10.71,4.847,75,1,1
ember_f117d34b9368.exe,1562624,49.02,5.11,73,1,1
ember_464d1881a561.exe,197120,29.81,3.946,95,1,1
ember_a378044b5973.exe,962074,5.69,4.053,2,0,1
ember_cfc67e4962af.exe,964864,5.67,4.053,2,0,1
ember_6832d39a0a52.exe,139264,20.26,5.557,54,0,1
ember_74b5537307ac.exe,970644,5.64,4.053,2,0,1
ember_e0da786d8d56.exe,380434,7.45,4.731,41,1,1
ember_a8249d81a0bb.exe,966404,5.66,4.053,2,0,1
ember_d394b7e9f71f.exe,966714,5.66,4.053,2,0,1
ember_4ad3014e1ac1.exe,963364,5.68,4.053,2,0,1
ember_e95ab2f1afff.exe,139264,20.26,5.557,54,0,1
ember_71e9625f4e3e.exe,1461259,12.92,6.025,572,1,1
ember_e364c8ea8e74.exe,965394,5.67,4.053,2,0,1
ember_85e48224fe34.exe,262144,3.84,4.479,0,0,1
ember_81ddbed4c580.exe,964494,5.67,4.053,2,0,1
ember_aa8387d2706e.exe,736256,12.24,5.117,78,1,1
ember_8f5e3f1a3886.exe,401939,10.67,5.209,125,2,1
ember_419e8633bb6d.exe,550789,29.77,4.055,55,0,1
ember_0c1ef3443fed.exe,491520,17.61,4.944,275,1,1
ember_99457295b528.exe,44544,33.77,4.764,44,1,1
ember_670142b101ed.exe,736256,12.24,5.118,78,1,1
ember_001873220c08.exe,48128,8.11,5.134,21,0,1
ember_45ef84e64511.exe,735483,23.51,4.613,105,1,1
ember_9bbc483833f2.exe,307709,42.29,5.034,146,1,1
ember_01c33dfe9960.exe,2053632,16.97,5.802,548,2,1
ember_d9f084505b6f.exe,370688,25.1,4.481,62,2,1
ember_063156c2f953.exe,246077,3.77,5.634,91,1,1
ember_2f6fdb5e3a74.exe,1562624,49.01,5.114,73,1,1
ember_2ef8e296f752.exe,151552,22.16,5.404,36,0,1
ember_bfa0fcf0d6b2.exe,965454,5.67,4.053,2,0,1
ember_da4c09a0c10d.exe,139264,20.26,5.557,54,0,1
ember_202188555db3.exe,88576,2.59,4.878,1,0,1
ember_7a15e248b207.exe,1632664,23.62,4.765,432,2,1
ember_458a1df80183.exe,2738606,1.85,2.99,90,0,1
ember_f598fba619cd.exe,528814,18.55,4.551,71,1,1
ember_dbe87098175e.exe,963974,5.68,4.053,2,0,1
ember_cec51bec82aa.exe,964884,5.67,4.053,2,0,1
ember_5dbeccf4ba34.exe,2738529,1.89,2.99,90,0,1
ember_8f4af0da51ef.exe,965694,5.67,4.053,2,0,1
ember_8152cfd72d9e.exe,964844,5.67,4.053,2,0,1
ember_d6390a6ad3df.exe,2738712,1.85,2.99,90,0,1
ember_18e6fc0e2b81.exe,1354752,9.57,3.921,98,2,1
ember_180e765145dc.exe,971934,5.63,4.053,2,0,1
ember_b3a16fce1c6d.exe,983040,0.83,4.749,24,1,1
ember_64179876b05d.exe,967984,5.65,4.053,2,0,1
ember_75bcaad7fbd6.exe,434177,3.36,7.686,16,0,1
ember_c3cd8fbdb6dc.exe,198656,42.34,3.711,107,2,1
ember_ff2405b5537a.exe,3584,74.33,3.269,8,0,1
ember_3b117217ffe0.exe,177070,29.8,4.175,10,0,1
ember_8a9bc22afdcc.exe,964864,5.67,4.053,2,0,1
ember_3a7f4a43698f.exe,559760,12.15,5.847,185,2,1
ember_dd65750d4541.exe,1068544,22.43,5.974,152,1,1
ember_565817e6708d.exe,126910,10.92,5.704,54,0,1
ember_2683c579f04a.exe,704512,8.33,5.798,101,1,1
ember_03886bd0ef63.exe,129130,28.17,4.01,100,0,1
ember_db893d76519b.exe,962174,5.69,4.053,2,0,1
ember_aa29377298c8.exe,967044,5.66,4.053,2,0,1
ember_ef44496abcbb.exe,962724,5.69,4.053,2,0,1
ember_04794fb105a0.exe,145340,7.3,3.927,211,1,1
ember_632e1556d148.exe,299520,24.69,5.531,8,0,1
ember_b1564958f8d7.exe,966604,5.66,4.053,2,0,1
ember_8008680e1167.exe,991232,19.3,5.732,75,1,1
ember_2791aea4e074.exe,88576,2.59,4.878,1,0,1
ember_f6917ed6b6ae.exe,527371,26.18,4.055,55,0,1
ember_00a86ee708da.exe,969164,5.65,4.053,2,0,1
ember_6e8354256cd7.exe,184320,28.71,3.543,264,1,1
ember_53730b46eca3.exe,964744,5.67,4.053,2,0,1
ember_417c314604d3.exe,89770,6.88,7.865,3,0,1
ember_80e88c70cecb.exe,675840,26.37,4.537,187,1,1
ember_9d6ded6f872b.exe,961864,5.69,4.053,2,0,1
ember_ad556ea60288.exe,180224,34.18,5.504,42,0,1
ember_1e0971781f70.exe,123392,18.57,4.251,11,0,1
ember_270714526fbf.exe,966114,5.67,4.053,2,0,1
ember_03bef82c0689.exe,503808,10.28,6.601,102,1,1
ember_f2929c978f15.exe,343527,6.12,5.037,61,0,1
ember_fad54fad1e93.exe,965464,5.67,4.053,2,0,1
ember_df9df7b1dfcf.exe,527080,12.61,5.808,183,2,1
ember_a2762afa5a9f.exe,1353285,2.21,7.544,8,0,1
ember_01f9b20c74ff.exe,158001,9.09,1.845,0,0,1
ember_74cf15174386.exe,167936,21.75,5.742,124,0,1
ember_9742305a8be1.exe,965664,5.67,4.053,2,0,1
ember_97b3ff028fdb.exe,139264,20.26,5.557,54,0,1
ember_3aaef9839e14.exe,965274,5.67,4.053,2,0,1
ember_12323962fc40.exe,448000,27.78,5.532,71,1,1
ember_ee346b1c2892.exe,229376,4.33,5.277,15,1,1
ember_6144e45620e3.exe,357387,25.88,4.718,1,0,1
ember_d3e4adc036ab.exe,1388368,1.91,7.527,16,0,1
ember_168300a0e32a.exe,318848,12.51,4.684,12,0,1
ember_2f42cbfd45e3.exe,302080,16.42,4.991,63,1,1
ember_f1109e23f7a9.exe,967694,5.66,4.053,2,0,1
ember_e315357972ec.exe,306579,13.78,5.516,164,2,1
ember_ef5227d0574c.exe,126940,10.92,5.704,54,0,1
ember_27bb31d754f2.exe,466944,19.77,6.353,344,2,1
ember_375e851076ee.exe,448000,12.69,5.622,121,2,1
ember_b56819721938.exe,559768,12.15,5.847,185,2,1
ember_47a98a6b2e99.exe,155648,18.89,6.131,104,0,1
ember_546ff2268468.exe,343513,6.04,5.037,61,0,1
ember_b3a69b64f5fe.exe,857600,3.03,5.534,1,0,1
ember_4d651be5c2ff.exe,1029120,1.18,5.309,15,1,1
ember_a5077b8121b6.exe,261120,13.17,5.084,73,1,1
ember_0953624342fa.exe,659456,9.02,3.533,18,0,1
ember_86aec43dacf9.exe,1389832,2.09,5.165,136,1,1
ember_a11bcacd89af.exe,379392,33.65,5.562,69,1,1
ember_8344dbe34752.exe,269144,54.37,4.545,80,0,1
ember_d2039b484ae6.exe,2061938,7.44,7.896,0,0,1
ember_f26bd09e033b.exe,960444,5.7,4.053,2,0,1
ember_397b1cbd126e.exe,983040,0.81,3.639,24,1,1
ember_4bb54097c88a.exe,965134,5.67,4.053,2,0,1
ember_bae7a85823d5.exe,965394,5.67,4.053,2,0,1
ember_d2303a37dc11.exe,180224,1.43,5.21,15,1,1
ember_376dfc9d4376.exe,1339392,43.83,5.659,0,0,1
ember_907286eb4b3a.exe,487846,23.9,5.197,337,1,1
ember_042202c83449.exe,2320168,3.58,4.748,2,0,1
ember_ec24e6a8988d.exe,1250816,6.76,6.766,114,1,1
ember_4959ff714786.exe,965744,5.67,4.053,2,0,1
ember_14a5320349cf.exe,962934,5.68,4.053,2,0,1
ember_f7f4f368b22f.exe,332176,13.83,4.838,124,2,1
ember_44278b9046aa.exe,1250816,6.77,6.766,114,1,1
ember_9d9bd8e0d12f.exe,46069,15.92,6.859,6,0,1
ember_721476d2d239.exe,571904,21.56,5.421,230,2,1
ember_adcada8c1c7b.exe,326344,19.2,5.477,154,2,1
ember_20b9bdb31933.exe,246165,3.76,5.634,91,1,1
ember_ad07169b1390.exe,393216,19.44,5.898,114,2,1
ember_ca7cbcb52951.exe,154478,45.31,4.505,73,2,1
ember_2bdbd2b65989.exe,208896,30.46,4.792,14,0,1
ember_f07903c07ff3.exe,967754,5.66,4.053,2,0,1
ember_55520c8f1885.exe,65606,26.08,4.84,9,0,1
ember_fdca712265de.exe,969744,5.64,4.053,2,0,1
ember_05062856e96f.exe,116736,13.61,4.865,84,0,1
ember_69e7a3eebd58.exe,139264,20.26,5.557,54,0,1
ember_4df377211f32.exe,967254,5.66,4.053,2,0,1
ember_a8120056064e.exe,710656,14.42,6.008,500,2,1
ember_a51c20ae3e63.exe,652656,3.14,4.312,1,0,1
ember_7b523d10c173.exe,964284,5.68,4.053,2,0,1
ember_65059795367e.exe,963764,5.68,4.053,2,0,1
ember_292f339f0912.exe,966164,5.66,4.053,2,0,1
ember_1a34166cff32.exe,28672,58.85,3.159,73,0,1
ember_5beca1bdc832.exe,8495104,1.03,3.852,2,0,1
ember_ab749dfadefd.exe,791552,38.24,4.173,17,1,1
ember_557c85dd53f5.exe,967394,5.66,4.053,2,0,1
ember_d687a441696a.exe,2293248,72.71,4.292,69,1,1
ember_47f77d88f923.exe,580608,1.9,5.327,15,1,1
ember_ae43d282257a.exe,58776,25.1,4.932,88,0,1
ember_0a201eed711d.exe,965094,5.67,4.053,2,0,1
ember_07ccf2e26309.exe,432640,24.75,5.57,76,1,1
ember_610b4c3228f1.exe,372224,21.5,4.956,102,2,1
ember_5d3837ae61d2.exe,966814,5.66,4.053,2,0,1
ember_223844ac90df.exe,5998255,1.24,4.923,134,1,1
ember_7e4787e11287.exe,270848,9.04,5.055,37,0,1
ember_9ed8748e01d2.exe,155648,56.2,3.838,76,2,1
ember_d04267034399.exe,966514,5.66,4.053,2,0,1
ember_334ec7f71825.exe,1573222,87.89,5.099,52,1,1
ember_01fb68ad223f.exe,246349,3.76,5.634,91,1,1
ember_d19396834aa4.exe,959488,0.86,3.555,10,0,1
ember_9302b781a1e5.exe,385024,22.9,5.008,60,2,1
ember_be9b46096ed1.exe,88576,2.59,4.878,1,0,1
ember_0dea1d9e1038.exe,1122304,20.88,4.251,560,0,1
ember_e01f82604e4c.exe,2164736,17.72,4.319,580,2,1
ember_1663083ae674.exe,225280,76.29,2.146,0,0,1
ember_1312349dc458.exe,303468,4.86,5.41,165,0,1
ember_9262d1d7ba0c.exe,967394,5.66,4.053,2,0,1
ember_5d57e7b6fca3.exe,139264,20.26,5.557,54,0,1
ember_2ee91f9ae08f.exe,964974,5.67,4.053,2,0,1
ember_13a597bc4e40.exe,131200,20.92,6.117,25,0,1
ember_ed3b89e28672.exe,654848,3.21,2.603,105,0,1
ember_99a8d3d797a2.exe,155648,18.89,6.131,104,0,1
ember_d83b8b7b2f89.exe,370520,5.84,6.232,125,0,1
ember_734fa8ddaffb.exe,962604,5.69,4.053,2,0,1
ember_3b2670fe465d.exe,343388,6.08,5.037,61,0,1
ember_c025b79dfa38.exe,3939458,21.26,4.291,1,0,1
ember_e57a6dde5325.exe,3584,74.33,3.277,8,0,1
ember_968336c4e9bd.exe,736256,12.24,5.117,78,1,1
ember_7e5f63abda49.exe,966364,5.66,4.053,2,0,1
ember_fbc74f943059.exe,81564,46.06,4.323,3,0,1
ember_c0f16719b43c.exe,139264,20.26,5.557,54,0,1
ember_b7c66f8390d1.exe,963974,5.68,4.053,2,0,1
ember_4bd2cc3c8e9f.exe,1280416,11.53,5.712,453,2,1
ember_cfdaddbb2152.exe,500224,20.26,4.64,127,2,1
ember_b6427fc3dcc1.exe,967204,5.66,4.053,2,0,1
ember_e14f9f85835c.exe,965304,5.67,4.053,2,0,1
ember_d7d6f29aeb1e.exe,489984,16.05,5.155,107,1,1
ember_65c72eac4d7d.exe,228864,17.2,5.749,231,4,1
ember_b1feabbd7dc0.exe,339968,32.41,5.476,64,1,1
ember_9802664d335e.exe,147456,15.11,5.618,52,0,1
ember_b2c20ffeafa6.exe,716664,14.65,6.317,85,1,1
ember_da3a3d006ab9.exe,3020800,4.29,6.135,114,2,1
ember_3d02f1ff3eab.exe,964584,5.67,4.053,2,0,1
ember_db903e7c0dd1.exe,2051072,64.56,5.118,76,1,1
ember_3ca3a98144c7.exe,964414,5.68,4.053,2,0,1
ember_5a7d790e0633.exe,208896,30.46,4.792,14,0,1
ember_24b77f2afa54.exe,684032,3.51,4.221,7,1,1
ember_177df9c2afab.exe,225280,16.34,5.183,1,0,1
ember_c36a753c1fba.exe,967224,5.66,4.053,2,0,1
ember_27394c8a9172.exe,3584,74.33,3.271,8,0,1
ember_13894f5f8cc8.exe,393216,23.28,5.004,60,2,1
ember_069354cee6a6.exe,343515,6.04,5.037,61,0,1
ember_50868b478fcd.exe,352224,8.27,5.278,8,0,1
ember_092e834e41c9.exe,2105344,62.86,5.59,73,1,1
ember_77622af6afe8.exe,104384,30.9,3.608,1,0,1
ember_ea17ba2e1e1a.exe,1125849,0.8,5.627,5,0,1
ember_b4adf64751ef.exe,525170,72.38,4.482,105,3,1
ember_5eca826a134a.exe,959488,0.84,3.553,10,0,1
ember_5567cae8a5a5.exe,500224,20.26,4.64,127,2,1
ember_c7aeb325293c.exe,966244,5.66,4.053,2,0,1
ember_5dc71d10206b.exe,792584,5.4,4.343,3,0,1
ember_a450bfbdfadd.exe,3584,74.33,3.276,8,0,1
ember_646fabc2f6a4.exe,503808,10.28,6.601,102,1,1
ember_1d7bd9cb2f39.exe,983040,0.81,3.643,24,1,1
ember_ceb4bacfade7.exe,967434,5.66,4.053,2,0,1
ember_dab3a1aca44a.exe,3584,74.33,3.269,8,0,1
ember_9bc02a0c5093.exe,1897984,50.62,5.443,82,1,1
ember_1e36eace99b4.exe,780628,9.25,4.106,350,1,1
ember_1208f940f56c.exe,343477,6.04,5.037,61,0,1
ember_13b8b3eb8e17.exe,139264,20.26,5.557,54,0,1
ember_0df383a85209.exe,407552,8.07,3.766,11,0,1
ember_7a4cb19931af.exe,465184,17.8,5.27,298,2,1
ember_79cd88e0d9ef.exe,225300,2.36,7.354,11,1,1
ember_badc37eb9502.exe,2935808,70.77,2.554,44,1,1
ember_95e12462b977.exe,965164,5.67,4.053,2,0,1
ember_3f4655aa42c6.exe,966434,5.66,4.053,2,0,1
ember_8225c6108718.exe,199168,33.73,3.862,87,1,1
ember_a665e4649208.exe,2814464,47.13,5.419,74,1,1
ember_e2ed30c808ff.exe,2061938,2.89,7.896,0,0,1
ember_00b56b02d3d3.exe,343381,6.04,5.037,61,0,1
ember_3145b5ede337.exe,756228,3.13,6.192,275,0,1
ember_f19f22df0b1f.exe,207942,6.3,5.656,160,0,1
ember_9d9123f9294e.exe,225280,43.31,4.252,114,2,1
ember_f781cfeeb5f5.exe,559744,12.15,5.847,185,2,1
ember_3d4d6f41bafc.exe,965854,5.67,4.053,2,0,1
ember_6d3ab2f57573.exe,246093,3.76,5.634,91,1,1
ember_b0a08e52cb7f.exe,222544,17.53,6.234,154,0,1
ember_2f299426024a.exe,1155072,20.18,4.57,250,5,1
ember_c7d8acb7a8ad.exe,104896,30.75,3.608,1,0,1
ember_e07cdd43511a.exe,967024,5.66,4.053,2,0,1
ember_bb362733d0e8.exe,144384,21.73,4.971,2,0,1
ember_0b94496d0e35.exe,444928,14.05,6.392,106,2,1
ember_b55e65ab931c.exe,1212416,5.01,4.081,1,0,1
ember_36361e7ef5ff.exe,327680,26.22,3.718,83,2,1
ember_d92dbcf38514.exe,983040,0.81,3.645,24,1,1
ember_962fc41b51ee.exe,965004,5.67,4.053,2,0,1
ember_d0e9f1263410.exe,966034,5.67,4.053,2,0,1
ember_c57fbb0aa1fd.exe,63809,19.99,4.487,171,0,1
ember_ef8f4f8d785c.exe,358912,26.79,5.154,135,1,1
ember_e08984cd7788.exe,965384,5.67,4.053,2,0,1
ember_8142d4caf8b9.exe,965924,5.67,4.053,2,0,1
ember_f3181b743f56.exe,965604,5.67,4.053,2,0,1
ember_ffd7219b2861.exe,139264,20.26,5.557,54,0,1
ember_daf63bea0da8.exe,962244,5.69,4.053,2,0,1
ember_4de08ddae235.exe,88576,2.59,4.878,1,0,1
ember_84d0c9352eac.exe,1419264,11.87,5.082,475,4,1
ember_a0ce2db849f4.exe,3584,74.33,3.277,8,0,1
ember_2cf97270edb1.exe,75264,4.32,7.093,33,0,1
ember_e4ca30b8388a.exe,246189,3.76,5.634,91,1,1
ember_029a7ed1033c.exe,966484,5.66,4.053,2,0,1
ember_0a396f6ab2ca.exe,363520,23.95,5.469,116,1,1
ember_d0e6c76dffb6.exe,155648,18.89,6.131,104,0,1
ember_3f85b0245ff3.exe,2701312,64.88,3.586,94,2,1
ember_600061292677.exe,591508,4.54,3.162,386,1,1
ember_72022b497526.exe,179712,1.48,5.191,15,1,1
ember_f74d55293438.exe,225280,59.56,4.302,6,0,1
ember_c2727c548e32.exe,439808,20.56,5.625,68,1,1
ember_5f1a3ccbdf01.exe,966994,5.66,4.053,2,0,1
ember_0ac147cb5f71.exe,967454,5.66,4.053,2,0,1
ember_1043c29cc2ea.exe,88576,2.59,4.878,1,0,1
ember_bf068b965ead.exe,965834,5.67,4.053,2,0,1
ember_6ab352512cf1.exe,965564,5.67,4.053,2,0,1
ember_c7aea6bf9109.exe,236066,21.88,4.966,156,2,1
ember_56943d68eec3.exe,919552,18.56,5.092,95,1,1
ember_b177827cbea3.exe,1250816,6.76,6.766,114,1,1
ember_b6282ec1937c.exe,343417,6.04,5.037,61,0,1
ember_08d81f04d46b.exe,84657,2.31,5.349,4,0,1
ember_49952b45acc0.exe,1353435,2.21,7.544,8,0,1
ember_346044594ae4.exe,435712,17.51,5.035,108,1,1
ember_e04d00ce38f5.exe,964154,5.68,4.053,2,0,1
ember_11e3c2cd27a4.exe,139264,20.26,5.557,54,0,1
ember_6ff4a7632642.exe,3584,74.33,3.278,8,0,1
ember_0564efb455fb.exe,970314,5.64,4.053,2,0,1
ember_70b405739f3f.exe,7808,28.24,4.112,0,0,1
ember_101249faea16.exe,199168,12.27,4.972,107,2,1
ember_0649a2d7ca92.exe,964344,5.68,4.053,2,0,1
ember_98f923aceaa4.exe,226984,8.51,3.892,42,1,1
ember_caee26159cf2.exe,565248,6.73,5.847,94,1,1
ember_288527377ec1.exe,704516,37.38,2.815,1,0,1
ember_de33dee278f8.exe,106757,8.84,5.154,60,2,1
ember_2b77e3e06af4.exe,99328,99.47,0.087,3,0,1
ember_dfe42d223019.exe,441856,3.12,6.336,18,0,1
ember_96acfb32cb3a.exe,257536,26.96,5.49,3,0,1
ember_f1e2bc65150a.exe,131200,20.92,6.117,25,0,1
ember_e079b61c3d97.exe,983040,0.8,3.645,24,1,1
ember_b7639f2ad6b0.exe,968394,5.65,4.053,2,0,1
ember_f510d42955cb.exe,3584,74.33,3.27,8,0,1
ember_920fc0358e3c.exe,965084,5.67,4.053,2,0,1
ember_d92df7684e6c.exe,1673216,3.26,6.007,72,1,1
ember_cafdd330572c.exe,144896,1.76,6.295,8,0,1
ember_4c2198b85cc0.exe,367696,11.66,5.591,194,2,1
ember_acf21d690598.exe,1006080,19.16,5.819,75,1,1
ember_ffcf6974bb0c.exe,464359,4.44,4.584,88,1,1
ember_0505791216d0.exe,967174,5.66,4.053,2,0,1
ember_9efa153632d0.exe,543976,12.32,5.84,179,2,1
ember_3e15e3d9ee1d.exe,209408,21.49,5.832,83,1,1
ember_8868cc15e4fd.exe,343442,6.12,5.037,61,0,1
ember_f08246b869bd.exe,438552,34.4,4.055,55,0,1
ember_d7474c53964e.exe,971874,5.63,4.053,2,0,1
ember_fb067d100646.exe,439808,20.56,5.625,68,1,1
ember_973edbe744a2.exe,966794,5.66,4.053,2,0,1
ember_a39f32702362.exe,1774072,1.24,4.639,8,0,1
ember_27516da18ac0.exe,3584,74.33,3.272,8,0,1
ember_84546c65b952.exe,355328,18.45,4.689,15,1,1
ember_3296bc102621.exe,543968,12.32,5.84,179,2,1
ember_fd23fad1bddb.exe,966544,5.66,4.053,2,0,1
ember_ee16925e536d.exe,4407485,18.6,4.291,1,0,1
ember_1cd2377301e9.exe,559848,12.14,5.847,185,2,1
ember_04591c61c57b.exe,965064,5.67,4.053,2,0,1
ember_81f0c6a9db9b.exe,967774,5.66,4.053,2,0,1
ember_608a6aa53b9c.exe,2814464,47.12,5.419,74,1,1
ember_500e87b3d5cf.exe,163282,3.65,7.731,2,0,1
ember_2ee11827b263.exe,964364,5.68,4.053,2,0,1
ember_e23ee42dbd7e.exe,963904,5.68,4.053,2,0,1
ember_ffc39091a4d5.exe,2061938,7.34,7.904,0,0,1
ember_7c049dd8d5db.exe,126887,10.92,5.704,54,0,1
ember_5d4349bebb33.exe,384630,1.99,5.222,168,0,1
ember_9586f20c72b8.exe,968880,38.01,3.744,55,0,1
ember_cbd710b09e1e.exe,3584,74.33,3.273,8,0,1
ember_e271a33a64ba.exe,106774,16.73,4.27,38,0,1
ember_21150076e730.exe,583680,12.11,5.221,14,0,1
ember_c33d8dd4dccf.exe,602112,24.07,4.995,219,0,1
ember_16165c0924cd.exe,964534,5.67,4.053,2,0,1
ember_1268dedd8216.exe,1723904,17.32,6.202,621,1,1
ember_07f62994d358.exe,343467,6.04,5.037,61,0,1
ember_729eff633735.exe,126982,10.74,5.524,54,0,1
ember_f57f6183e888.exe,965854,5.67,4.053,2,0,1
ember_708d8c5d61e3.exe,966004,5.67,4.053,2,0,1
ember_9fa056e82b75.exe,259152,14.18,4.997,74,0,1
ember_7777e3106a66.exe,707584,32.1,5.116,236,2,1
ember_2eadd1a64da0.exe,155648,18.89,6.131,104,0,1
ember_1d5034221969.exe,965404,5.67,4.053,2,0,1
ember_b8022291acfa.exe,205824,7.07,5.169,15,1,1
ember_e8c0a08fe9dc.exe,559920,12.14,5.847,185,2,1
ember_9ca0be36aa19.exe,117248,14.26,4.962,2,0,1
ember_a3370b2fe6de.exe,209293,17.66,5.222,111,2,1
ember_eab588417817.exe,2281472,31.01,5.964,78,0,1
ember_542f56d750ba.exe,964954,5.67,4.053,2,0,1
ember_d17a0f755d66.exe,524288,7.37,5.544,83,1,1
ember_d7a1723f5d54.exe,965154,5.67,4.053,2,0,1
ember_60daeaef53fc.exe,88576,2.59,4.878,1,0,1
ember_e3c520f38c87.exe,12362,55.52,4.539,25,0,1
ember_90b5d62eecb4.exe,2026912,20.08,5.249,470,2,1
ember_66c5eb4fce5b.exe,1704448,13.17,6.513,1522,1,1
ember_70fe26280095.exe,151864,1.73,5.818,5,0,1
ember_74ba8836cba2.exe,329216,1.71,4.279,1,0,1
ember_146cfb5d194b.exe,969004,5.65,4.053,2,0,1
ember_260ee15130aa.exe,674304,14.27,5.161,600,5,1
ember_0d012b62523d.exe,13312,5.97,7.321,5,0,1
ember_8e916df0d88c.exe,968984,5.65,4.053,2,0,1
ember_6c65a8d6e650.exe,88667,2.59,4.878,1,0,1
ember_10b49395f9f6.exe,2470912,64.81,3.921,51,1,1
ember_6f6068f8666c.exe,307712,55.6,4.23,68,1,1
ember_49505441b3a2.exe,692224,12.8,5.692,14,0,1
ember_58904685140c.exe,114688,23.05,4.352,57,1,1
ember_66780a0d1a7a.exe,432640,24.75,5.57,76,1,1
ember_4d6109e8c7be.exe,503808,10.29,6.601,102,1,1
ember_618e260b3c97.exe,2626560,67.79,3.239,40,1,1
ember_f0f062f5c633.exe,965164,5.67,4.053,2,0,1
ember_74bb9aa83763.exe,965174,5.67,4.053,2,0,1
ember_f2ee56fb0ea8.exe,63808,19.98,4.487,171,0,1
ember_6280ee345ab6.exe,98304,36.53,4.321,191,0,1
ember_9f7147e894b3.exe,357376,18.42,4.708,15,1,1
ember_912ac7cc5673.exe,314560,3.37,5.287,3,0,1
ember_bb7653ebbfdd.exe,405504,20.48,3.785,68,0,1
ember_0f5fb64f0c5b.exe,3514368,21.03,6.414,114,1,1
ember_ae413f61dbbb.exe,780652,9.26,4.099,350,1,1
ember_1d1edf6738b5.exe,968424,5.65,4.053,2,0,1
ember_4936b83f5a68.exe,507392,22.86,5.053,216,2,1
ember_971183bb6cb7.exe,392293,12.2,6.281,161,1,1
ember_aa6563440124.exe,967634,5.66,4.053,2,0,1
ember_67b68828c41c.exe,969294,5.65,4.053,2,0,1
ember_13f4f1ccbb0c.exe,3584,74.33,3.27,8,0,1
ember_64bf4fb0e67b.exe,298383,60.83,3.658,105,3,1
ember_151a0c103dfb.exe,139264,20.26,5.557,54,0,1
ember_e198c0f49e45.exe,1175552,23.69,5.514,80,2,1
ember_70be13522f5e.exe,155648,5.37,5.891,96,2,1
ember_8504919bcdf9.exe,965044,5.67,4.053,2,0,1
ember_c92630bc5a63.exe,343612,6.03,5.037,61,0,1
ember_7ce23977271e.exe,409600,21.03,3.784,66,0,1
ember_a842a0456436.exe,5632,49.27,4.005,17,4,1
ember_3d0ec1b00922.exe,343618,6.08,5.037,61,0,1
ember_c16edbf125e0.exe,294912,16.83,4.573,55,0,1
ember_6c5832ad34a4.exe,962054,5.69,4.053,2,0,1
ember_6ec83b789106.exe,3584,74.33,3.271,8,0,1
ember_78f26362beb6.exe,616752,4.41,6.106,78,1,1
ember_e3d26ec854a4.exe,962154,5.69,4.053,2,0,1
ember_6b56f8bcf366.exe,552960,42.82,4.195,65,0,1
ember_b083726ff890.exe,39424,10.26,6.506,40,1,1
ember_4feab11a23cc.exe,343421,6.12,5.037,61,0,1
ember_83f7df1a63cd.exe,964754,5.67,4.053,2,0,1
ember_0e5373f457e1.exe,126991,10.91,5.704,54,0,1
ember_641b449275cb.exe,965844,5.67,4.053,2,0,1
ember_215c836a7c4c.exe,972800,30.62,5.578,516,2,1
ember_54c1281ffe4e.exe,460163,1.61,5.634,19,1,1
ember_d2ebaac633df.exe,965634,5.67,4.053,2,0,1
ember_57b83786f5ba.exe,503808,10.28,6.601,102,1,1
ember_3ebc7f81b57e.exe,1339392,43.75,5.659,0,0,1
ember_fdfad1d7db2f.exe,559848,12.14,5.847,185,2,1
ember_a5bab66aef20.exe,712192,11.09,5.317,14,0,1
ember_172fe4a493d8.exe,965984,5.67,4.053,2,0,1
ember_8bee21e3ed58.exe,1705353,18.88,4.095,80,0,1
ember_044cdd85eb22.exe,982528,0.79,4.675,29,1,1
ember_fffe0118058b.exe,754070,20.14,5.611,233,1,1
ember_ad755139b2f8.exe,359424,18.19,4.715,15,1,1
ember_8ab90c4c441f.exe,1352107,6.23,5.729,89,2,1
ember_d53e495851c5.exe,121344,1.63,6.951,3,0,1
ember_a2d009ef521b.exe,569344,7.5,6.708,224,2,1
ember_c82dc12a1066.exe,2727936,83.66,2.436,62,0,1
ember_4b1076d8bde0.exe,1610001,23.79,4.291,1,0,1
ember_ee0bfeb46edf.exe,143360,15.52,4.601,36,0,1
ember_be10a770a939.exe,343452,6.04,5.037,61,0,1
ember_f5a20d0e03d3.exe,959488,0.86,3.558,10,0,1
ember_e0dd98da979d.exe,2420736,1.15,7.927,24,0,1
ember_7c19b44c0ce5.exe,319492,22.69,6.45,72,0,1
ember_c40bdcf27d9f.exe,84992,56.12,2.248,7,1,1
ember_dbe3a8ad793d.exe,964774,5.67,4.053,2,0,1
ember_e603229b7019.exe,964534,5.67,4.053,2,0,1
ember_37249919e272.exe,409800,27.0,5.289,74,0,1
ember_be1fcdeb40bb.exe,66561,1.74,7.988,3,0,1
ember_6be8694ff3c6.exe,983552,0.85,4.663,29,1,1
ember_1ac939cac7f7.exe,675840,26.37,4.537,187,1,1
ember_255de61ddb99.exe,965654,5.67,4.053,2,0,1
ember_8f7b7a81b5bd.exe,203264,1.39,5.151,15,1,1
ember_779a8f0a4077.exe,559856,12.14,5.847,185,2,1
ember_d961105606bb.exe,102492,24.3,6.819,33,0,1
ember_1b6a2efae708.exe,1536512,13.71,5.058,10,0,1
ember_196389ed017d.exe,965104,5.67,4.053,2,0,1
ember_8e90bc926eb6.exe,675840,26.37,4.537,187,1,1
ember_3182b86654fe.exe,1035936,17.16,4.055,55,0,1
ember_019b12b77727.exe,190976,22.93,4.705,441,2,1
ember_14729de67c6f.exe,283237,28.09,4.055,55,0,1
ember_1a40adca6d0f.exe,343568,6.12,5.037,61,0,1
ember_01bb24e6eb9c.exe,177152,15.98,5.616,85,2,1
ember_fe4f649850b6.exe,88576,2.59,4.878,1,0,1
ember_942edb4411e8.exe,172032,21.75,4.506,135,0,1
ember_8d19e61c0ad1.exe,1058816,5.48,6.809,14,0,1
ember_1eca51cde016.exe,241664,25.62,6.364,7,0,1
ember_a5657dacdbec.exe,1607168,3.68,6.859,75,1,1
ember_8bf685babe52.exe,970764,5.64,4.053,2,0,1
ember_b449d6bc93e7.exe,5267459,57.99,3.024,13,0,1
ember_f6a545724c3d.exe,63820,19.97,4.491,171,0,1
ember_a3de4db25956.exe,967064,5.66,4.053,2,0,1
ember_963e1ea1d6b8.exe,1757184,0.28,6.719,0,0,1
ember_d2a44cd1ece5.exe,156160,25.43,4.942,160,2,1
ember_548809d79bbe.exe,139264,20.26,5.557,54,0,1
ember_339170065e95.exe,2186752,18.82,4.535,581,2,1
ember_36dfcf0deeb1.exe,126982,10.91,5.704,54,0,1
ember_38dc4300c65d.exe,961674,5.69,4.053,2,0,1
ember_1261ce0a5ff0.exe,1869408,1.71,4.603,8,0,1
ember_e4b53d77c063.exe,965484,5.67,4.053,2,0,1
ember_4dee434e3dc7.exe,964714,5.67,4.053,2,0,1
ember_b8d8cba192df.exe,966334,5.66,4.053,2,0,1
ember_89999338a3a5.exe,965834,5.67,4.053,2,0,1
ember_c35444f95d68.exe,939008,5.21,6.433,70,1,1
ember_8404c4059a0d.exe,409600,17.71,5.519,154,1,1
ember_626706f8ff9d.exe,965504,5.67,4.053,2,0,1
ember_4147bcc621e9.exe,59904,19.02,5.225,54,0,1
ember_e360c6aacdc9.exe,561288,12.06,5.864,187,2,1
ember_3dfafe88261c.exe,845824,11.26,5.324,16,0,1
ember_18632a883b28.exe,56320,15.86,5.453,17,0,1
ember_9242f049f370.exe,565248,6.7,5.928,94,1,1
ember_a4b3899be0f3.exe,85736,33.16,5.165,59,0,1
ember_580939cef6b3.exe,525141,72.38,4.482,105,3,1
ember_020465c973b4.exe,964934,5.67,4.053,2,0,1
ember_5f5019cb2a07.exe,139264,20.26,5.557,54,0,1
ember_344d424db921.exe,1250816,6.76,6.766,114,1,1
ember_2e3e02f51a62.exe,343634,6.03,5.037,61,0,1
ember_3079ff5ed702.exe,524288,7.38,5.414,83,1,1
ember_3f779d9227a4.exe,90112,43.17,3.787,1,0,1
ember_8298147ec13c.exe,2010112,2.1,6.926,106,1,1
ember_79a98cbef696.exe,323582,33.08,5.037,215,1,1
ember_e405615439af.exe,966644,5.66,4.053,2,0,1
ember_b2b79eaddca8.exe,1006080,19.15,5.818,75,1,1
ember_1b474b1b566c.exe,139264,20.26,5.557,54,0,1
ember_68a32418149f.exe,591340,4.54,3.162,386,1,1
ember_ec1b05b6182f.exe,962334,5.69,4.053,2,0,1
ember_8c7824194cb2.exe,118784,17.87,5.225,71,0,1
ember_135daaa3e4ac.exe,207872,10.13,5.516,1,0,1
ember_164c04e42a51.exe,1053696,10.93,5.709,81,1,1
ember_7ebbac167c40.exe,1364354,23.05,4.499,493,1,1
ember_5c55bb3b8a25.exe,139264,19.22,6.008,21,0,1
ember_7b55173bc2ac.exe,111017,72.32,3.735,55,1,1
ember_69d24ac2e0a5.exe,4963328,64.87,4.699,115,2,1
ember_0a501fad56c6.exe,963034,5.68,4.053,2,0,1
ember_39f3ca85b4ff.exe,864256,41.03,3.148,328,2,1
ember_126bb7ffd5e1.exe,538304,14.46,6.041,374,2,1
ember_36e85a62b315.exe,149195,16.91,4.665,71,1,1
ember_b6f5680630f9.exe,2058752,31.78,5.463,114,2,1
ember_a0d6324e5e45.exe,343427,6.04,5.037,61,0,1
ember_8e5806e08429.exe,139264,20.26,5.557,54,0,1
ember_4e6a6349945b.exe,123392,18.57,4.251,11,0,1
ember_aefca0cf1661.exe,532480,39.2,5.064,180,2,1
ember_75febabfb8cf.exe,1897984,50.62,5.44,82,1,1
ember_825e1fd9608e.exe,1542152,14.8,7.352,16,0,1
ember_c1d78c6b3b47.exe,3584,74.33,3.272,8,0,1
ember_781e17187a61.exe,101248,31.84,3.608,1,0,1
ember_aefaf6cd5efc.exe,1339392,43.83,5.661,0,0,1
ember_fdb62960040e.exe,139264,20.26,5.557,54,0,1
ember_bc1ca6977e16.exe,290816,20.34,4.805,113,0,1
ember_0fb742ec70d9.exe,948176,17.55,5.073,400,2,1
ember_7b1ab30d5ad0.exe,860672,12.39,5.808,322,2,1
ember_8a26339ebb41.exe,440832,20.46,5.639,67,1,1
ember_505aeb1096a4.exe,343615,6.08,5.037,61,0,1
ember_8e25d5bae1f6.exe,972564,5.63,4.053,2,0,1
ember_b9408cb2d2fa.exe,965874,5.67,4.053,2,0,1
ember_11cb1eb0b2c7.exe,102400,32.45,3.414,0,0,1
ember_3c01c66cad82.exe,2293248,72.72,4.292,69,1,1
ember_069ba6c56fd5.exe,139264,20.26,5.557,54,0,1
ember_350fbcf0d764.exe,1051720,34.78,5.064,405,2,1
ember_45aa29c7d674.exe,266240,17.76,5.353,221,2,1
ember_d84e15481b80.exe,147456,16.68,5.622,39,0,1
ember_65cc5aa23113.exe,28360,81.37,4.218,25,0,1
ember_8067d3e9c58d.exe,1468197,6.97,7.076,17,1,1
ember_6d4e884abdca.exe,99328,29.66,7.987,3,0,1
ember_2530444b3e28.exe,420896,17.26,5.663,235,1,1
ember_2d307b15f891.exe,1607168,3.69,6.857,75,1,1
ember_7b59fa97b6c0.exe,965924,5.67,4.053,2,0,1
ember_d6a7e7cf25bb.exe,641536,35.54,4.721,1,0,1
ember_83cd87dcad85.exe,343458,6.04,5.037,61,0,1
ember_4a57fdda73c7.exe,966964,5.66,4.053,2,0,1
ember_ea8609586e8e.exe,102848,31.36,3.608,1,0,1
ember_9462db19f28f.exe,967944,5.65,4.053,2,0,1
ember_0554b12b481f.exe,416768,17.23,6.785,127,1,1
ember_fa91a9e2d7d0.exe,88576,2.59,4.878,1,0,1
ember_2f94f21dfb20.exe,503808,10.29,6.601,102,1,1
ember_50a10ce044ab.exe,754240,2.81,4.699,8,0,1
ember_19c421ba9d2a.exe,155648,18.89,6.131,104,0,1
ember_83474cfca007.exe,1829376,17.02,4.414,581,2,1
ember_7e57cd67254f.exe,965384,5.67,4.053,2,0,1
ember_fda901833c3a.exe,91342,21.43,5.087,30,0,1
ember_a8a60e8e426e.exe,329216,8.32,4.643,3,0,1
ember_8077c9031216.exe,343448,6.12,5.037,61,0,1
ember_3c8c7451125e.exe,888868,14.82,4.47,467,4,1
ember_3e9414f19627.exe,354069,9.53,5.312,111,1,1
ember_7ca2362ff712.exe,971714,5.63,4.053,2,0,1
ember_ccf9d39085eb.exe,246101,3.76,5.634,91,1,1
ember_4d72434a332f.exe,238943,1.64,5.005,42,0,1
ember_65650bace4e8.exe,3584,74.33,3.274,8,0,1
ember_071b4da1b312.exe,331776,21.5,4.558,238,1,1
ember_62d468b31676.exe,753536,19.22,5.916,288,2,1
ember_af28d56a4b5a.exe,290816,15.36,5.182,38,0,1
ember_c102d47d9e56.exe,964814,5.67,4.053,2,0,1
ember_272500bcce87.exe,587472,24.81,4.134,55,0,1
ember_6aae65ff1718.exe,968364,5.65,4.053,2,0,1
ember_7ddebda00fcc.exe,966184,5.66,4.053,2,0,1
ember_e0eefb7b245e.exe,965484,5.67,4.053,2,0,1
ember_7aa3dd9c4edd.exe,1250816,6.77,6.766,114,1,1
ember_05bd34a53c56.exe,888868,14.82,4.47,467,4,1
ember_396c7f13a85b.exe,1694096,19.49,7.968,1,0,1
ember_393e844a5fc6.exe,964994,5.67,4.053,2,0,1
ember_cee1c6fc38c3.exe,522756,1.6,4.55,1,0,1
ember_bf693aa3916b.exe,139776,6.25,6.018,8,0,1
ember_faf628bce557.exe,966634,5.66,4.053,2,0,1
ember_feb74031532a.exe,238210,22.16,4.968,156,2,1
ember_8a4867ed9ac1.exe,3584,74.33,3.272,8,0,1
ember_cda08a9009ca.exe,965024,5.67,4.053,2,0,1
ember_53c7274208a7.exe,246053,3.77,5.634,91,1,1
ember_e136458148df.exe,276992,37.92,4.648,87,1,1
ember_860fba94185c.exe,964864,5.67,4.053,2,0,1
ember_190afd9737cb.exe,36864,50.41,4.186,49,1,1
ember_cb10a451895b.exe,1897984,50.62,5.443,82,1,1
ember_2d306130822b.exe,5909823,0.68,5.415,154,0,1
ember_bb3790fa6e36.exe,179712,1.54,5.193,15,1,1
ember_8435741ae7ff.exe,961654,5.69,4.053,2,0,1
ember_cfc18af24b95.exe,542208,18.18,4.739,91,1,1
ember_c3cf41e25b55.exe,966144,1.25,5.325,15,1,1
ember_c6a8af7ac430.exe,965074,5.67,4.053,2,0,1
ember_87aca7bebdfe.exe,126853,10.92,5.704,54,0,1
ember_ffa7dec74247.exe,135168,17.67,5.617,12,0,1
ember_caa5cae37b80.exe,11942,32.11,4.896,34,0,1
ember_31ecb4b24d94.exe,245973,3.77,5.634,91,1,1
ember_ff853fe97871.exe,966234,5.66,4.053,2,0,1
ember_fb49b4eb224c.exe,1339392,43.83,5.66,0,0,1
ember_9429bb7ff78a.exe,525309,72.36,4.482,105,3,1
ember_76dbfde54b19.exe,343571,6.08,5.037,61,0,1
ember_cc0f70d5b360.exe,470528,24.59,4.313,105,2,1
ember_c7187c58988a.exe,966334,5.66,4.053,2,0,1
ember_d5c89aa41335.exe,2863104,71.97,2.434,57,0,1
ember_e88dec22153f.exe,118272,16.41,3.583,31,1,1
ember_d014c8adc07a.exe,131200,20.92,6.117,25,0,1
ember_a3c4254857a1.exe,966044,5.67,4.053,2,0,1
ember_acd94bf8c9a1.exe,965484,5.67,4.053,2,0,1
ember_37a2866c4050.exe,965904,5.67,4.053,2,0,1
ember_86333f9183cc.exe,3584,74.33,3.268,8,0,1
ember_6cf0b3c9850b.exe,1673216,3.26,6.007,72,1,1
ember_f83f0bbdb514.exe,294399,83.7,3.184,201,0,1
ember_99f57fde759e.exe,3584,74.33,3.271,8,0,1
ember_7935602dbffc.exe,1335799,14.14,5.425,316,0,1
ember_9bfe8cd5a712.exe,965494,5.67,4.053,2,0,1
ember_ffca1f4cdc30.exe,964004,5.68,4.053,2,0,1
ember_b56a54eac153.exe,237898,22.12,4.968,156,2,1
ember_52fdceac60b3.exe,1482752,17.48,5.16,541,2,1
ember_2eac6d4576dd.exe,965664,5.67,4.053,2,0,1
ember_43092b2993c9.exe,699392,11.76,5.224,17,0,1
ember_e5b9911ae0e8.exe,983040,4.93,6.234,7,0,1
ember_8af1ac058dcb.exe,964884,5.67,4.053,2,0,1
ember_8813b91904ce.exe,585528,15.85,4.036,54,0,1
ember_759ed0ff5306.exe,413696,16.84,5.356,77,1,1
ember_3892d15d501f.exe,99328,99.53,0.071,3,0,1
ember_6900940de7a5.exe,8192,21.44,5.651,5,0,1
ember_c0d6b3e1f2aa.exe,168450,18.39,4.684,69,0,1
ember_4e13e36e63c5.exe,343535,6.04,5.037,61,0,1
ember_d28dfa1225a0.exe,967624,5.66,4.053,2,0,1
ember_472ccb17fc95.exe,3563520,66.69,4.293,70,2,1
ember_9e1ef9ea5f58.exe,1884842,38.58,4.055,55,0,1
ember_21771ccc4dce.exe,2528128,2.05,4.67,132,1,1
ember_e58c4ebc7a88.exe,969724,5.64,4.053,2,0,1
ember_7fa65217f0f8.exe,2350080,0.88,3.732,15,0,1
ember_e7175ef59394.exe,1250816,6.77,6.766,114,1,1
ember_36bc8658f38f.exe,966984,5.66,4.053,2,0,1
ember_99c68ef76831.exe,1339392,43.83,5.659,0,0,1
ember_ee5bf58932a5.exe,1011990,26.77,4.055,55,0,1
ember_3c436c6cee9f.exe,66561,1.7,7.989,3,0,1
ember_a01d08d13b29.exe,343495,6.04,5.037,61,0,1
ember_b61d94521df5.exe,3695104,65.7,4.432,50,2,1
ember_3659bd5f9d62.exe,139264,58.81,3.79,64,0,1
ember_9b74f40bc763.exe,971214,5.64,4.053,2,0,1
ember_533678a78ae6.exe,1701376,0.15,7.226,0,0,1
ember_c993712e330b.exe,964774,5.67,4.053,2,0,1
ember_9e4f65a883ef.exe,105984,17.82,4.835,6,0,1
ember_04d478426f04.exe,221190,13.91,3.646,58,0,1
ember_a61d042b9e67.exe,736256,12.24,5.118,78,1,1
ember_ee1647202c70.exe,208896,30.46,4.792,14,0,1
ember_ba4a5e96fe59.exe,967954,5.65,4.053,2,0,1
ember_2628f446edaa.exe,2738562,1.85,2.99,90,0,1
ember_afaf94a7a105.exe,126843,10.93,5.704,54,0,1
ember_9b226374bc16.exe,158208,28.46,4.7,1,0,1
ember_d325ce40106b.exe,965904,5.67,4.053,2,0,1
ember_c682c26d5937.exe,156912,24.75,5.269,39,0,1
ember_e849da25a900.exe,1562624,49.02,5.114,73,1,1
ember_e7c76dffd4cf.exe,968234,5.65,4.053,2,0,1
ember_daf5dde0f236.exe,185840,15.02,7.37,2,0,1
ember_faf22341cb01.exe,416768,18.06,5.314,136,2,1
ember_46960ad50350.exe,114688,15.17,4.566,60,0,1
ember_c34e7c59a572.exe,963524,5.68,4.053,2,0,1
ember_4bc7427d81fa.exe,39044,24.23,5.459,50,0,1
ember_f8eca76cdfa8.exe,1562624,49.02,5.111,73,1,1
ember_3533608fbaca.exe,525260,72.37,4.482,105,3,1
ember_478c205f3860.exe,300855,4.63,5.631,160,0,1
ember_f44d5284227a.exe,536576,4.99,3.827,47,1,1
ember_c14caf8f8293.exe,315392,9.63,5.188,73,0,1
ember_545f57432e89.exe,343382,6.04,5.037,61,0,1
ember_da202ada58b8.exe,99328,9.41,7.986,3,0,1
ember_e595df094b17.exe,246101,3.76,5.634,91,1,1
ember_380f0413cf82.exe,3584,74.33,3.272,8,0,1
ember_116b9f2ef201.exe,965124,5.67,4.053,2,0,1
ember_f388b37396b7.exe,495616,11.8,4.042,7,0,1
ember_35ab9158b7f4.exe,964444,5.68,4.053,2,0,1
ember_ecf1563bce6c.exe,965784,5.67,4.053,2,0,1
ember_b6ed7e6d32a5.exe,315753,11.25,4.848,84,1,1
ember_c50aa5479e93.exe,99328,28.58,7.985,3,0,1
ember_8f89f9b81385.exe,73728,29.99,4.014,34,0,1
ember_ca3013753749.exe,964114,5.68,4.053,2,0,1
ember_81bd184a10da.exe,395776,15.56,5.625,71,2,1
ember_8b9ebd7c5488.exe,1103824,25.82,3.317,60,0,1
ember_8141424b64e3.exe,2979784,19.41,4.457,1622,3,1
ember_b68a4c07ae93.exe,2293248,72.72,4.292,69,1,1
ember_ffe16270d28e.exe,3383296,72.29,3.085,105,2,1
ember_836bbf23abd9.exe,343380,6.04,5.037,61,0,1
ember_204eeb2f22f6.exe,139264,20.26,5.557,54,0,1
ember_f47df852ab33.exe,2738539,1.85,2.99,90,0,1
ember_781f8bb8c1a6.exe,264428,5.09,5.633,157,0,1
ember_1e773c540408.exe,967484,5.66,4.053,2,0,1
ember_6f5929ce0a29.exe,962814,5.68,4.053,2,0,1
ember_bc20e42bf80a.exe,126932,10.92,5.704,54,0,1
ember_f70ec1a2a1e5.exe,787848,22.95,5.674,234,2,1
ember_feb48a9d1b2e.exe,966004,5.67,4.053,2,0,1
ember_dbda9815e1fd.exe,233984,14.3,6.043,118,2,1
ember_2bfbf12a7315.exe,197632,33.2,4.867,3,0,1
ember_6dd1ac3323dd.exe,851090,2.73,4.817,167,0,1
ember_2e60143f82e3.exe,528384,28.56,4.178,276,1,1
ember_fc5307d98b14.exe,115014,12.29,4.824,39,1,1
ember_08321a83c033.exe,2651136,64.65,5.112,81,1,1
ember_a1c07e02178a.exe,1028096,25.78,4.276,166,2,1
ember_9a57ca4b0fd5.exe,342528,18.2,5.123,175,2,1
ember_08d393ade1d5.exe,88576,2.59,4.878,1,0,1
ember_d012507d9375.exe,969474,5.65,4.053,2,0,1
ember_2743a2614f1e.exe,435712,17.51,5.035,108,1,1
ember_4ed3379e15bb.exe,126999,10.91,5.704,54,0,1
ember_00f7054615c1.exe,139264,20.26,5.557,54,0,1
ember_5225c79e4648.exe,416768,18.06,5.314,136,2,1
ember_df9d26d06d03.exe,525187,72.38,4.482,105,3,1
ember_5d9bcb382990.exe,89379,18.98,6.59,153,1,1
ember_bc421763e23a.exe,1552288,23.38,5.23,432,2,1
ember_dd14b348fdf8.exe,964574,5.67,4.053,2,0,1
ember_a5f611374478.exe,608768,8.6,6.121,311,2,1
ember_d8da15629bf6.exe,803153,2.78,4.872,167,0,1
ember_e4f13b2cb8ed.exe,982528,0.76,4.796,29,1,1
ember_5d5baf643912.exe,965084,5.67,4.053,2,0,1
ember_a90c76105e01.exe,724616,3.79,3.162,386,1,1
ember_ced62843d82b.exe,431616,16.55,4.119,8,0,1
ember_d580fcee149b.exe,967054,5.66,4.053,2,0,1
ember_66728d4b6596.exe,971094,5.64,4.053,2,0,1
ember_a82793c30cc2.exe,179712,1.54,5.214,15,1,1
ember_2f811c35dde5.exe,1210368,5.54,3.97,1,0,1
ember_2ffe52d184da.exe,965044,5.67,4.053,2,0,1
ember_6f48b2eb24f1.exe,139264,20.26,5.557,54,0,1
ember_9c042086f986.exe,3584,74.33,3.275,8,0,1
ember_57fa09044156.exe,1572864,20.72,5.249,580,3,1
ember_025cbd4be71b.exe,964964,5.67,4.053,2,0,1
ember_64c2e494c8f9.exe,115712,11.17,7.978,3,0,1
ember_a9d1df49bbb8.exe,2061938,29.01,7.896,0,0,1
ember_332717fa945f.exe,963334,5.68,4.053,2,0,1
ember_bd5786577a85.exe,180224,1.43,5.21,15,1,1
ember_e898abbded8a.exe,139264,20.26,5.557,54,0,1
ember_0d11c0efd5b6.exe,964634,5.67,4.053,2,0,1
ember_ebf8f6fb6c8b.exe,656896,1.82,4.704,25,0,1
ember_527dc97e4765.exe,214528,9.84,5.516,1,0,1
ember_57358560c0a1.exe,14852,32.64,4.21,1,0,1
ember_2ac933b2d715.exe,964514,5.67,4.053,2,0,1
ember_c3bc3b425108.exe,964984,5.67,4.053,2,0,1
ember_37310fe71b05.exe,167936,17.13,4.567,63,0,1
ember_df65a2d55461.exe,184673,18.7,5.027,88,1,1
ember_83b179bb7ba5.exe,964904,5.67,4.053,2,0,1
ember_2744d28718fb.exe,503808,10.27,6.601,102,1,1
ember_e79a413efdf8.exe,3760128,17.9,6.266,514,1,1
ember_35f54be2c96c.exe,3584,74.33,3.274,8,0,1
ember_e3d51affbddc.exe,131200,20.92,6.117,25,0,1
ember_f47e20f6ea3a.exe,208896,30.46,4.792,14,0,1
ember_ea9f2821353e.exe,63808,19.98,4.487,171,0,1
ember_332b49affdc7.exe,1602524,20.72,3.251,113,1,1
ember_246c5350b69a.exe,606160,21.1,3.951,54,0,1
ember_3dba49c4a062.exe,690176,27.46,4.221,1,0,1
ember_fdfd036308cd.exe,123392,18.58,4.251,11,0,1
ember_843e88df6050.exe,525313,72.36,4.482,105,3,1
ember_de1d78f8c667.exe,966954,5.66,4.053,2,0,1
ember_0217199395d8.exe,1842408,1.82,5.304,213,1,1
ember_a6c57c2d964a.exe,1606424,1.28,4.697,8,0,1
ember_f1e1b9f77a3a.exe,109568,8.35,5.145,91,1,1
ember_1da603d2d79b.exe,672664,1.05,0.0,0,0,1
ember_3365bc14aaf1.exe,1897984,50.62,5.444,82,1,1
ember_bf05b6ad4569.exe,375752,19.75,5.519,385,1,1
ember_d77680626ac9.exe,441856,24.53,4.271,53,1,1
ember_1f9d58be1606.exe,965274,5.67,4.053,2,0,1
ember_14b37c995f26.exe,303104,11.13,6.782,1,0,1
ember_2e4422de5f83.exe,139264,20.26,5.557,54,0,1
ember_414b4ff3f2e0.exe,179176,32.99,4.055,55,0,1
ember_fe186b4cae41.exe,372224,21.5,4.956,102,2,1
ember_fb5bebbcf489.exe,965084,5.67,4.053,2,0,1
ember_d2c1b08dddaa.exe,345088,2.98,5.324,15,1,1
ember_fa130c2591d1.exe,3584,74.33,3.27,8,0,1
ember_3fae44c8de2e.exe,988160,26.53,4.171,1,0,1
ember_1a295a02d738.exe,206336,6.93,5.173,15,1,1
ember_d6c30f9b40ab.exe,1246720,13.8,5.972,114,2,1
ember_8d5143a35713.exe,967564,5.66,4.053,2,0,1
ember_e1b6fd9c0d7b.exe,556045,4.6,5.36,149,1,1
ember_299baaf29263.exe,152080,1.72,5.818,5,0,1
ember_00658e9747fd.exe,966184,5.66,4.053,2,0,1
ember_5454a6f019bf.exe,525273,72.36,4.482,105,3,1
ember_013aa05537bc.exe,63812,19.98,4.49,171,0,1
ember_e7f49f5df4f1.exe,2738581,1.93,2.99,90,0,1
ember_a76ac0e444e1.exe,2855936,2.21,6.195,75,1,1
ember_4264b3e62dd5.exe,141559,26.37,1.176,0,0,1
ember_421927baa130.exe,724656,3.79,3.162,386,1,1
ember_8cfe14470709.exe,559824,12.15,5.847,185,2,1
ember_1c13f9ed9dfa.exe,236920,2.67,5.569,42,0,1
ember_96c0df2104cf.exe,3637760,67.53,3.966,69,2,1
ember_a83352630a29.exe,965874,5.67,4.053,2,0,1
ember_b68e1c02cea5.exe,2076172,2.34,3.532,82,0,1
ember_64386fb62779.exe,99328,21.6,7.983,3,0,1
ember_dbad3a52f1c7.exe,581464,15.98,4.014,58,0,1
ember_641b1647c7f9.exe,592384,1.89,5.33,15,1,1
ember_58b44e754e0a.exe,1027847,12.02,5.282,467,4,1
ember_9281e5c4d225.exe,139264,20.26,5.557,54,0,1
ember_f05038a0ce92.exe,4418432,1.03,4.596,120,2,1
ember_d71d2ee5bfd4.exe,109784,11.8,4.487,171,0,1
ember_fb42cb7d759d.exe,126907,10.92,5.704,54,0,1
ember_922691b0ebe7.exe,126893,10.92,5.704,54,0,1
ember_aefb8f1e44be.exe,967254,5.66,4.053,2,0,1
ember_f26a96c0a444.exe,364544,16.08,5.056,15,0,1
ember_1055af264201.exe,554224,12.71,5.772,189,2,1
ember_a58e5f7be918.exe,967874,5.65,4.053,2,0,1
ember_adcd97c18729.exe,871424,18.79,3.473,194,1,1
ember_c764ac741591.exe,1026584,17.7,5.953,264,2,1
ember_484ea07ae9ef.exe,964714,5.67,4.053,2,0,1
ember_2291e78cf5b4.exe,1339392,43.83,5.661,0,0,1
ember_da7fb18fa37e.exe,965664,5.67,4.053,2,0,1
ember_87ba69018d18.exe,122368,16.11,5.577,128,0,1
ember_4d839cd57194.exe,965594,5.67,4.053,2,0,1
ember_3a1acfe60de7.exe,207872,10.14,5.515,1,0,1
ember_58833563bea9.exe,109056,4.25,7.855,5,0,1
ember_2b9f20174242.exe,965574,5.67,4.053,2,0,1
ember_4bac65f8a1d0.exe,139264,20.26,5.557,54,0,1
ember_c376a6333eac.exe,964034,5.68,4.053,2,0,1
ember_855413874a56.exe,135168,55.64,3.919,5,0,1
ember_336280a5caf4.exe,316928,21.06,5.085,92,1,1
ember_b0ccc089c137.exe,965024,5.67,4.053,2,0,1
ember_4568a5fcd546.exe,176128,24.34,4.361,120,0,1
ember_296977e1658e.exe,881664,4.7,3.787,11,0,1
ember_0b3de5319430.exe,560371,25.41,6.678,1,0,1
ember_d09b06868c41.exe,965734,5.67,4.053,2,0,1
ember_ce6444217ff8.exe,440832,20.46,5.639,67,1,1
ember_0a0d4f1c0223.exe,750320,10.74,5.36,111,2,1
ember_41e946120c34.exe,965374,5.67,4.053,2,0,1
ember_1828b05ff4bc.exe,318848,12.51,4.684,12,0,1
ember_a2fcf1a1c50a.exe,965924,5.67,4.053,2,0,1
ember_d132c13079a4.exe,206336,14.51,3.767,11,0,1
ember_d5b0daa5d4ca.exe,4288512,68.39,4.78,113,2,1
ember_6e780b2139f8.exe,964464,5.67,4.053,2,0,1
ember_75df2c882bc9.exe,343556,6.03,5.037,61,0,1
ember_55edc94ea894.exe,375296,9.06,3.767,11,0,1
ember_d190fa2dc5e4.exe,315885,20.87,4.088,140,0,1
ember_3c5c186a1aee.exe,126979,10.91,5.704,54,0,1
ember_0943a36163e8.exe,139264,20.26,5.557,54,0,1
ember_2346bfc04fe0.exe,3584,74.33,3.271,8,0,1
ember_90452ec37aec.exe,139264,20.26,5.557,54,0,1
ember_6cfb9276d21b.exe,964314,5.68,4.053,2,0,1
ember_a6b06bdad97b.exe,966904,5.66,4.053,2,0,1
ember_54e1e00f5dfe.exe,963864,5.68,4.053,2,0,1
ember_5a83fb7cdfb0.exe,398336,21.21,4.423,281,2,1
ember_13be5b22b096.exe,1053696,10.92,5.709,81,1,1
ember_b751ddcf7d03.exe,139264,20.26,5.557,54,0,1
ember_704236e7514a.exe,139264,20.26,5.557,54,0,1
ember_2cb5888d2fa9.exe,1015808,21.48,5.863,464,1,1
ember_51c563c48488.exe,126825,10.93,5.704,54,0,1
ember_9cc67ca5f506.exe,438272,17.6,5.872,296,1,1
ember_4bc7e2f17b8c.exe,969764,5.64,4.053,2,0,1
ember_3fccb58f3fec.exe,970624,5.64,4.053,2,0,1
ember_643cd28979d5.exe,82969,13.79,1.655,0,0,1
ember_95eb986fd43f.exe,10102032,3.95,5.834,522,2,1
ember_c59063f09295.exe,802816,22.47,4.048,33,0,1
ember_27743fd79ec8.exe,357888,1.12,6.156,7,0,1
ember_22bdb6937413.exe,139264,19.71,5.924,12,0,1
ember_24151d36ec33.exe,1339392,43.83,5.661,0,0,1
ember_7c21d8fa2bc7.exe,965504,5.67,4.053,2,0,1
ember_f5a337a5b859.exe,310112,14.69,5.851,288,2,1
ember_140d7d791a76.exe,3584,74.33,3.269,8,0,1
ember_0631c532b0a3.exe,967844,5.66,4.053,2,0,1
ember_9fb31719e4de.exe,176128,37.2,5.223,188,0,1
ember_130fc23dfa9f.exe,503808,10.29,6.601,102,1,1
ember_24fc6f9a9db7.exe,966154,5.67,4.053,2,0,1
ember_2ca69d746819.exe,346672,22.79,2.615,45,1,1
ember_c6b91e61d862.exe,195142,15.66,4.055,55,0,1
ember_6e13750afe4f.exe,285696,2.35,4.474,42,0,1
ember_d8989d0502ff.exe,868244,4.38,7.29,11,0,1
ember_46cfe2faf61d.exe,965234,5.67,4.053,2,0,1
ember_ca6db7a6cef3.exe,966844,5.66,4.053,2,0,1
ember_be5299acf294.exe,966004,5.67,4.053,2,0,1
ember_d09ba77510f3.exe,139264,20.26,5.557,54,0,1
ember_ce251a4646b7.exe,127437,25.53,5.382,217,1,1
ember_84a1178d3b4e.exe,965284,5.67,4.053,2,0,1
ember_f920c38e7aef.exe,3584,74.33,3.27,8,0,1
ember_daf2b90819fe.exe,1649705,23.0,4.291,1,0,1
ember_d0c290cf3a37.exe,968344,5.65,4.053,2,0,1
ember_675480d21b5d.exe,1796608,31.63,6.156,187,2,1
ember_a7f94fdffc8c.exe,192512,48.97,3.209,60,2,1
ember_c98a7865a6e8.exe,964034,5.68,4.053,2,0,1
ember_7b0861759739.exe,967814,5.66,4.053,2,0,1
ember_bcbbad17e02c.exe,309760,24.75,4.972,266,2,1
ember_fe9c673e1ce8.exe,900779,33.45,4.055,55,0,1
ember_09f0d697cf07.exe,1670560,23.38,4.378,418,2,1
ember_191222eb8c07.exe,276992,37.92,4.648,87,1,1
ember_e16a991223f9.exe,3485184,68.69,2.826,72,2,1
ember_6833854591fc.exe,262144,42.62,4.655,261,1,1
ember_ac4e10d1ce52.exe,962294,5.69,4.053,2,0,1
ember_f915ac945d12.exe,1829376,17.02,4.414,581,2,1
ember_977d241d30f3.exe,217088,39.53,4.631,92,0,1
ember_aea6fafc45ef.exe,63810,19.99,4.487,171,0,1
ember_9a0e864de5c9.exe,965064,5.67,4.053,2,0,1
ember_6ca0fa969000.exe,970554,5.64,4.053,2,0,1
ember_819d781163ac.exe,985216,38.54,3.767,54,0,1
ember_aa41c6537f9c.exe,174696,18.66,5.509,142,1,1
ember_7da310f7e2ae.exe,1250816,6.77,6.766,114,1,1
ember_e46ea9754d49.exe,207360,10.16,5.516,1,0,1
ember_a4b7604a8d02.exe,246077,3.77,5.634,91,1,1
ember_3d418953f8c5.exe,88576,2.59,4.878,1,0,1
ember_a6063b6bec4d.exe,973804,5.62,4.053,2,0,1
ember_b076b6afbb33.exe,276992,37.92,4.648,87,1,1
ember_303233a64003.exe,294912,18.44,5.73,88,1,1
ember_f62cdb6e4504.exe,423544,18.36,5.78,307,2,1
ember_52b12407ecc6.exe,652288,3.14,4.312,1,0,1
ember_ad6e5b542c4b.exe,181840,18.87,5.514,157,2,1
ember_ba8ee216d9fe.exe,962264,5.69,4.053,2,0,1
ember_39c00801fd73.exe,966574,5.66,4.053,2,0,1
ember_e0dd40abd50c.exe,1250816,6.77,6.766,114,1,1
ember_06380c68a805.exe,963064,5.68,4.053,2,0,1
ember_086335e6cbc0.exe,525278,72.36,4.482,105,3,1
ember_1ec8a278eda7.exe,471040,21.37,5.002,207,1,1
ember_8c63d9c37b51.exe,967784,5.66,4.053,2,0,1
ember_322877991259.exe,964644,5.67,4.053,2,0,1
ember_0cf4b52fa3bb.exe,369152,24.39,5.593,108,2,1
ember_a3bd09227122.exe,636947,3.47,4.928,3,1,1
ember_0e76cd95788f.exe,301085,19.38,4.016,19,0,1
ember_314e1e1ca003.exe,343556,6.03,5.037,61,0,1
ember_8e7e137fefd1.exe,3584,64.56,3.072,1,0,1
ember_82825a00a4f7.exe,379392,17.31,4.734,15,1,1
ember_48bb1cb29261.exe,96256,20.06,4.748,1,0,1
ember_112cb763de8d.exe,965364,5.67,4.053,2,0,1
ember_877e7fab54dc.exe,963994,5.68,4.053,2,0,1
ember_d56b804021a7.exe,888868,14.82,4.47,467,4,1
ember_78789f7239da.exe,99328,14.33,7.987,3,0,1
ember_103059989079.exe,500224,20.26,4.64,127,2,1
ember_91b01528a34f.exe,519168,9.72,5.174,98,2,1
ember_5237f231d80d.exe,888868,14.82,4.47,467,4,1
ember_1b975234b4f0.exe,767488,11.84,5.349,14,0,1
ember_fe31def4bdaa.exe,118108,5.72,5.07,16,0,1
ember_242f60ea2e83.exe,967164,5.66,4.053,2,0,1
ember_5cdf4a0a7ed7.exe,967194,5.66,4.053,2,0,1
ember_2ca079c36a3e.exe,245837,3.77,5.634,91,1,1
ember_ae8247917d69.exe,254468,10.14,5.008,61,1,1
ember_b6b8acf36be2.exe,343402,6.04,5.037,61,0,1
ember_36a55e6d29d9.exe,130616,15.34,4.953,113,1,1
ember_d5accd25b8d2.exe,965534,5.67,4.053,2,0,1
ember_b7c3c8359525.exe,736256,12.24,5.122,78,1,1
ember_d07766758798.exe,1054208,10.96,5.707,82,1,1
ember_189f29a1cdb2.exe,369152,24.39,5.593,108,2,1
ember_b69de02e6511.exe,139264,20.26,5.557,54,0,1
ember_1f77198bc572.exe,5267459,62.76,2.955,13,0,1
ember_617fa0067165.exe,193536,23.77,4.782,90,1,1
ember_010f3955a732.exe,155648,18.89,6.131,104,0,1
ember_6e12fca29e74.exe,1842520,1.82,5.304,213,1,1
ember_d23ba834d2d5.exe,1126912,28.81,5.435,89,2,1
ember_35f1eea87416.exe,207872,10.1,5.516,1,0,1
ember_05112d8a521f.exe,3584,64.82,3.08,1,0,1
ember_e2447fb1a7de.exe,960624,5.7,4.053,2,0,1
ember_a834278e554e.exe,188942,70.1,3.748,120,1,1
ember_39495efe55a6.exe,965554,5.67,4.053,2,0,1
ember_348e0436204f.exe,967464,5.66,4.053,2,0,1
ember_502b4cec2568.exe,2164736,17.72,4.319,580,2,1
ember_2ca3d7f992e3.exe,126941,10.92,5.704,54,0,1
ember_feab22b03338.exe,591452,4.54,3.162,386,1,1
ember_16a39e64a523.exe,63937,32.01,3.389,81,0,1
ember_e01973053850.exe,965384,5.67,4.053,2,0,1
ember_09829c38c209.exe,454656,14.37,5.174,341,1,1
ember_ffa14eaa1957.exe,373016,47.61,1.933,132,1,1
ember_03609d877e7b.exe,318848,12.51,4.684,12,0,1
ember_a3c5d49b7a95.exe,964054,5.68,4.053,2,0,1
ember_f19c0ab07471.exe,835407,5.93,4.573,55,0,1
ember_1fec6cb19c54.exe,965224,5.67,4.053,2,0,1
ember_11cec7c2c7ad.exe,364544,16.81,5.057,15,0,1
ember_f84b7da6eb7a.exe,816128,0.58,5.169,15,1,1
ember_156b7b64eeee.exe,435712,14.08,6.345,252,2,1
ember_34aeab6470b3.exe,122880,53.71,2.58,1,0,1
ember_fdc33da22396.exe,968434,5.65,4.053,2,0,1
ember_ee4da4f79d60.exe,963834,5.68,4.053,2,0,1
ember_1c74a15b4b89.exe,960664,5.7,4.053,2,0,1
ember_5ad3e1270428.exe,965214,5.67,4.053,2,0,1
ember_6f87c0e02287.exe,489984,16.05,5.155,107,1,1
ember_217ee143821d.exe,543936,12.32,5.84,179,2,1
ember_cb279093be8b.exe,272896,18.39,5.35,119,1,1
ember_09c966cdc6ab.exe,326574,4.18,5.649,160,0,1
ember_5fc25373cd48.exe,964984,5.67,4.053,2,0,1
ember_bfffb40a082b.exe,139264,20.26,5.557,54,0,1
ember_3c5d92d90943.exe,444928,14.05,6.392,106,2,1
ember_137dcb9c36d6.exe,707584,32.1,5.116,236,2,1
ember_346117fb1943.exe,311808,2.85,5.131,42,0,1
ember_e59f71321ea8.exe,1384413,9.99,5.276,127,1,1
ember_33feaf22479d.exe,1834784,23.46,4.307,1,0,1
ember_5f52b8ef77f4.exe,964794,5.67,4.053,2,0,1
ember_2ad58ee35363.exe,965654,5.67,4.053,2,0,1
ember_b822c895f5dc.exe,1600000,5.21,6.643,18,1,1
ember_c98ccaf558fb.exe,206285,34.2,4.895,85,2,1
ember_2e668cd19be7.exe,1802560,23.99,4.307,1,0,1
ember_34eca45c1998.exe,246045,3.77,5.634,91,1,1
ember_05a9733af943.exe,965574,5.67,4.053,2,0,1
ember_356eae35d8f2.exe,1217024,2.83,4.286,1,0,1
ember_2a09fbce1ee7.exe,525196,72.38,4.482,105,3,1
ember_b6938acc4caf.exe,214528,1.36,5.161,15,1,1
ember_5d53a2f75bbe.exe,277000,2.18,4.93,2,0,1
ember_bcb7fa2544a8.exe,964684,5.67,4.053,2,0,1
ember_07100b55fa34.exe,967194,5.66,4.053,2,0,1
ember_bebf63bd35f2.exe,964304,5.68,4.053,2,0,1
ember_a1825458d9a3.exe,343471,6.04,5.037,61,0,1
ember_e77947852446.exe,203673,18.84,4.197,77,1,1
ember_3698fc37d0a3.exe,961404,5.69,4.053,2,0,1
ember_efd74026637f.exe,1053696,10.92,5.709,81,1,1
ember_7de94b9c4a6d.exe,559808,12.15,5.847,185,2,1
ember_fafbd0dbacee.exe,966494,5.66,4.053,2,0,1
ember_3ce56ba36189.exe,99328,19.52,7.988,3,0,1
ember_3969b7c94649.exe,1869408,1.71,4.603,8,0,1
ember_1c70a5b6315c.exe,3584,74.33,3.277,8,0,1
ember_40481fc91ae7.exe,965464,5.67,4.053,2,0,1
ember_09fb1400c119.exe,193561,7.49,1.887,0,0,1
ember_13e29adbfc94.exe,1650688,56.0,4.794,75,1,1
ember_dd43125659c2.exe,964244,5.68,4.053,2,0,1
ember_24fc10b52e73.exe,126958,10.91,5.704,54,0,1
ember_f4e236466dbd.exe,970464,5.64,4.053,2,0,1
ember_19e8512bc30a.exe,503808,10.28,6.601,102,1,1
ember_d2fb7876e29d.exe,644970,9.08,5.149,149,1,1
ember_0e038c34ad3a.exe,970964,5.64,4.053,2,0,1
ember_c63327e438d1.exe,131200,20.92,6.117,25,0,1
ember_2baef4a7f596.exe,139264,20.26,5.557,54,0,1
ember_f70178565aa7.exe,964004,5.68,4.053,2,0,1
ember_1baf8fef24c1.exe,1006080,19.14,5.817,75,1,1
ember_c11bcbf60911.exe,222207,20.84,5.991,102,0,1
ember_782945961ea1.exe,139264,20.26,5.557,54,0,1
ember_e184f0f02fe1.exe,966774,5.66,4.053,2,0,1
ember_00fb752d1001.exe,389289,45.77,4.055,55,0,1
ember_4fd6e8f5d27e.exe,491112,13.33,6.763,191,1,1
ember_e4cc85cb0b9e.exe,134788,19.77,4.057,6,0,1
ember_44c1449b44c3.exe,964254,5.68,4.053,2,0,1
ember_61727cc25381.exe,1641438,15.25,4.286,349,1,1
ember_bcb20b992587.exe,965974,5.67,4.053,2,0,1
ember_5ddb15102587.exe,967404,5.66,4.053,2,0,1
ember_98a6c9d23f98.exe,410124,10.81,3.532,82,0,1
ember_83d03693a016.exe,966674,5.66,4.053,2,0,1
ember_2e0e26469165.exe,155648,18.89,6.131,104,0,1
ember_8079b842fcdd.exe,1412712,81.41,5.73,125,1,1
ember_74d0aa51e91b.exe,133636,13.57,6.404,36,0,1
ember_3a5cb4c8ed73.exe,905216,5.75,5.558,135,1,1
ember_bb830f8dd85c.exe,990720,20.09,5.336,63,1,1
ember_e8083084fc00.exe,197673,7.35,1.891,0,0,1
ember_d374cf284504.exe,967194,5.66,4.053,2,0,1
ember_a0fc6c36bfdb.exe,962454,5.69,4.053,2,0,1
ember_587e9751135c.exe,2281472,3.42,6.361,78,0,1
ember_0f26f8bb868f.exe,1765279,53.76,4.055,55,0,1
ember_deed3294af48.exe,645094,14.87,4.089,379,1,1
ember_960b2484dc0a.exe,139264,20.26,5.557,54,0,1
ember_bdf8116d563b.exe,738365,19.69,4.613,105,1,1
ember_b40741fcbb65.exe,967134,5.66,4.053,2,0,1
ember_bc4dbb8071ca.exe,503808,10.29,6.601,102,1,1
ember_d5faf519c734.exe,99328,11.19,7.984,3,0,1
ember_c902e3740c3c.exe,134280,10.22,5.592,87,2,1
ember_b1df29605d85.exe,307712,55.6,4.23,68,1,1
ember_797e69fc96cc.exe,101300,19.84,3.602,46,0,1
ember_0df72f2ae087.exe,959488,0.84,3.554,10,0,1
ember_276c610bbdc1.exe,503808,10.28,6.601,102,1,1
ember_fbf767399134.exe,1714688,50.36,2.191,0,0,1
ember_60c5711d2f39.exe,967324,5.66,4.053,2,0,1
ember_017239e304e4.exe,252928,20.51,5.508,56,2,1
ember_da7697efc2b3.exe,283144,1.93,5.503,4,0,1
ember_e6e45398abb6.exe,123392,18.58,4.251,11,0,1
ember_f56ad18a350a.exe,635388,29.42,4.299,121,1,1
ember_7339dece00d8.exe,155648,18.89,6.131,104,0,1
ember_0acf37df893b.exe,3500032,68.0,4.167,65,2,1
ember_55bf8c405403.exe,166400,11.7,3.827,47,1,1
ember_ea693652c2df.exe,697352,1.06,5.73,3,0,1
ember_f37368fb468d.exe,525264,72.37,4.482,105,3,1
ember_a1c0a4e7a06b.exe,532480,39.2,5.064,180,2,1
ember_72b6ffe0bf5b.exe,970804,5.64,4.053,2,0,1
ember_863f4b481723.exe,962844,5.68,4.053,2,0,1
ember_7d01918ce8c1.exe,159744,16.11,5.219,233,0,1
ember_5974622066af.exe,782336,17.52,4.523,179,1,1
ember_45d91b2622fd.exe,1254712,14.88,5.978,627,2,1
ember_659b17c14d2a.exe,570880,21.45,5.422,232,2,1
ember_0cf7a173f388.exe,361472,51.0,4.903,68,1,1
ember_f034b9f95ca7.exe,656384,11.7,5.248,14,0,1
ember_523f9516721e.exe,126918,10.92,5.704,54,0,1
ember_db36881c8627.exe,172433,20.24,5.206,111,2,1
ember_4d0817308405.exe,702922,28.85,4.613,105,1,1
ember_905e2a5e3d21.exe,1876422,20.19,5.84,313,0,1
ember_8ffdefcb0c03.exe,963094,5.68,4.053,2,0,1
ember_2050a24495ef.exe,959488,0.87,3.554,10,0,1
ember_9df98910c486.exe,645120,4.45,6.597,13,0,1
ember_2151bcf0ec5f.exe,224256,10.97,5.922,172,1,1
ember_a1e3fe835c4e.exe,126926,10.92,5.704,54,0,1
ember_2a5191d5ed44.exe,962894,5.68,4.053,2,0,1
ember_216f63a553a3.exe,3584,74.33,3.271,8,0,1
ember_abeac5ca8512.exe,964494,5.67,4.053,2,0,1
ember_c915d05c656e.exe,962734,5.69,4.053,2,0,1
ember_7d1b83382a71.exe,338432,6.33,4.284,1,0,1
ember_8ff5fc8d18cf.exe,543864,12.32,5.84,179,2,1
ember_9e1e7de9d5e6.exe,302080,8.61,6.457,1,0,1
ember_6d6cc1145974.exe,965334,5.67,4.053,2,0,1
ember_f7f375ea25e1.exe,1006080,19.14,5.818,75,1,1
ember_37bf722bec13.exe,321532,21.97,4.301,1,0,1
ember_b63b23c60685.exe,963934,5.68,4.053,2,0,1
ember_b64780589cc4.exe,847751,10.74,5.632,78,1,1
ember_e473f9cff229.exe,1897984,50.62,5.445,82,1,1
ember_34aaa4020bb4.exe,193536,23.48,5.736,87,1,1
ember_b09457efed81.exe,966154,5.67,4.053,2,0,1
ember_578c0d090989.exe,1339392,43.83,5.661,0,0,1
ember_8a238ab0eef4.exe,963014,5.68,4.053,2,0,1
ember_78d41dec690c.exe,500224,20.26,4.64,127,2,1
ember_f0278173f6d0.exe,73006,49.74,4.041,1,0,1
ember_b84ee9b83990.exe,1842176,27.23,4.291,1,0,1
ember_d2181cfe62e6.exe,123392,18.58,4.251,11,0,1
ember_a80e8cedb207.exe,965524,5.67,4.053,2,0,1
ember_3399690649cd.exe,1250816,6.77,6.766,114,1,1
ember_60c45c33849a.exe,968084,5.65,4.053,2,0,1
ember_34ea3c90738f.exe,1053696,10.93,5.709,81,1,1
ember_ef9bf773d293.exe,356864,21.54,4.979,92,2,1
ember_2bf25161bb9a.exe,181574,30.62,4.055,55,0,1
ember_3e5b6baa0cb3.exe,971404,5.63,4.053,2,0,1
ember_0f6a1ae72777.exe,240565,49.4,4.251,62,1,1
ember_8547eafec28f.exe,962084,5.69,4.053,2,0,1
ember_1828b6d91b79.exe,1339392,43.76,5.638,0,0,1
ember_b4f060a5214b.exe,525260,72.37,4.482,105,3,1
ember_2237d86eeabb.exe,47104,28.11,7.454,1,0,1
ember_9d8e7fdb9896.exe,963634,5.68,4.053,2,0,1
ember_9688ac44a361.exe,965354,5.67,4.053,2,0,1
ember_c5b5a59932a3.exe,445440,11.74,3.841,1,0,1
ember_a504d50d89e9.exe,963724,5.68,4.053,2,0,1
ember_2118133623c6.exe,63811,19.97,4.492,171,0,1
ember_41e0c9ec03e2.exe,383465,7.42,5.64,267,1,1
ember_7a9e3b328a50.exe,2026912,20.08,5.249,470,2,1
ember_fb6f6b1e4c0d.exe,444928,14.05,6.392,106,2,1
ember_299fec1bc286.exe,966014,5.67,4.053,2,0,1
ember_0d697553cab9.exe,139264,19.76,5.94,14,0,1
ember_8cea9e3a37de.exe,548511,0.8,2.641,0,0,1
ember_4a21b2359ebd.exe,3584,74.33,3.278,8,0,1
ember_237925e1a8a8.exe,708608,51.18,3.359,1,0,1
ember_33d93bb94a5a.exe,4418432,1.03,4.596,120,2,1
ember_261548eb22c7.exe,653087,22.44,4.055,55,0,1
ember_e5ef353c573a.exe,440187,4.25,4.773,76,1,1
ember_3662565d7d27.exe,343502,6.12,5.037,61,0,1
ember_4423d24ba415.exe,103140,3.63,7.987,2,0,1
ember_f23f956b6cb1.exe,842975,25.26,4.649,303,2,1
ember_eefd5693c4a0.exe,964604,5.67,4.053,2,0,1
ember_86d010acec63.exe,964454,5.68,4.053,2,0,1
ember_d4e1a9c7b416.exe,1988152,49.16,6.208,49,1,1
ember_12ede87fb2b0.exe,119296,10.22,6.155,78,0,1
ember_cff953fd83ab.exe,965604,5.67,4.053,2,0,1
ember_2d247348944c.exe,525185,72.38,4.482,105,3,1
ember_3b639f6130a8.exe,735455,28.97,3.251,113,1,1
ember_af9a03ae5975.exe,2061938,1.31,7.884,0,0,1
ember_9cc4c8ab5a9d.exe,3584,74.33,3.276,8,0,1
ember_045c1417c4ab.exe,3465837,1.25,4.874,22,0,1
ember_dae6fbf7b2ac.exe,339968,8.52,4.533,93,0,1
ember_c933ec7e156e.exe,264653,9.85,5.437,4,0,1
ember_6156c44b377e.exe,699392,21.8,3.924,114,2,1
ember_6d2992430061.exe,965544,5.67,4.053,2,0,1
ember_6b1f48165b24.exe,3584,74.33,3.269,8,0,1
ember_a2fd3c2ca063.exe,343477,6.08,5.037,61,0,1
ember_c11981e258b7.exe,285696,29.91,4.786,133,1,1
ember_f95d027407df.exe,103140,5.97,3.519,2,0,1
ember_fa4532c60c56.exe,969414,5.65,4.053,2,0,1
ember_8be7e5b8f925.exe,93866,6.59,7.871,3,0,1
ember_e0299cb8ae36.exe,1339392,43.82,5.661,0,0,1
ember_4bc46cd35ec1.exe,964434,5.68,4.053,2,0,1
ember_a042d139b00a.exe,2293248,72.71,4.292,69,1,1
ember_f7e1d0f268db.exe,167940,24.65,4.947,168,0,1
ember_af0ad2515395.exe,966574,5.66,4.053,2,0,1
ember_4e333e0b38fc.exe,964764,5.67,4.053,2,0,1
ember_88bb82e67095.exe,962144,5.69,4.053,2,0,1
ember_0b9aa116999d.exe,520192,6.68,6.043,82,1,1
ember_c520009a8d17.exe,1806828,16.93,2.67,581,2,1
ember_0c850386e31c.exe,439808,20.56,5.625,68,1,1
ember_d356f6c1284f.exe,965674,5.67,4.053,2,0,1
ember_c747065c86cd.exe,964484,5.67,4.053,2,0,1
ember_3cac3179b932.exe,246085,3.77,5.634,91,1,1
ember_154e34ac887a.exe,155648,18.89,6.131,104,0,1
ember_bf7fbb664ff3.exe,318848,12.51,4.684,12,0,1
ember_374b9181498e.exe,135168,18.2,5.039,44,0,1
ember_3f6673fc69e1.exe,969864,5.64,4.053,2,0,1
ember_3957e624e059.exe,379392,33.65,5.562,69,1,1
ember_b9c717773edc.exe,837584,26.31,3.283,60,0,1
ember_2e962cc28041.exe,246101,3.76,5.634,91,1,1
ember_1971ab01ce82.exe,458752,22.93,4.06,10,0,1
ember_c3ff4c7129c5.exe,343560,6.03,5.037,61,0,1
ember_ca69a4ea63ec.exe,2572136,26.25,5.56,478,1,1
ember_30428a1cdd0a.exe,237568,33.27,3.589,19,0,1
ember_50ce2cce2712.exe,968894,5.65,4.053,2,0,1
ember_4bdfbb5b18a8.exe,559856,12.14,5.847,185,2,1
ember_ae5ea5631e95.exe,965744,5.67,4.053,2,0,1
ember_0bb0ef4654ce.exe,343539,6.04,5.037,61,0,1
ember_fd20c05beb24.exe,391680,17.45,4.727,15,1,1
ember_ea572ee60fe3.exe,963874,5.68,4.053,2,0,1
ember_854b76b9f8dd.exe,503808,10.28,6.601,102,1,1
ember_78b15e9cd678.exe,123392,18.6,4.25,11,0,1
ember_b7d85b9aeeec.exe,512512,15.41,5.659,199,2,1
ember_c5d4a00f4330.exe,1592576,7.1,4.72,5,0,1
ember_04fe99aa093c.exe,964034,5.68,4.053,2,0,1
ember_605fa37d6134.exe,126982,10.91,5.704,54,0,1
ember_53e03c9f5a46.exe,965854,5.67,4.053,2,0,1
ember_6fd478211d87.exe,246061,3.77,5.634,91,1,1
ember_975fa8d06dcb.exe,627904,6.12,5.851,94,1,1
ember_4f96d8a55324.exe,962324,5.69,4.053,2,0,1
ember_3ae9dd9dd97e.exe,770492,15.66,5.325,300,2,1
ember_95f4dc413daf.exe,759688,11.53,6.243,10,0,1
ember_dd45a3ed6342.exe,3584,74.33,3.27,8,0,1
ember_99e78cc87590.exe,155648,18.89,6.131,104,0,1
ember_d32e23590245.exe,131200,20.92,6.117,25,0,1
ember_60c724731681.exe,970124,5.64,4.053,2,0,1
ember_54a963200d33.exe,1673216,3.26,6.007,72,1,1
ember_705a63427f06.exe,967144,5.66,4.053,2,0,1
ember_8e9c29ab6092.exe,964824,5.67,4.053,2,0,1
ember_779b0f48f196.exe,964734,5.67,4.053,2,0,1
ember_0650fffb1b45.exe,970344,5.64,4.053,2,0,1
ember_09eaaef49471.exe,261120,17.62,4.859,104,1,1
ember_9d3929db5534.exe,525154,72.38,4.482,105,3,1
ember_7bc91627733f.exe,99328,2.85,7.988,3,0,1
ember_8bffa76831e0.exe,961194,5.69,4.053,2,0,1
ember_9cf0d58a7bbf.exe,744471,95.51,2.722,3,0,1
ember_4d935d56592d.exe,295950,1.51,6.397,8,0,1
ember_0a44a0c9a816.exe,553984,59.99,2.926,123,0,1
ember_dc26200c57e7.exe,966354,5.66,4.053,2,0,1
ember_04ec06d2e7c0.exe,215467,1.55,6.559,1,0,1
ember_c1391acfafec.exe,964604,5.67,4.053,2,0,1
ember_294d52e7f708.exe,131200,20.92,6.117,25,0,1
ember_0b12e79c9275.exe,967754,5.66,4.053,2,0,1
ember_5fc576f9d775.exe,165851,30.51,4.055,55,0,1
ember_2c66647a85a7.exe,139264,20.26,5.557,54,0,1
ember_8bb2f84e9053.exe,965264,5.67,4.053,2,0,1
ember_d2ca231cf4e7.exe,155648,18.89,6.131,104,0,1
ember_2851261cdcfd.exe,121856,59.95,3.863,53,0,1
ember_4158e275af7d.exe,100855,28.07,4.291,1,0,1
ember_95e68110135e.exe,249856,24.47,4.939,243,1,1
ember_efc5010d4f7c.exe,5632,49.29,3.963,17,4,1
ember_1d8598983077.exe,375296,28.95,4.153,122,2,1
ember_0045fa5c58c6.exe,206848,4.27,5.912,5,0,1
ember_9ab968a3336f.exe,318848,12.51,4.684,12,0,1
ember_31c6871e99c5.exe,155648,18.89,6.131,104,0,1
ember_2bca71d06b9a.exe,315392,15.52,5.63,292,2,1
ember_a409999acdb4.exe,475648,9.66,4.562,1,0,1
ember_736e5d276296.exe,486916,4.54,5.516,1,0,1
ember_e31faa82f853.exe,963884,5.68,4.053,2,0,1
ember_d1b6203f63ef.exe,966024,5.67,4.053,2,0,1
ember_670369fb0f93.exe,965554,5.67,4.053,2,0,1
ember_dac3cf0f871f.exe,20992,14.16,5.981,34,2,1
ember_7d8eb204e784.exe,962604,5.69,4.053,2,0,1
ember_2ee89ca42622.exe,211296,38.23,4.914,144,0,1
ember_54ae571c0874.exe,126988,10.91,5.704,54,0,1
ember_a2a340aa0ed0.exe,343510,6.04,5.037,61,0,1
ember_7c2969221d4f.exe,155648,18.89,6.131,104,0,1
ember_18425e134332.exe,968124,5.65,4.053,2,0,1
ember_02950ca31de0.exe,965844,5.67,4.053,2,0,1
ember_348daca1dd41.exe,3584,74.33,3.273,8,0,1
ember_fbdf996e3772.exe,416768,18.06,5.314,136,2,1
ember_35b77525b9d8.exe,500224,20.26,4.64,127,2,1
ember_527fdb6fcf30.exe,429407,3.76,4.568,100,1,1
ember_bc79122b2504.exe,967294,5.66,4.053,2,0,1
ember_9630602196da.exe,280528,13.22,3.988,160,1,1
ember_a3ca120a0501.exe,506880,23.08,5.049,220,2,1
ember_297bfc859234.exe,215040,9.8,5.516,1,0,1
ember_3ed0a1aec31c.exe,1540096,15.22,5.75,234,2,1
ember_82ee8d98e713.exe,123392,18.57,4.251,11,0,1
ember_92d0684f5ab0.exe,968894,5.65,4.053,2,0,1
ember_b67dd0716cb3.exe,432640,24.75,5.57,76,1,1
ember_92c4c705f196.exe,191409,14.84,5.151,68,1,1
ember_c4e20201361e.exe,966674,5.66,4.053,2,0,1
ember_0301af956a02.exe,343381,6.08,5.037,61,0,1
ember_d8392b5a7432.exe,266240,39.98,4.08,76,1,1
ember_df0fd03f2d7e.exe,559792,12.15,5.847,185,2,1
ember_8aa93b164f5b.exe,530506,28.22,4.537,187,1,1
ember_8c4b4126bbf7.exe,106901,11.88,3.434,23,0,1
ember_a18106b56a7b.exe,1973568,23.42,4.307,1,0,1
ember_3e60f775bae2.exe,1561088,3.02,3.787,11,0,1
ember_4f8a0b65e836.exe,343498,6.04,5.037,61,0,1
ember_c292db3508b1.exe,286720,36.82,4.53,62,1,1
ember_56ca4b4fa4a2.exe,276072,2.42,7.943,0,0,1
ember_1bcf02dba4de.exe,736256,12.24,5.115,78,1,1
ember_ce1596557fc5.exe,232732,5.83,5.616,157,0,1
ember_85ab8130af22.exe,3584,74.33,3.277,8,0,1
ember_1c6fb5cea3e9.exe,964394,5.68,4.053,2,0,1
ember_e1de6d28d75f.exe,983040,0.84,3.552,10,0,1
ember_bf841e018015.exe,1827312,4.85,5.085,1,0,1
ember_0217a5a75ad2.exe,965554,5.67,4.053,2,0,1
ember_b24cbd8b69cd.exe,559760,12.15,5.847,185,2,1
ember_1efb7eba8c44.exe,246045,3.77,5.634,91,1,1
ember_0777c58a5d0a.exe,525295,72.36,4.482,105,3,1
ember_62f038f6f36b.exe,965174,5.67,4.053,2,0,1
ember_0d088ebe70c5.exe,964614,5.67,4.053,2,0,1
ember_49fdcc49c1d9.exe,5267459,68.52,2.852,13,0,1
ember_1dce2631b1d3.exe,2228944,11.04,4.199,1,0,1
ember_30907c1e5a76.exe,965364,5.67,4.053,2,0,1
ember_dd32b46a1c76.exe,969394,5.65,4.053,2,0,1
ember_38430a885bb6.exe,983040,0.81,4.75,24,1,1
ember_de8bd67f1ed1.exe,964194,5.68,4.053,2,0,1
ember_0550e45b3352.exe,99328,7.49,7.986,3,0,1
ember_5646e61664a5.exe,967154,5.66,4.053,2,0,1
ember_13346005ac22.exe,569344,17.36,5.448,313,1,1
ember_8e983fb0dd47.exe,480768,13.24,3.868,11,0,1
ember_c1a895c54ed4.exe,785766,7.93,4.857,1,0,1
ember_c7722a040a63.exe,151992,61.76,4.055,55,0,1
ember_3961eb547a00.exe,139264,20.26,5.557,54,0,1
ember_3a115e7a67e4.exe,552448,13.17,5.825,374,2,1
ember_c5fb5c05d60e.exe,2061938,4.07,7.894,0,0,1
ember_6b46a4a939dc.exe,221184,50.68,4.344,97,2,1
ember_40e39ade80c5.exe,1339392,43.11,5.699,0,0,1
ember_c8f461c366e6.exe,123392,18.59,4.25,11,0,1
ember_fc42d55fecd0.exe,1167153,3.31,4.646,5,0,1
ember_52e39cf5d5cf.exe,1510622,28.01,4.055,55,0,1
ember_67b11ecca86b.exe,965304,5.67,4.053,2,0,1
ember_064f4bc05615.exe,544016,12.32,5.84,179,2,1
ember_1b64fcbb1f05.exe,307563,18.55,4.736,151,1,1
ember_d71be96344f0.exe,963944,5.68,4.053,2,0,1
ember_5f07ab8ad086.exe,966154,5.67,4.053,2,0,1
ember_120ac19bff4b.exe,603648,12.83,5.247,14,0,1
ember_d7229b5558eb.exe,1296312,6.26,4.194,55,1,1
ember_ee2df7017236.exe,917504,33.73,4.449,37,0,1
ember_1d3dab1fc543.exe,966754,5.66,4.053,2,0,1
ember_97060c54d85b.exe,2093568,63.11,5.563,73,1,1
ember_8b14135072e8.exe,1918976,1.76,3.558,1,0,1
ember_25dfc073c5ce.exe,343533,6.08,5.037,61,0,1
ember_18d6bffa54bf.exe,966544,5.66,4.053,2,0,1
ember_4498a4897ceb.exe,226640,17.28,6.237,154,0,1
ember_67ec45f62db1.exe,966534,5.66,4.053,2,0,1
ember_5ae142cfe96e.exe,155648,18.89,6.131,104,0,1
ember_99cdb22197f2.exe,944328,46.69,2.729,59,0,1
ember_02e00ad02e85.exe,246061,3.77,5.634,91,1,1
ember_08d9fdd7b630.exe,964244,5.68,4.053,2,0,1
ember_afb30a39373e.exe,343607,6.08,5.037,61,0,1
ember_d9684f2df0a0.exe,2056321,22.15,4.307,1,0,1
ember_baf51c9d80a6.exe,982528,0.75,4.796,29,1,1
ember_179552deaa9b.exe,1297000,86.63,5.599,57,1,1
ember_1c7327f53e6b.exe,157696,16.49,4.813,88,2,1
ember_08aee9b71ff3.exe,967424,5.66,4.053,2,0,1
ember_3a302e3681d4.exe,139264,20.26,5.557,54,0,1
ember_ac341864cf2f.exe,970914,5.64,4.053,2,0,1
ember_6f3c25434d14.exe,3584,74.33,3.273,8,0,1
ember_0a81ddf621b7.exe,969764,5.64,4.053,2,0,1
ember_8e48308bcaf8.exe,983040,0.84,3.641,24,1,1
ember_7c66357f42d2.exe,966644,5.66,4.053,2,0,1
ember_071c9dd4c61d.exe,1047552,0.48,4.422,1,0,1
ember_e6013a6b145c.exe,94208,22.52,5.578,0,0,1
ember_311474621b50.exe,231360,12.25,2.517,84,1,1
ember_be82201de6cd.exe,452552,13.13,5.48,84,1,1
ember_109c65403d98.exe,1650688,55.99,4.794,75,1,1
ember_3c0289ad3fbf.exe,966174,5.66,4.053,2,0,1
ember_fc8a3bf9c587.exe,6615040,60.13,4.138,55,2,1
ember_5a2d0926a9b1.exe,59460,21.13,4.529,171,0,1
ember_c202f14112a5.exe,123392,18.59,4.25,11,0,1
ember_5bbcb2dbcb6f.exe,343390,6.08,5.037,61,0,1
ember_c03405bb0e1f.exe,559816,12.15,5.847,185,2,1
ember_2c202533bbf7.exe,965174,5.67,4.053,2,0,1
ember_a40382cba2bb.exe,2061938,2.01,5.235,218,2,1
ember_e112d1ddc4dc.exe,966164,5.66,4.053,2,0,1
ember_137bd53b1056.exe,311296,38.02,4.136,71,2,1
ember_370cb6137d51.exe,888868,14.82,4.47,467,4,1
ember_f8c855cf0fb4.exe,884224,14.31,5.835,110,1,1
ember_74b84f17588d.exe,2064220,68.13,5.48,114,1,1
ember_91e96e31ce79.exe,350720,4.06,5.796,47,0,1
ember_7925c863b6d3.exe,966844,5.66,4.053,2,0,1
ember_fc7419a444bd.exe,5267459,30.73,3.068,13,0,1
ember_d3ba48a23f54.exe,33792,6.03,5.677,9,0,1
ember_0a9f6df484d0.exe,966284,5.66,4.053,2,0,1
ember_64a57bbbdc36.exe,255862,4.97,5.672,157,0,1
ember_85e3b951f658.exe,1650688,56.0,4.794,75,1,1
ember_1f213c61d897.exe,139264,20.26,5.557,54,0,1
ember_7e0eebfe9887.exe,356864,21.54,4.979,92,2,1
ember_3042c2091969.exe,63811,19.98,4.49,171,0,1
ember_f01579d5c03a.exe,543848,12.32,5.84,179,2,1
ember_d27a3085d798.exe,50335,19.59,3.633,0,0,1
ember_f5e93619701b.exe,718308,22.38,4.016,19,0,1
ember_18e04b2ea2bd.exe,197632,33.27,4.866,3,0,1
ember_3c9fd5535ea6.exe,4174064,5.04,5.02,212,1,1
ember_69ecbac85831.exe,406544,14.99,5.897,235,2,1
ember_acf26edf108b.exe,462852,22.72,4.157,0,0,1
ember_7815ca0d65ba.exe,736256,12.24,5.124,78,1,1
ember_3b512723d88a.exe,967194,5.66,4.053,2,0,1
ember_ee11c967c872.exe,965504,5.67,4.053,2,0,1
ember_4d9a6b25c421.exe,246053,3.77,5.634,91,1,1
ember_195366d8498f.exe,966004,5.67,4.053,2,0,1
ember_285f26baf789.exe,525239,72.37,4.482,105,3,1
ember_ac1f37a2f6d8.exe,1059506,1.7,5.753,53,0,1
ember_d94649314ba4.exe,243577,2.41,5.029,27,0,1
ember_5f35cdc54bbe.exe,100096,32.2,3.608,1,0,1
ember_b089bce4b356.exe,1249280,16.9,5.707,524,2,1
ember_b85552ecbeef.exe,1353250,2.25,7.544,8,0,1
ember_c4219c6a7d7b.exe,298469,60.81,3.658,105,3,1
ember_477fe7c987f7.exe,352256,30.18,4.499,114,0,1
ember_1c014e68bf9e.exe,966674,5.66,4.053,2,0,1
ember_6ac9879c602d.exe,97962,6.46,7.871,3,0,1
ember_33105de9da02.exe,711794,31.06,5.037,215,1,1
ember_98e0cf716016.exe,155648,18.89,6.131,104,0,1
ember_d16d7687548a.exe,988672,19.26,5.127,116,2,1
ember_d1c5eb39d4f9.exe,245821,3.77,5.634,91,1,1
ember_b5008bffe5bd.exe,343586,6.08,5.037,61,0,1
ember_f958fb0f7e5a.exe,211148,16.36,4.279,11,0,1
ember_ac31251182dd.exe,733184,14.63,5.215,69,1,1
ember_e141acb92cf9.exe,965584,5.67,4.053,2,0,1
ember_5b7f88dfe001.exe,967934,5.65,4.053,2,0,1
ember_32ac8cd395a4.exe,967454,5.66,4.053,2,0,1
ember_c4308f605f8b.exe,343524,6.12,5.037,61,0,1
ember_7ba10bb74af8.exe,155648,18.89,6.131,104,0,1
ember_88637d5f484c.exe,345040,15.1,5.783,210,1,1
ember_bfcfd36471f2.exe,503808,10.28,6.601,102,1,1
ember_94184450e221.exe,819200,25.79,4.151,232,1,1
ember_a24528f3d36f.exe,966534,5.66,4.053,2,0,1
ember_2745937954dd.exe,318848,12.51,4.684,12,0,1
ember_1c0e5d08d3cf.exe,437248,20.19,5.928,112,1,1
ember_47b72147b091.exe,764366,4.82,5.599,163,1,1
ember_c0f589d4963b.exe,131200,20.92,6.117,25,0,1
ember_f5b1db56267b.exe,965684,5.67,4.053,2,0,1
ember_c9f20a161eed.exe,28672,62.95,2.909,55,0,1
ember_10c74b4550a1.exe,139264,19.23,5.084,52,0,1
ember_aefa50e94ad4.exe,33570,37.55,5.089,32,0,1
ember_546ba50e0738.exe,951670,15.79,3.464,135,0,1
ember_2e87c5cff840.exe,388608,14.62,5.879,288,2,1
ember_07bef117736a.exe,583168,4.51,6.341,65,0,1
ember_e21e93d38fdd.exe,155648,18.89,6.131,104,0,1
ember_c1c55fb80fce.exe,2051072,64.56,5.117,76,1,1
ember_cfd6ad5bfe2d.exe,3584,74.33,3.273,8,0,1
ember_fb6fa4170cc6.exe,344538,11.96,5.308,100,1,1
ember_374205d4a047.exe,964914,5.67,4.053,2,0,1
ember_40b61f65e78d.exe,245877,3.77,5.634,91,1,1
ember_03611c6f5ecc.exe,265740,15.77,3.532,82,0,1
ember_9d32bdc8ad60.exe,154112,45.42,4.504,73,2,1
ember_a9eab9baaf76.exe,525149,72.38,4.482,105,3,1
ember_6deac468abf5.exe,1705937,24.68,4.307,1,0,1
ember_0d6ca6b91c52.exe,6730240,0.55,4.211,21,0,1
ember_ace2fbfc28a6.exe,3584,74.33,3.271,8,0,1
ember_9b2cb3843e26.exe,343441,6.08,5.037,61,0,1
ember_b0c718978b18.exe,967024,5.66,4.053,2,0,1
ember_724cd31c32a1.exe,449362,7.95,4.804,55,1,1
ember_f694a893d6f2.exe,964934,5.67,4.053,2,0,1
ember_7b0898a55084.exe,199096,19.71,4.734,233,0,1
ember_ca831bf37a70.exe,966684,5.66,4.053,2,0,1
ember_2fe27c4bbbd4.exe,965574,5.67,4.053,2,0,1
ember_deebd67b136a.exe,139264,20.26,5.557,54,0,1
ember_41d581b3c301.exe,318848,12.51,4.684,12,0,1
ember_8a417fa8336f.exe,964554,5.67,4.053,2,0,1
ember_97fb49c60680.exe,904156,14.65,3.996,44,1,1
ember_ed626c5c8f92.exe,966524,5.66,4.053,2,0,1
ember_11792b4b72f0.exe,1033105,26.74,4.307,1,0,1
ember_a266fd0fa815.exe,3598848,1.18,5.456,2,0,1
ember_0fbcf28055ae.exe,126928,10.92,5.704,54,0,1
ember_43adbce6cd88.exe,262582,6.27,4.555,233,1,1
ember_a334b8beb801.exe,888868,14.82,4.47,467,4,1
ember_792bb7c22c49.exe,208896,10.55,5.516,1,0,1
ember_9091fa72bc50.exe,965834,5.67,4.053,2,0,1
ember_f19684802586.exe,343570,6.03,5.037,61,0,1
ember_86c1aef0c625.exe,155648,18.89,6.131,104,0,1
ember_0b41f038fe69.exe,349184,2.29,7.923,9,1,1
ember_a170de86e186.exe,736256,12.24,5.12,78,1,1
ember_716209bf0eba.exe,965074,5.67,4.053,2,0,1
ember_9be3c072e3c9.exe,500224,20.26,4.64,127,2,1
ember_ae510a8e91ad.exe,544056,12.32,5.84,179,2,1
ember_e53e3add683b.exe,102718,15.69,5.384,26,0,1
ember_2b55d0be8e4c.exe,176128,38.63,5.325,28,0,1
ember_f12e95a1e820.exe,966764,5.66,4.053,2,0,1
ember_1de629812905.exe,76800,32.42,5.447,65,1,1
ember_d6ee5d5c69b6.exe,500224,20.26,4.64,127,2,1
ember_a47c955a5029.exe,966624,5.66,4.053,2,0,1
ember_a91541ad184b.exe,131200,20.92,6.117,25,0,1
ember_7c8f773b3c03.exe,3584,74.33,3.272,8,0,1
ember_b5e6e57b319b.exe,3584,74.33,3.266,8,0,1
ember_6880390331b2.exe,464384,7.35,3.766,11,0,1
ember_8cda6ef24e0c.exe,343379,6.17,5.037,61,0,1
ember_e2f860ff918b.exe,965054,5.67,4.053,2,0,1
ember_dcd1d2404e13.exe,966174,5.66,4.053,2,0,1
ember_f700ba445dff.exe,80644,46.01,4.368,3,0,1
ember_1adcb13a6742.exe,879616,14.09,3.955,15,0,1
ember_5fd8fa75c418.exe,139264,20.26,5.557,54,0,1
ember_d1e8bf17d646.exe,139264,20.26,5.557,54,0,1
ember_4820b20a91ec.exe,1062400,15.42,4.723,405,2,1
ember_95bdc9b8e6ba.exe,967334,5.66,4.053,2,0,1
ember_151c5f1b73d6.exe,965964,5.67,4.053,2,0,1
ember_5f0c252247fd.exe,115712,22.77,7.982,3,0,1
ember_b47d7ad3e40c.exe,2139648,60.36,3.074,49,1,1
ember_f7d726c87f00.exe,139264,20.26,5.557,54,0,1
ember_477d3c2ded2b.exe,528384,6.19,6.456,107,1,1
ember_0f7920836b8a.exe,1105408,2.24,6.234,20,0,1
ember_53b508c54ea4.exe,974350,23.03,3.724,167,0,1
ember_8740d5d3faa3.exe,629248,28.15,3.808,1,0,1
ember_8f42ccd10e9f.exe,155648,17.81,3.933,50,0,1
ember_5861be42b202.exe,432640,24.75,5.57,76,1,1
ember_94a6ede2c5ef.exe,139264,20.26,5.557,54,0,1
ember_523e3cde7e7f.exe,193696,18.19,5.128,73,1,1
ember_4669a52aa79d.exe,152080,1.72,5.818,5,0,1
ember_cdb087d1bfc5.exe,964274,5.68,4.053,2,0,1
ember_3ff8986c6c7a.exe,286431,14.54,3.601,230,2,1
ember_08846113b948.exe,965774,5.67,4.053,2,0,1
ember_2a4ae613f63a.exe,559752,12.15,5.847,185,2,1
ember_e4e7df53fd19.exe,965014,5.67,4.053,2,0,1
ember_b7d068be7321.exe,158832,24.55,4.324,84,0,1
ember_edf7ccc995ef.exe,565211,26.48,4.016,19,0,1
ember_2007b17fa4c2.exe,51574,5.45,6.557,6,0,1
ember_a722111abaee.exe,967604,5.66,4.053,2,0,1
ember_bae00e714219.exe,5267459,69.07,2.842,13,0,1
ember_6b34c53fe709.exe,180224,1.41,5.218,15,1,1
ember_e0668d72aa68.exe,76054,34.04,5.11,165,0,1
ember_b890230a7c20.exe,869837,18.04,5.007,480,3,1
ember_592e710e58ce.exe,966804,5.66,4.053,2,0,1
ember_06c8a86ee5ce.exe,949248,5.46,6.012,72,1,1
ember_8857dbd1aa4d.exe,967524,5.66,4.053,2,0,1
ember_c347ea5c9043.exe,4783104,70.96,4.969,108,2,1
ember_1e728d045905.exe,3584,74.33,3.266,8,0,1
ember_cc68a0eb15b2.exe,136192,23.13,4.737,6,0,1
ember_f5bb0c07912a.exe,99328,1.91,7.986,3,0,1
ember_f44486326b18.exe,594276,17.53,4.843,424,1,1
ember_833c0b35b0ac.exe,531766,20.87,4.055,55,0,1
ember_fc325c230b7b.exe,1203200,0.96,4.247,1,0,1
ember_6ae8db616872.exe,707584,32.1,5.116,236,2,1
ember_5550b9d704a7.exe,198238,39.51,4.055,55,0,1
ember_7d4ad6b922fc.exe,126908,10.92,5.704,54,0,1
ember_16fea07d33e8.exe,76800,17.96,5.211,0,0,1
ember_166479b2c3e5.exe,967914,5.65,4.053,2,0,1
ember_9bc199afa58a.exe,109781,11.8,4.488,171,0,1
ember_4b3955906286.exe,160120,40.45,4.055,55,0,1
ember_6148b3239f59.exe,139264,20.26,5.557,54,0,1
ember_13edf660b2fe.exe,1503744,37.41,5.601,82,1,1
ember_f5181a16998b.exe,380928,17.28,4.736,15,1,1
ember_ff508fd55d7b.exe,180224,34.41,5.518,42,0,1
ember_3dc54de3024d.exe,197632,33.21,4.867,3,0,1
ember_d61fdfbd1b61.exe,1339392,43.08,5.729,0,0,1
ember_e6f67bb02da7.exe,200192,7.89,5.832,1,0,1
ember_8705619b43c9.exe,1353451,2.25,7.544,8,0,1
ember_df40a7ad4466.exe,1250816,6.77,6.766,114,1,1
ember_019c9f612370.exe,343445,6.04,5.037,61,0,1
ember_2a18d10d9e8b.exe,848310,10.73,5.628,78,1,1
ember_55e632c29bee.exe,139264,20.26,5.557,54,0,1
ember_184630657a5d.exe,966454,5.66,4.053,2,0,1
ember_bdb4134bf471.exe,964344,5.68,4.053,2,0,1
ember_76904ea16a97.exe,965874,5.67,4.053,2,0,1
ember_9bce89ea1e7f.exe,964414,5.68,4.053,2,0,1
ember_a6d46557e84d.exe,963353,9.84,4.055,55,0,1
ember_4e9cd96ff1be.exe,736256,12.24,5.119,78,1,1
ember_97de3525bc6d.exe,747520,10.99,5.77,13,0,1
ember_00af4689036f.exe,258048,71.99,4.919,2,0,1
ember_16894c203ea0.exe,308736,8.41,4.574,42,0,1
ember_018980871607.exe,1328128,3.15,5.323,1,0,1
ember_fb9a5b787990.exe,395776,20.87,4.369,1,0,1
ember_61589f96f861.exe,966484,5.66,4.053,2,0,1
ember_9645ff9f3210.exe,964924,5.67,4.053,2,0,1
ember_52709b5053ec.exe,3584,74.33,3.274,8,0,1
ember_17478346febd.exe,239104,7.84,5.207,59,2,1
ember_14b998742924.exe,878544,27.3,3.23,60,0,1
ember_262aa3da7f00.exe,964184,5.68,4.053,2,0,1
ember_79a2fde4bb30.exe,167985,9.03,6.336,47,0,1
ember_c3f960ba3d4d.exe,155648,18.89,6.131,104,0,1
ember_26b2c6bd6ab7.exe,967264,5.66,4.053,2,0,1
ember_47713e1a363b.exe,2087936,2.61,5.323,1,0,1
ember_93d2ea5b24f6.exe,965004,5.67,4.053,2,0,1
ember_1678cf5e8582.exe,525187,72.38,4.482,105,3,1
ember_22d747b7737f.exe,963964,5.68,4.053,2,0,1
ember_d338bd5aed2a.exe,1208320,17.23,4.624,19,0,1
ember_4286dfac7bb8.exe,888868,14.82,4.47,467,4,1
ember_10fcba4e0157.exe,161367,2.25,5.507,22,0,1
ember_3d43f780d3c9.exe,410624,21.1,5.858,1,0,1
ember_f476bcd1652d.exe,37912,29.36,4.709,3,0,1
ember_589e3957f515.exe,507904,7.85,6.995,202,2,1
ember_b56b1caf01d8.exe,964784,5.67,4.053,2,0,1
ember_2ea6fd8ad4e3.exe,963364,5.68,4.053,2,0,1
ember_29f213cdf9e4.exe,968114,5.65,4.053,2,0,1
ember_8b0c7d285459.exe,139264,19.01,6.015,21,0,1
ember_557624e85fe9.exe,356864,21.54,4.979,92,2,1
ember_1fa6be0d3360.exe,318848,12.51,4.684,12,0,1
ember_3c46c868b9b3.exe,964624,5.67,4.053,2,0,1
ember_a8652247adbd.exe,2738658,1.85,2.99,90,0,1
ember_3668c4d8c29e.exe,487424,21.37,5.33,122,2,1
ember_086693392cbb.exe,155648,18.89,6.131,104,0,1
ember_b466c01e21af.exe,559888,12.14,5.847,185,2,1
ember_5d23103edaa8.exe,94208,26.93,5.021,63,1,1
ember_3b11ddb41e08.exe,966524,5.66,4.053,2,0,1
ember_71532845aeae.exe,143360,30.4,4.608,27,0,1
ember_d2bfd27b26ac.exe,965274,5.67,4.053,2,0,1
ember_d171b47e7729.exe,53343,60.81,1.759,52,0,1
ember_5b43b49e32a9.exe,623870,2.53,4.461,67,1,1
ember_40c8adc02b57.exe,966574,5.66,4.053,2,0,1
ember_dae0892b8a42.exe,964084,5.68,4.053,2,0,1
ember_36a73037cc3e.exe,204272,17.46,7.7,2,0,1
ember_967c18ed728d.exe,99328,11.02,7.987,3,0,1
ember_9ac2ace60d40.exe,965004,5.67,4.053,2,0,1
ember_ccf31015a69c.exe,363520,23.96,5.469,116,1,1
ember_0849a23c680f.exe,343604,6.08,5.037,61,0,1
ember_fe8026b9e41d.exe,3083392,24.96,4.577,23,0,1
ember_122d5f3d017a.exe,126851,10.92,5.704,54,0,1
ember_2597d1e92a39.exe,208896,64.26,2.983,107,1,1
ember_4973c5d23b19.exe,131200,20.92,6.117,25,0,1
ember_3118b1178f0d.exe,543232,2.01,5.301,15,1,1
ember_9a43cc7aa991.exe,1393664,0.52,5.679,4,1,1
ember_2d934335e8b7.exe,139264,20.26,5.557,54,0,1
ember_220a4cf31dc9.exe,965524,5.67,4.053,2,0,1
ember_aad002daa9a3.exe,1819372,24.89,4.307,1,0,1
ember_1044c5552f01.exe,1153502,9.07,4.055,55,0,1
ember_20b8a76cec89.exe,343410,6.04,5.037,61,0,1
ember_729f3967c562.exe,965334,5.67,4.053,2,0,1
ember_6cab82d3cda4.exe,373232,49.78,3.382,386,1,1
ember_e834a0f6bb60.exe,5267459,32.61,3.43,13,0,1
ember_c8a8475580d2.exe,25316,31.27,2.3,0,0,1
ember_497afe6d5ab7.exe,88576,2.59,4.878,1,0,1
ember_a85aad490e05.exe,2188800,54.72,4.05,86,2,1
ember_c0d610b4f341.exe,173248,11.8,5.948,88,2,1
ember_064a84fd6d15.exe,970524,5.64,4.053,2,0,1
ember_315f49ba7305.exe,358400,13.97,5.039,103,1,1
ember_5fafd576bcf5.exe,363520,23.96,5.469,116,1,1
ember_78e91ef8cbb3.exe,199680,23.94,5.345,104,1,1
ember_42ebc1601b9a.exe,438272,14.36,4.663,101,2,1
ember_f292b3dab5a7.exe,965014,5.67,4.053,2,0,1
ember_ceb44a8f0934.exe,323072,21.62,5.096,80,2,1
ember_ec84d9340f83.exe,965124,5.67,4.053,2,0,1
ember_f290fa767f1e.exe,559848,12.14,5.847,185,2,1
ember_2849be6ffbec.exe,3584,74.33,3.274,8,0,1
ember_2ba18e9a852f.exe,1676800,3.26,6.064,72,1,1
ember_db4e488ca1c1.exe,964224,5.68,4.053,2,0,1
ember_f4a6fbed7e53.exe,967384,5.66,4.053,2,0,1
ember_77ac007be4cb.exe,898336,20.4,4.72,242,1,1
ember_e4e9a0ae86dd.exe,965934,5.67,4.053,2,0,1
ember_59ddcb5637dc.exe,139264,20.26,5.557,54,0,1
ember_27bff9e6fcdd.exe,1367040,0.57,7.201,8,0,1
ember_f1e84a4afd80.exe,2354176,63.2,3.606,74,1,1
ember_2fc728cf3d22.exe,3584,74.33,3.275,8,0,1
ember_840906216552.exe,32094,78.34,4.218,25,0,1
ember_78a6b59eab93.exe,964854,5.67,4.053,2,0,1
ember_f8e11ac0340c.exe,966584,5.66,4.053,2,0,1
ember_aa59ad67c022.exe,278528,10.39,5.179,4,0,1
ember_f2b1dcd81b89.exe,2681344,48.86,5.234,72,1,1
ember_0d4dd2019b36.exe,126994,10.91,5.704,54,0,1
ember_14327d79767b.exe,965564,5.67,4.053,2,0,1
ember_374be664d3b9.exe,60728,38.39,4.692,72,0,1
ember_ae31901dc674.exe,964004,5.68,4.053,2,0,1
ember_342c75e8712b.exe,155648,18.89,6.131,104,0,1
ember_ad2a05f2c1dc.exe,966884,5.66,4.053,2,0,1
ember_ef02d8892d9b.exe,969364,5.65,4.053,2,0,1
ember_5440b1c22e43.exe,970274,5.64,4.053,2,0,1
ember_5ed3b11a44a4.exe,965524,5.67,4.053,2,0,1
ember_9153b8262f94.exe,1499516,10.6,5.333,89,1,1
ember_9476042b4882.exe,343409,6.08,5.037,61,0,1
ember_4a26b058edef.exe,965584,5.67,4.053,2,0,1
ember_a8d6f725fd64.exe,126828,10.93,5.704,54,0,1
ember_b1d0f13032bf.exe,738304,26.05,4.188,219,2,1
ember_91f771f37d1b.exe,868864,10.52,5.697,14,0,1
ember_4f45ac34f37f.exe,888868,14.82,4.47,467,4,1
ember_fc08d5c17fd4.exe,343492,6.08,5.037,61,0,1
ember_e07d43395a2b.exe,442368,15.28,5.733,333,1,1
ember_841b18e53b7a.exe,971624,5.63,4.053,2,0,1
ember_f709da295fc1.exe,246053,3.77,5.634,91,1,1
ember_863a86ea1782.exe,9860,53.49,4.296,25,0,1
ember_6edf77399c1b.exe,126975,10.91,5.704,54,0,1
ember_3f1eb00c91cd.exe,298440,60.82,3.658,105,3,1
ember_a3a2f946041a.exe,278528,39.74,3.764,98,2,1
ember_21f4367c0277.exe,1223184,20.35,4.291,1,0,1
ember_4a62e18355a4.exe,852480,3.54,6.498,14,0,1
ember_25dc8c53cf85.exe,131200,20.92,6.117,25,0,1
ember_a1b6df844512.exe,471040,23.33,4.858,84,2,1
ember_d4fd604f31d7.exe,964364,5.68,4.053,2,0,1
ember_059563027531.exe,2061938,26.96,7.896,0,0,1
ember_e7d92ba438e6.exe,2281472,11.75,6.274,78,0,1
ember_a52ae84b89e6.exe,964984,5.67,4.053,2,0,1
ember_26e3a3090c55.exe,5267459,60.59,2.991,13,0,1
ember_eee9b45fa1f5.exe,1250816,6.77,6.766,114,1,1
ember_8cd0752f8102.exe,964736,37.39,3.794,54,0,1
ember_5178f812fddf.exe,435200,22.81,5.418,240,2,1
ember_926e73ff8a63.exe,2738689,1.85,2.99,90,0,1
ember_1a04078767b4.exe,197632,71.93,4.684,4,0,1
ember_64fbc966eb10.exe,407552,39.32,4.221,1,0,1
ember_89ae5183c57b.exe,966104,5.67,4.053,2,0,1
ember_89864703f715.exe,88576,2.59,4.878,1,0,1
ember_1db638b66a4f.exe,642048,4.0,5.889,90,2,1
ember_e52bf802420f.exe,258048,42.95,3.398,292,1,1
ember_787c5ac8a4ee.exe,225280,45.71,5.998,6,0,1
ember_33b1d5a4936d.exe,3584,74.33,3.274,8,0,1
ember_e09f13cc73c2.exe,966444,5.66,4.053,2,0,1
ember_bf7ca367cdb9.exe,367104,12.65,4.291,12,0,1
ember_36965a0bc035.exe,132096,26.32,4.868,63,1,1
ember_2e3203f26252.exe,966384,5.66,4.053,2,0,1
ember_93b497d631d9.exe,967234,5.66,4.053,2,0,1
ember_386d434a3682.exe,162816,29.79,4.993,7,0,1
ember_38286ba9df46.exe,1561288,2.19,4.984,2,0,1
ember_31ccc06f66ef.exe,208368,17.14,7.713,2,0,1
ember_1502f08f33e2.exe,964044,5.68,4.053,2,0,1
ember_ab532c90af04.exe,1092096,8.2,6.276,20,0,1
ember_1c7133b6eb03.exe,965534,5.67,4.053,2,0,1
ember_9092742e1661.exe,914432,5.84,4.933,69,1,1
ember_1a9b271ceadc.exe,2105344,62.87,5.59,73,1,1
ember_909c41012ed3.exe,139264,20.26,5.557,54,0,1
ember_eaa09ff008aa.exe,965104,5.67,4.053,2,0,1
ember_459e12e4b43d.exe,246061,3.77,5.634,91,1,1
ember_83db30f91700.exe,3584,74.33,3.275,8,0,1
ember_b2fcf5dbcfd0.exe,967374,5.66,4.053,2,0,1
ember_833a001dcba3.exe,962294,5.69,4.053,2,0,1
ember_964d7e2ab2e1.exe,965714,5.67,4.053,2,0,1
ember_a8812c816912.exe,69832,24.64,4.09,192,4,1
ember_ed060df9ac2d.exe,967174,5.66,4.053,2,0,1
ember_b8bb42c60672.exe,485906,30.77,4.332,105,1,1
ember_23ffab838e1e.exe,2738649,1.85,2.99,90,0,1
ember_20af8da6cca7.exe,965084,5.67,4.053,2,0,1
ember_a05215b7771b.exe,962334,5.69,4.053,2,0,1
ember_1ba22c079c6e.exe,88576,2.59,4.878,1,0,1
ember_657ea40ad0cd.exe,139264,20.26,5.557,54,0,1
ember_975af932469d.exe,1054208,10.96,5.707,82,1,1
ember_bcb437997c57.exe,964814,5.67,4.053,2,0,1
ember_3aa211f519cc.exe,126841,10.92,5.704,54,0,1
ember_b5817120dc37.exe,88576,2.59,4.878,1,0,1
ember_c91426bfb0ce.exe,139264,20.26,5.557,54,0,1
ember_c23e49c85aa1.exe,962624,5.69,4.053,2,0,1
ember_8d6defc7d2f9.exe,139264,20.26,5.557,54,0,1
ember_ac51921337dc.exe,753700,3.14,6.23,8,0,1
ember_962151b1a038.exe,143767,59.89,4.371,104,0,1
ember_79b734c6e112.exe,100544,32.06,3.608,1,0,1
ember_4d6171913404.exe,964464,5.67,4.053,2,0,1
ember_e6df7f186b5d.exe,1414813,29.12,4.287,1,0,1
ember_60118fe74245.exe,88576,2.59,4.878,1,0,1
ember_ce080770ff3c.exe,156160,14.31,4.618,34,0,1
ember_0f6bf5cd0223.exe,1250816,6.77,6.766,114,1,1
ember_9398aee84431.exe,99328,17.65,7.987,3,0,1
ember_6349cfddbde6.exe,1736213,16.29,5.63,23,0,1
ember_c4c5e1903bfd.exe,965604,5.67,4.053,2,0,1
ember_1fd07470010f.exe,965434,5.67,4.053,2,0,1
ember_90a9004030cd.exe,1339392,43.83,5.657,0,0,1
ember_08e164ebd666.exe,126901,10.92,5.704,54,0,1
ember_d21c09b4c51d.exe,173568,3.68,7.828,3,0,1
ember_c0fc33cd1a59.exe,693536,26.77,5.465,355,2,1
ember_c448d1e37f85.exe,969844,5.64,4.053,2,0,1
ember_8782f2eceb7d.exe,1473875,21.45,4.613,105,1,1
ember_aea056f40dcc.exe,1250816,6.76,6.766,114,1,1
ember_4c8e9d68fdc1.exe,102400,14.75,5.328,27,0,1
ember_d91c2152edac.exe,231936,11.58,5.448,1,0,1
ember_24129927e470.exe,540672,20.52,4.729,225,1,1
ember_d9c76a86f3a1.exe,1454080,0.54,5.559,3,1,1
ember_9618e978b509.exe,966394,5.66,4.053,2,0,1
ember_ccbcc633d58c.exe,490168,22.14,5.432,310,1,1
ember_6f18d123065b.exe,1024004,16.71,6.147,78,0,1
ember_962a8974494f.exe,1204590,1.59,7.292,11,1,1
ember_05e0cf5de910.exe,620584,24.13,3.674,60,0,1
ember_24d515da4800.exe,4798736,0.7,5.711,158,0,1
ember_35b92ffef67d.exe,208384,10.09,5.516,1,0,1
ember_aea282a4eb25.exe,5267459,58.25,3.033,13,0,1
ember_c303da71404a.exe,1250816,6.77,6.766,114,1,1
ember_0d66293426c1.exe,343532,6.04,5.037,61,0,1
ember_990fb03b956e.exe,382216,35.78,4.8,521,2,1
ember_15d581cd76a9.exe,966364,5.66,4.053,2,0,1
ember_bbbb3d994387.exe,965404,5.67,4.053,2,0,1
ember_3babe5e22e28.exe,1919000,1.54,7.513,16,0,1
ember_776ab99012ff.exe,397312,9.67,5.645,109,1,1
ember_378140450845.exe,110592,19.42,5.251,43,0,1
ember_000ee74949d9.exe,189460,3.19,6.924,8,0,1
ember_7875adb6a8e7.exe,318848,12.51,4.684,12,0,1
ember_cd7a4dbba079.exe,123392,18.58,4.251,11,0,1
ember_b19654d822b6.exe,80050,45.96,4.368,3,0,1
ember_ad81546f4c70.exe,800768,3.87,5.331,83,2,1
ember_de52d962d6d6.exe,486896,5.9,6.112,85,2,1
ember_a3398f91815a.exe,99328,12.26,3.622,1,0,1
ember_ae99ef4550c6.exe,126955,10.91,5.704,54,0,1
ember_a1edf980a12b.exe,965434,5.67,4.053,2,0,1
ember_c376d8f054e0.exe,966904,5.66,4.053,2,0,1
ember_13ce2d069579.exe,3514368,2.08,6.644,114,1,1
ember_3e418c715e90.exe,123392,18.57,4.251,11,0,1
ember_a973810a5b30.exe,1343746,20.91,3.996,44,1,1
ember_090d9d65578b.exe,967354,5.66,4.053,2,0,1
ember_5567e04f7244.exe,967724,5.66,4.053,2,0,1
ember_5106f7f617b3.exe,126576,68.99,3.838,102,0,1
ember_0b332617e5bd.exe,964684,5.67,4.053,2,0,1
ember_1d6daf8beec7.exe,964874,5.67,4.053,2,0,1
ember_71265ce0d046.exe,500224,20.26,4.64,127,2,1
ember_0859c1a8044e.exe,966284,5.66,4.053,2,0,1
ember_1947761f6227.exe,2061938,35.85,7.893,0,0,1
ember_1a999ed7d101.exe,964414,5.68,4.053,2,0,1
ember_c10757325877.exe,315904,23.03,4.789,316,2,1
ember_fdaf1dc70579.exe,965014,5.67,4.053,2,0,1
ember_0273c6797754.exe,148440,35.05,4.055,55,0,1
ember_770687cc87dc.exe,964694,5.67,4.053,2,0,1
ember_ad51ca3c78ac.exe,983040,0.81,3.639,24,1,1
ember_efaf9b2bfcec.exe,2651136,64.65,5.112,81,1,1
ember_82d794b23b7a.exe,180224,1.51,5.228,15,1,1
ember_afdae9c79af2.exe,212009,12.79,2.1,83,0,1
ember_d2da188cde60.exe,503808,10.29,6.601,102,1,1
ember_c42aad64d2f6.exe,965864,5.67,4.053,2,0,1
ember_84f5b0009c03.exe,426128,29.43,2.384,50,0,1
ember_43f97f92d099.exe,406528,1.71,7.808,9,0,1
ember_886e35fa9a2b.exe,1054208,10.96,5.707,82,1,1
ember_4f9032c29518.exe,91342,21.41,5.1,14,0,1
ember_185094ab98a1.exe,143360,22.48,5.256,52,0,1
ember_573fd056c13d.exe,352235,8.27,5.278,8,0,1
ember_bead7c43c93b.exe,965454,5.67,4.053,2,0,1
ember_f02e692f0118.exe,3850752,61.98,4.364,81,2,1
ember_821338119569.exe,246245,3.76,5.634,91,1,1
ember_0c4297be9f59.exe,969804,5.64,4.053,2,0,1
ember_0c1637e3df82.exe,343483,6.04,5.037,61,0,1
ember_49a5f3b7b8f6.exe,961914,5.69,4.053,2,0,1
ember_bc0cea8a3999.exe,305662,32.55,4.308,1,0,1
ember_ae5385c1d584.exe,966744,5.66,4.053,2,0,1
ember_91cba3e0da12.exe,413696,16.84,5.356,77,1,1
ember_93c61828ee0e.exe,89770,6.9,7.865,3,0,1
ember_6fa920a55c46.exe,967334,5.66,4.053,2,0,1
ember_8ae83c9b087e.exe,964664,5.67,4.053,2,0,1
ember_d1290743ef5e.exe,1339392,43.83,5.657,0,0,1
ember_67b454be3661.exe,1827096,1.38,6.259,125,0,1
ember_d38229a6ca32.exe,1751608,28.13,4.288,1,0,1
ember_2b241e8c294d.exe,1250816,6.76,6.766,114,1,1
ember_f4f3b70ce5a3.exe,106496,29.97,5.214,142,1,1
ember_09245b54bffb.exe,343523,6.08,5.037,61,0,1
ember_3ded9b1efa6a.exe,1738648,22.5,4.962,421,2,1
ember_e83d00f8e967.exe,111656,7.41,4.914,9,0,1
ember_327c0a563a3e.exe,416683,10.91,5.531,130,2,1
ember_443b1d4e3c85.exe,966194,5.66,4.053,2,0,1
ember_93d0771eae62.exe,964824,5.67,4.053,2,0,1
ember_b251059f96c9.exe,787968,31.99,4.069,1,0,1
ember_88df7703f18e.exe,494080,35.52,5.326,249,2,1
ember_ade5b92c8c3d.exe,139264,20.26,5.557,54,0,1
ember_5144aed6212a.exe,1339392,43.83,5.657,0,0,1
ember_04339e5da8d7.exe,1353337,2.21,7.544,8,0,1
ember_f0c35a037fed.exe,966184,5.66,4.053,2,0,1
ember_d9e00aa32541.exe,361472,51.0,4.903,68,1,1
ember_096c82d1220c.exe,159176,16.82,5.249,61,1,1
ember_e601bbfb5c6f.exe,878592,20.62,5.74,153,1,1
ember_e501510f90e8.exe,187904,8.69,6.892,10,0,1
ember_b5b174805460.exe,627200,12.28,5.287,14,0,1
ember_e7b1036c9c6e.exe,365568,11.86,4.954,113,1,1
ember_95a30b1f053c.exe,242113,31.45,4.055,55,0,1
ember_2979cdaea1dd.exe,2681344,48.86,5.234,72,1,1
ember_d042de172a1f.exe,208384,16.93,5.87,130,2,1
ember_83ada8954642.exe,126976,23.68,5.183,83,1,1
ember_db675b6908ca.exe,208896,30.46,4.792,14,0,1
ember_440d1fcaf553.exe,132612,13.6,6.418,36,0,1
ember_69a3dd8d06d3.exe,961414,5.69,4.053,2,0,1
ember_212ce569cb4a.exe,384512,17.92,4.693,15,1,1
ember_ba76d140f714.exe,966144,5.67,4.053,2,0,1
ember_b27b6026d0f6.exe,2651136,64.65,5.11,81,1,1
ember_6a123dc7b320.exe,307712,55.6,4.23,68,1,1
ember_de1cca6e0f38.exe,846848,4.0,5.332,87,2,1
ember_77212be63e1b.exe,408064,16.09,5.188,1,0,1
ember_029f2467e5f4.exe,464384,8.54,5.309,80,0,1
ember_c7e8ab7616e9.exe,139264,20.26,5.557,54,0,1
ember_c4734a52d196.exe,245917,3.77,5.634,91,1,1
ember_e6048517b33d.exe,122880,48.52,4.987,6,0,1
ember_fb11c213d528.exe,558200,33.42,4.573,55,0,1
ember_9de47225d3d9.exe,965234,5.67,4.053,2,0,1
ember_0c30e1693f36.exe,1897984,50.62,5.443,82,1,1
ember_1624c8726478.exe,369152,24.39,5.593,108,2,1
ember_9f46f1ba5b0c.exe,63812,19.99,4.487,171,0,1
ember_3eab6138ed0d.exe,246069,3.77,5.634,91,1,1
ember_0344728a7930.exe,106496,14.04,5.902,68,1,1
ember_40aed19fc7a7.exe,967374,5.66,4.053,2,0,1
ember_2872a009b24d.exe,965024,5.67,4.053,2,0,1
ember_4d0b3ef70e86.exe,964884,5.67,4.053,2,0,1
ember_f36d83c530a9.exe,1572864,20.72,5.249,580,3,1
ember_8cf92c0b4d06.exe,524288,15.25,4.002,40,1,1
ember_d285f52129c7.exe,298499,60.8,3.658,105,3,1
ember_069c7f13cc3c.exe,343529,6.04,5.037,61,0,1
ember_fc25c5ccb79c.exe,965884,5.67,4.053,2,0,1
ember_2b73032a829c.exe,3514368,13.01,6.53,114,1,1
ember_f4370e703aeb.exe,965454,5.67,4.053,2,0,1
ember_3dc1dc1ccdef.exe,965754,5.67,4.053,2,0,1
ember_41bd4c4ca765.exe,524288,7.39,5.584,83,1,1
ember_4267829d6a79.exe,246021,3.77,5.634,91,1,1
ember_65de4dfe3f8c.exe,966414,5.66,4.053,2,0,1
ember_01beeeefb6c6.exe,155648,18.89,6.131,104,0,1
ember_5fec4638faa8.exe,99328,4.44,7.989,3,0,1
ember_2a8cb3d311da.exe,964384,5.68,4.053,2,0,1
ember_fc398f620fe0.exe,983552,0.86,4.66,29,1,1
ember_9d51a683cd3f.exe,965914,5.67,4.053,2,0,1
ember_57a11b3ec30d.exe,238434,22.19,4.969,156,2,1
ember_0637c74757a5.exe,967574,5.66,4.053,2,0,1
ember_cd6526bbab3b.exe,532998,13.14,6.254,134,1,1
ember_2db5b0bdeda4.exe,965444,5.67,4.053,2,0,1
ember_2ddf2cd54206.exe,967954,5.65,4.053,2,0,1
ember_6bb975983a17.exe,961884,5.69,4.053,2,0,1
ember_a3ea62aa0dbe.exe,966254,5.66,4.053,2,0,1
ember_4a756d1792bf.exe,207872,10.14,5.516,1,0,1
ember_9bb9c6a5344f.exe,151552,21.58,5.452,41,0,1
ember_2b22fac24729.exe,965894,5.67,4.053,2,0,1
ember_50f3b5d7db31.exe,99328,11.7,7.987,3,0,1
ember_17d9abab0ffa.exe,543984,12.32,5.84,179,2,1
ember_7e384f264422.exe,1042968,11.02,5.461,207,2,1
ember_b5464b936c13.exe,2490152,1.23,4.789,8,0,1
ember_bf3d00910407.exe,219288,22.01,4.91,77,1,1
ember_9174dfd0eb9e.exe,966824,5.66,4.053,2,0,1
ember_05a9659a0fed.exe,162500,53.49,4.055,55,0,1
ember_4cd6cbf97c9c.exe,963894,5.68,4.053,2,0,1
ember_e560affc8a4a.exe,968634,5.65,4.053,2,0,1
ember_174df156b8d9.exe,964554,5.67,4.053,2,0,1
ember_60971900cf06.exe,122880,50.15,5.043,6,0,1
ember_fc377d0d8270.exe,919552,18.56,5.092,95,1,1
ember_de6243e59188.exe,543944,12.32,5.84,179,2,1
ember_71f48f98300d.exe,143360,23.66,5.223,36,0,1
ember_105f59f65857.exe,343627,6.08,5.037,61,0,1
ember_bcc7f5ceccea.exe,155648,18.89,6.131,104,0,1
ember_cdfaccb69613.exe,5267459,58.17,3.035,13,0,1
ember_33293c18739a.exe,898664,47.79,6.208,49,1,1
ember_a4ecfeda4b1c.exe,716004,43.98,4.055,55,0,1
ember_b0d2eec40068.exe,155648,18.89,6.131,104,0,1
ember_1200bdcfdfbb.exe,126874,10.92,5.704,54,0,1
ember_8689617e8128.exe,208896,30.46,4.792,14,0,1
ember_9f27cd9e44aa.exe,926484,16.02,4.942,9,0,1
ember_1632a2e861db.exe,115200,14.11,5.552,10,0,1
ember_1093412b94a1.exe,652632,3.14,4.312,1,0,1
ember_80c1b4012eab.exe,1340416,33.19,5.421,70,1,1
ember_702d6756575e.exe,503808,10.28,6.601,102,1,1
ember_ea07b5285a01.exe,494340,9.64,5.599,39,1,1
ember_abf3caf73124.exe,446464,8.2,3.455,48,0,1
ember_6746fb74033d.exe,63813,19.98,4.49,171,0,1
ember_0c4e54bc413e.exe,343516,6.04,5.037,61,0,1
ember_936dd620d503.exe,500224,20.26,4.64,127,2,1
ember_b16c1d144099.exe,673792,9.38,5.409,69,1,1
ember_712d94db199c.exe,962204,5.69,4.053,2,0,1
ember_d1f761847f77.exe,963894,5.68,4.053,2,0,1
ember_69599e15072e.exe,1342912,17.03,4.12,435,2,1
ember_289d7f5246fd.exe,181760,1.22,5.21,15,1,1
ember_3f4b254d3f8b.exe,88576,2.59,4.878,1,0,1
ember_a33ced6b886e.exe,255488,11.43,5.539,34,1,1
ember_a7b7e0109698.exe,965304,5.67,4.053,2,0,1
ember_d1e314ff449c.exe,88576,2.59,4.878,1,0,1
ember_1ce8c02a44d2.exe,2188800,54.72,4.05,86,2,1
ember_008469c151f8.exe,967324,5.66,4.053,2,0,1
ember_7260906e8d50.exe,559848,12.14,5.847,185,2,1
ember_fd114d0905a3.exe,152006,16.92,4.901,43,1,1
ember_b35b36e3ac5a.exe,1250816,6.77,6.766,114,1,1
ember_14497c655596.exe,155648,18.89,6.131,104,0,1
ember_a683157555ca.exe,964904,5.67,4.053,2,0,1
ember_52b25e650e88.exe,2826240,69.61,3.979,20,1,1
ember_22815a6af016.exe,1064960,25.87,4.227,1,0,1
ember_413c685092ac.exe,969774,5.64,4.053,2,0,1
ember_cc1089279f20.exe,363520,23.99,5.468,116,1,1
ember_1206c54087de.exe,442399,3.97,4.648,1,0,1
ember_c088d1d37440.exe,559840,12.14,5.847,185,2,1
ember_a15070a0cfd7.exe,964994,5.67,4.053,2,0,1
ember_7d67a6e4b2ff.exe,503808,10.29,6.601,102,1,1
ember_5c8b78753bee.exe,358912,26.79,5.154,135,1,1
ember_74f6dce13724.exe,966774,5.66,4.053,2,0,1
ember_1eb2f7e2c850.exe,1512771,19.81,4.292,1,0,1
ember_5ced3f42e6d1.exe,581632,1.08,6.13,7,0,1
ember_d9e137d52fd1.exe,278959,11.77,5.251,62,0,1
ember_f1636c154354.exe,966374,5.66,4.053,2,0,1
ember_7182cc29c889.exe,188948,1.97,7.559,11,1,1
ember_33be68e2cbc1.exe,66561,1.73,7.988,3,0,1
ember_6299d7bc62b3.exe,5267459,59.48,3.013,13,0,1
ember_2a119e6626bc.exe,991048,11.29,7.012,196,2,1
ember_0caad0bac830.exe,966254,5.66,4.053,2,0,1
ember_8abd9198a965.exe,356864,21.54,4.979,92,2,1
ember_b053e5531c9d.exe,3723264,24.55,6.073,78,0,1
ember_426425473f83.exe,147968,47.72,4.759,74,1,1
ember_721076373b35.exe,1829376,17.02,4.414,581,2,1
ember_4f070d6c37fb.exe,1184256,75.69,1.903,1,0,1
ember_713308b87984.exe,66561,1.72,7.988,3,0,1
ember_67d94109f3b7.exe,913920,3.19,5.542,151,1,1
ember_c086c55b1a81.exe,1054208,10.95,5.707,82,1,1
ember_745f912d08e3.exe,88623,2.59,4.878,1,0,1
ember_d2f59577ef6f.exe,151864,1.73,5.818,5,0,1
ember_6c67b9d03830.exe,803328,31.36,4.072,1,0,1
ember_a6e52e4b0b8c.exe,429568,12.62,5.092,33,0,1
ember_af1f0f1ab305.exe,3584,74.33,3.271,8,0,1
ember_a2502c822841.exe,966404,5.66,4.053,2,0,1
ember_1e25851180ac.exe,503808,10.28,6.601,102,1,1
ember_a6126eed822b.exe,559728,12.15,5.847,185,2,1
ember_54a444575902.exe,1534904,1.03,5.545,154,0,1
ember_944246f85ba0.exe,966364,5.66,4.053,2,0,1
ember_2bc1ea46c8ab.exe,155648,18.89,6.131,104,0,1
ember_d6bee0dfb8df.exe,559816,12.15,5.847,185,2,1
ember_44d7bf064c18.exe,3584,74.33,3.277,8,0,1
ember_0e149d7ea7e3.exe,5267459,63.84,2.935,13,0,1
ember_dd0efb948a8a.exe,965024,5.67,4.053,2,0,1
ember_e9179a904316.exe,63810,20.0,4.487,171,0,1
ember_7c994f2ede72.exe,962374,5.69,4.053,2,0,1
ember_7e3e9c96e28a.exe,473088,6.53,4.643,3,0,1
ember_a569fba6c93e.exe,340073,5.53,6.498,109,1,1
ember_d4bd3b01bd84.exe,991232,19.31,5.732,75,1,1
ember_95bfce983873.exe,139264,20.26,5.557,54,0,1
ember_86eac24083a0.exe,965834,5.67,4.053,2,0,1
ember_a3faed17a111.exe,962394,5.69,4.053,2,0,1
ember_efc55eb260ff.exe,99328,1.33,7.985,3,0,1
ember_be1a0c3e84ae.exe,72704,25.76,4.734,10,0,1
ember_0b12fa21a3bf.exe,307712,55.6,4.23,68,1,1
ember_ec75a97401bc.exe,1001984,10.53,5.755,87,2,1
ember_befc7e91fd46.exe,736256,12.24,5.117,78,1,1
ember_00b1a0f48383.exe,99328,13.35,7.985,3,0,1
ember_6a5abb6c9379.exe,961984,5.69,4.053,2,0,1
ember_cb9ac42d36f2.exe,131200,20.92,6.117,25,0,1
ember_611cd3e56799.exe,968004,5.65,4.053,2,0,1
ember_91900fdc394e.exe,274432,35.61,5.004,241,1,1
ember_dd30368b7f3c.exe,964234,5.68,4.053,2,0,1
ember_58e45e4fefa4.exe,343487,6.08,5.037,61,0,1
ember_f4d52e37daf6.exe,489984,16.05,5.155,107,1,1
ember_2c1c69046c9b.exe,965554,5.67,4.053,2,0,1
ember_2e4bf45fe9da.exe,967324,5.66,4.053,2,0,1
ember_22451425c28e.exe,139264,20.26,5.557,54,0,1
ember_a5767f4c3eeb.exe,966754,5.66,4.053,2,0,1
ember_3879f5e3303c.exe,244224,4.86,6.532,65,0,1
ember_8de79134a2b6.exe,65536,37.98,3.203,48,1,1
ember_7b1352e49d0f.exe,155648,18.89,6.131,104,0,1
ember_1e0307a3e453.exe,465800,19.05,4.734,2,0,1
ember_45acbe4f2f0f.exe,525168,72.38,4.482,105,3,1
ember_c8f3b7115fbe.exe,965104,5.67,4.053,2,0,1
ember_5c796c18dc32.exe,505955,5.55,6.606,1,0,1
ember_c00a5b58d0f7.exe,110728,20.64,6.319,7,0,1
ember_6f51c0d029e4.exe,39064,17.44,7.092,4,0,1
ember_eb9da6199298.exe,368640,17.89,5.313,373,0,1
ember_5bcd6a917c46.exe,114688,79.51,3.945,37,0,1
ember_626112376f0a.exe,966184,5.66,4.053,2,0,1
ember_dadfa8cf5bde.exe,229376,6.39,4.603,37,0,1
ember_686ac8586956.exe,91136,36.07,4.441,16,0,1
ember_63d8b39bb36e.exe,1331600,13.4,5.101,74,0,1
ember_2cb87b007e5b.exe,303891,6.02,4.883,2,0,1
ember_e50aecaca512.exe,963884,5.68,4.053,2,0,1
ember_559b64dd6a68.exe,343511,6.08,5.037,61,0,1
ember_897410668a12.exe,88576,2.59,4.878,1,0,1
ember_db6e8883deb1.exe,103140,24.07,7.989,2,0,1
ember_7711b97fef48.exe,1339392,43.83,5.661,0,0,1
ember_6b2d34bdd949.exe,151561,61.82,4.055,55,0,1
ember_c73082a78f4c.exe,965424,5.67,4.053,2,0,1
ember_418872266c18.exe,970474,5.64,4.053,2,0,1
ember_6c4bf035f1a6.exe,139264,20.26,5.557,54,0,1
ember_834f6accaf09.exe,3584,74.33,3.272,8,0,1
ember_0a97f14c23b4.exe,1032643,17.17,3.292,17,1,1
ember_d34b2ce1c598.exe,3584,74.33,3.274,8,0,1
ember_03dc5413d191.exe,103140,1.48,7.987,2,0,1
ember_3eed08a1e086.exe,966624,5.66,4.053,2,0,1
ember_ec6b5ccb1704.exe,575800,5.7,5.767,83,1,1
ember_2b2381dc85b9.exe,967824,5.66,4.053,2,0,1
ember_9eefb5fbf844.exe,2738697,1.85,2.99,90,0,1
ember_5fef40219b68.exe,963324,5.68,4.053,2,0,1
ember_fb7d56a4e935.exe,1339392,43.83,5.659,0,0,1
ember_4646c826d89b.exe,964404,5.68,4.053,2,0,1
ember_507bda6d2d67.exe,965554,5.67,4.053,2,0,1
ember_69ed779b56b4.exe,352094,8.28,5.278,8,0,1
ember_4a24b15a16a3.exe,2094592,55.87,4.024,80,2,1
ember_f081f3a16ea1.exe,432640,7.13,3.787,11,0,1
ember_7aaa2f3c82ac.exe,1353449,2.28,7.512,8,0,1
ember_ea992f07a0b8.exe,3560960,66.16,4.593,73,2,1
ember_58b6dcfbac05.exe,208896,30.46,4.792,14,0,1
ember_af4dfb3a8ee9.exe,265216,28.22,4.537,187,1,1
ember_9a9da310a6f6.exe,3201416,0.93,4.284,155,0,1
ember_b74650bcfae7.exe,139264,20.26,5.557,54,0,1
ember_645cbbeebdf7.exe,158024,21.5,5.575,23,0,1
ember_c7abe7b86760.exe,965344,5.67,4.053,2,0,1
ember_bf94655d66b6.exe,1562624,49.01,5.112,73,1,1
ember_9944a21031ec.exe,273408,19.16,6.017,260,1,1
ember_e3b13ea1b8e1.exe,1054208,10.96,5.707,82,1,1
ember_592243897c61.exe,503808,10.29,6.601,102,1,1
ember_0989be39f721.exe,971034,5.64,4.053,2,0,1
ember_84d2eda0a24f.exe,139264,20.26,5.557,54,0,1
ember_6549c58a2251.exe,421888,15.13,4.797,20,0,1
ember_e8de112d84f7.exe,351794,31.17,4.055,55,0,1
ember_ca148c110d5a.exe,964984,5.67,4.053,2,0,1
ember_db12f900ff21.exe,155648,18.89,6.131,104,0,1
ember_f6dc376b237e.exe,111960,7.23,4.942,129,2,1
ember_408ca2d6861e.exe,965254,5.67,4.053,2,0,1
ember_b7b2d06522d5.exe,786432,6.33,5.697,80,1,1
ember_677b5e242dac.exe,99328,1.55,7.985,3,0,1
ember_77544b66cdd9.exe,401408,56.59,3.935,1,0,1
ember_d72474795b5f.exe,123392,18.56,4.251,11,0,1
ember_398c772e47fd.exe,139264,20.26,5.557,54,0,1
ember_a353bf54ac77.exe,66561,1.74,7.988,3,0,1
ember_4ea91497751c.exe,968914,5.65,4.053,2,0,1
ember_c6460b6a596e.exe,189460,3.19,6.924,8,0,1
ember_dd3f03f2c992.exe,967164,5.66,4.053,2,0,1
ember_57480e94a908.exe,343581,6.03,5.037,61,0,1
ember_ee36e1713cdd.exe,3584,74.33,3.275,8,0,1
ember_bafcd4387f7c.exe,425984,30.48,4.688,92,2,1
ember_cdf512ac589f.exe,965674,5.67,4.053,2,0,1
ember_d55d33602b5f.exe,343494,6.04,5.037,61,0,1
ember_bba51fa347d9.exe,500740,6.68,5.495,1,0,1
ember_a1a78d319222.exe,983040,0.83,3.647,24,1,1
ember_7760b10c0af2.exe,155648,18.89,6.131,104,0,1
ember_eed72f265801.exe,139264,20.26,5.557,54,0,1
ember_bdd0ce1ff1f8.exe,139264,20.26,5.557,54,0,1
ember_8e38f05bef23.exe,771584,9.24,0.877,7,0,1
ember_0757e07ff429.exe,967304,5.66,4.053,2,0,1
ember_001bd5bfdffb.exe,874643,22.62,4.613,105,1,1
ember_50931c9bde54.exe,227839,14.43,5.339,102,0,1
ember_b0c1a80c078b.exe,786656,12.43,5.14,458,4,1
ember_01f041064bc5.exe,965454,5.67,4.053,2,0,1
ember_172b5f0a7e45.exe,1250816,6.76,6.766,114,1,1
ember_6caf1acbc0fd.exe,63805,20.0,4.487,171,0,1
ember_eeb8d19c1b66.exe,123392,18.58,4.251,11,0,1
ember_0fc87c131a1c.exe,88576,2.59,4.878,1,0,1
ember_3e79aa61b2be.exe,736256,12.24,5.11,78,1,1
ember_fec275f7922c.exe,88576,2.59,4.878,1,0,1
ember_03c4ad00f0ec.exe,2738673,1.89,2.99,90,0,1
ember_eb2a128c5629.exe,1013128,13.38,5.486,40,1,1
ember_3c3629af4e83.exe,3351552,73.16,2.704,77,1,1
ember_b0cf108e9363.exe,422084,12.58,5.52,71,1,1
ember_37d1a8b420d6.exe,543952,12.32,5.84,179,2,1
ember_f053257fa4fc.exe,2188256,1.6,5.304,213,1,1
ember_94f321bfd93f.exe,1288870,22.3,4.291,1,0,1
ember_24e8388d3570.exe,444928,14.05,6.392,106,2,1
ember_0df532aca945.exe,965484,5.67,4.053,2,0,1
ember_1f3d9f3e1790.exe,151552,16.02,5.475,52,0,1
ember_5544bcc09abf.exe,503808,10.28,6.601,102,1,1
ember_f8b2a1178698.exe,233472,44.04,4.056,255,1,1
ember_c8bf20a4367c.exe,524288,7.42,5.581,83,1,1
ember_487e2971ef4a.exe,99328,11.38,7.988,3,0,1
ember_818b85a3b2bf.exe,963344,5.68,4.053,2,0,1
ember_10e8596fa48b.exe,353664,31.97,3.862,11,0,1
ember_f5621123a94c.exe,147296,11.16,5.512,85,2,1
ember_71097f8d630c.exe,140839,17.45,5.289,58,0,1
ember_635afb80a9ed.exe,512696,15.94,5.357,306,2,1
ember_e01995919894.exe,88576,2.59,4.878,1,0,1
ember_aceed448a2ce.exe,99328,27.53,7.985,3,0,1
ember_6cb72061270f.exe,967844,5.66,4.053,2,0,1
ember_7138adbaa8e3.exe,180224,10.38,5.578,82,1,1
ember_aa8ef2e47815.exe,139264,20.26,5.557,54,0,1
ember_37d5bb758dd2.exe,123392,18.59,4.251,11,0,1
ember_89b60590b5cf.exe,2209896,1.59,5.304,213,1,1
ember_48ea7d1cbb84.exe,536064,7.33,6.689,12,0,1
ember_fda76951d68d.exe,1764492,52.5,6.208,49,1,1
ember_6038c5577e8c.exe,155648,18.89,6.131,104,0,1
ember_bbe133f76412.exe,324096,22.58,5.082,266,2,1
ember_6af81df0e909.exe,967864,5.66,4.053,2,0,1
ember_2e3771b25070.exe,967614,5.66,4.053,2,0,1
ember_ad9e1c7874e1.exe,567496,22.16,3.584,59,0,1
ember_1a6ce02c4ff8.exe,966404,5.66,4.053,2,0,1
ember_9ce00fb4dc50.exe,970474,5.64,4.053,2,0,1
ember_f5c5b3d8c888.exe,525212,72.37,4.482,105,3,1
ember_18cc1aff8f55.exe,1971792,1.73,5.304,213,1,1
ember_303c933e3924.exe,966804,5.66,4.053,2,0,1
ember_e8dd89baa511.exe,965204,5.67,4.053,2,0,1
ember_604f17804d8c.exe,21194,40.93,4.697,23,0,1
ember_abfb9fe53ef6.exe,1894400,26.89,6.161,69,1,1
ember_d7350c55fc0b.exe,965424,5.67,4.053,2,0,1
ember_8654a9226b28.exe,139264,20.26,5.557,54,0,1
ember_969b4f73f4b8.exe,126879,10.92,5.704,54,0,1
ember_64d8ff7c751a.exe,500224,20.26,4.64,127,2,1
ember_aac8f3bc5089.exe,965144,5.67,4.053,2,0,1
ember_8d72dae17abc.exe,1144568,16.91,5.732,312,2,1
ember_19cbd9e784c7.exe,2017280,0.79,6.236,7,0,1
ember_858f67c06daa.exe,962844,5.68,4.053,2,0,1
ember_0daa530448e1.exe,435712,17.51,5.035,108,1,1
ember_d9fade0e3edf.exe,964784,5.67,4.053,2,0,1
ember_e93593998a9a.exe,363520,23.96,5.469,116,1,1
ember_fff463557fc0.exe,238658,22.21,4.969,156,2,1
ember_44807438ff43.exe,1595392,16.98,4.609,388,2,1
ember_70c2e6ee142b.exe,963244,5.68,4.053,2,0,1
ember_1e5c6757ff06.exe,375248,24.44,4.303,44,0,1
ember_23f9c365388f.exe,968064,5.65,4.053,2,0,1
ember_d05103eea09b.exe,207942,6.3,5.656,160,0,1
ember_48b220a7dc1f.exe,765440,12.9,5.341,15,0,1
ember_0f6d0c87580b.exe,964524,5.67,4.053,2,0,1
ember_4d6203695424.exe,962274,5.69,4.053,2,0,1
ember_063a6f1be47b.exe,138752,15.62,4.861,101,1,1
ember_8989b38b5ae8.exe,888868,14.82,4.47,467,4,1
ember_d894be3fd705.exe,965054,5.67,4.053,2,0,1
ember_b04a9b1132d7.exe,2293248,72.71,4.292,69,1,1
ember_eb18ae69f151.exe,823296,19.26,6.175,414,1,1
ember_e090a422afc5.exe,965114,5.67,4.053,2,0,1
ember_3b8d2a4f3ae1.exe,139264,20.26,5.557,54,0,1
ember_f053f4fdb368.exe,927232,2.74,6.116,86,2,1
ember_4de0f5ab2c28.exe,965744,5.67,4.053,2,0,1
ember_647d6108634b.exe,966194,5.66,4.053,2,0,1
ember_7fa872dd87c2.exe,543984,12.32,5.84,179,2,1
ember_6219c6f6c5e9.exe,736256,12.24,5.121,78,1,1
ember_25187059c867.exe,343551,6.03,5.037,61,0,1
ember_e4dce6b5b6bd.exe,965374,5.67,4.053,2,0,1
ember_4686aae1cdf4.exe,965404,5.67,4.053,2,0,1
ember_10311d2d8956.exe,197640,3.0,4.926,2,0,1
ember_545e4d684643.exe,49430,54.62,3.449,39,0,1
ember_a143dbf321b6.exe,965874,5.67,4.053,2,0,1
ember_e37f6ca3da3a.exe,669184,3.64,4.432,1,0,1
ember_24c768edf3f0.exe,353792,41.25,4.567,22,0,1
ember_ec8f1a46bf37.exe,963204,5.68,4.053,2,0,1
ember_95bd9549947c.exe,3482624,68.64,4.15,62,2,1
ember_daf48c15ca0f.exe,966404,5.66,4.053,2,0,1
ember_3e68d9fbaf6f.exe,139264,20.26,5.557,54,0,1
ember_8463924fa07c.exe,212556,11.95,3.162,386,1,1
ember_6c95b3688d63.exe,965814,5.67,4.053,2,0,1
ember_421c69ac38fe.exe,467857,5.07,5.908,42,0,1
ember_b3e5414ad31d.exe,963944,5.68,4.053,2,0,1
ember_3d4bf739dec6.exe,293547,5.62,5.284,168,0,1
ember_8b6845c9df45.exe,139264,20.26,5.557,54,0,1
ember_e5c92f1580e8.exe,966704,5.66,4.053,2,0,1
ember_0be84d15265b.exe,139264,20.26,5.557,54,0,1
ember_8fb2279b8216.exe,163840,5.28,5.886,96,2,1
ember_6213538c5962.exe,966984,5.66,4.053,2,0,1
ember_39d2d3284546.exe,1353461,2.25,7.544,8,0,1
ember_0bc4d893263f.exe,966924,5.66,4.053,2,0,1
ember_64b4cd4ef4ec.exe,3092992,12.4,6.624,75,1,1
ember_5ea0f489f3c1.exe,73728,83.47,3.817,31,0,1
ember_a7e87e0203a7.exe,358912,26.79,5.154,135,1,1
ember_511d242799c4.exe,313344,31.5,5.475,94,2,1
ember_164676f99e30.exe,343592,6.08,5.037,61,0,1
ember_cbc6c5e8f0e5.exe,139264,20.26,5.557,54,0,1
ember_146e430827e0.exe,503808,10.28,6.601,102,1,1
ember_89e3316d265f.exe,123392,18.57,4.251,11,0,1
ember_d6be16a0292f.exe,1006080,19.16,5.818,75,1,1
ember_cee8a9f22c26.exe,503808,10.28,6.601,102,1,1
ember_dcf44f26744c.exe,480768,2.77,7.463,3,0,1
ember_15add8bfd9a4.exe,961204,5.69,4.053,2,0,1
ember_5dd07cdb7c8a.exe,123392,18.59,4.251,11,0,1
ember_aeb7aebb6629.exe,591872,67.77,4.982,10,0,1
ember_020dd55f9ca6.exe,809094,6.04,5.309,138,1,1
ember_68b4dcb23d3b.exe,3584,74.33,3.272,8,0,1
ember_6ea1d0ef5f2c.exe,964274,5.68,4.053,2,0,1
ember_b019e11f66b5.exe,965764,5.67,4.053,2,0,1
ember_55ae3cec1f94.exe,5267459,58.1,3.036,13,0,1
ember_90baa91215a6.exe,967064,5.66,4.053,2,0,1
ember_b6b9ef49a216.exe,966304,5.66,4.053,2,0,1
ember_38f0968dd109.exe,343514,6.04,5.037,61,0,1
ember_fe6c443305a9.exe,966254,5.66,4.053,2,0,1
ember_bb01d9980dc3.exe,1855088,5.94,3.464,116,2,1
ember_c000c47a862d.exe,90112,9.46,4.478,74,0,1
ember_b780d1cba5e7.exe,261120,17.62,4.859,104,1,1
ember_a1f33954e512.exe,964434,5.68,4.053,2,0,1
ember_012b016f46ff.exe,736794,5.53,5.309,138,1,1
ember_51fb0a151aee.exe,1219589,20.53,5.801,16,0,1
ember_765586068097.exe,231822,4.56,6.677,10,0,1
ember_d2a34f9c4044.exe,1607168,3.69,6.858,75,1,1
ember_6939ebfe9794.exe,652408,3.14,4.312,1,0,1
ember_0e5adfefbcf9.exe,247722,12.29,5.52,92,2,1
ember_69bb40a09c83.exe,58880,28.31,4.71,63,1,1
ember_823d7fdff2ab.exe,245965,3.77,5.634,91,1,1
ember_9ec8121bd0c6.exe,179712,1.53,5.214,15,1,1
ember_7f95900484e5.exe,967584,5.66,4.053,2,0,1
ember_80eb077c4d51.exe,1717891,2.46,4.646,5,0,1
ember_6f865eb3add5.exe,966074,5.67,4.053,2,0,1
ember_8647e3db24e2.exe,965974,5.67,4.053,2,0,1
ember_df4f223e3392.exe,139264,20.26,5.557,54,0,1
ember_42a1a74d9310.exe,321024,21.79,5.52,101,2,1
ember_86c29b115499.exe,736256,12.24,5.118,78,1,1
ember_e9aab3899d02.exe,135168,19.88,5.027,44,0,1
ember_2db349e14955.exe,964784,5.67,4.053,2,0,1
ember_f48cc4405470.exe,1339392,43.85,5.638,0,0,1
ember_094e7c5d6eca.exe,559856,12.14,5.847,185,2,1
ember_5a70ba86eebb.exe,966454,5.66,4.053,2,0,1
ember_7a2f5fd3dd4f.exe,3020800,4.29,6.135,114,2,1
ember_071ce72f8da5.exe,965844,5.67,4.053,2,0,1
ember_bdd115e41525.exe,155648,18.89,6.131,104,0,1
ember_3dc2f608646e.exe,139264,20.26,5.557,54,0,1
ember_3e7f4fbd268e.exe,525270,72.37,4.482,105,3,1
ember_db2683125154.exe,971314,5.63,4.053,2,0,1
ember_7d31cf7ed271.exe,1813918,12.75,5.653,751,1,1
ember_7d6352c57b15.exe,3584,74.33,3.275,8,0,1
ember_3e2078c464bb.exe,929792,7.03,4.222,38,0,1
ember_ea58e6894528.exe,503808,10.28,6.601,102,1,1
ember_0716beba6e98.exe,31350,30.56,5.034,53,0,1
ember_7b139bbc805c.exe,353280,18.53,4.718,15,1,1
ember_643c95e1270c.exe,555104,21.92,4.135,65,0,1
ember_297c7032d4bd.exe,99328,2.0,7.986,3,0,1
ember_699530cf1985.exe,937070,20.3,4.055,55,0,1
ember_807341d70088.exe,158641,13.14,5.515,1,0,1
ember_d17cf4f7053b.exe,965174,5.67,4.053,2,0,1
ember_6f4855153ba2.exe,965464,5.67,4.053,2,0,1
ember_085f6115b692.exe,225792,1.24,5.152,15,1,1
ember_5a0a80cade56.exe,1471328,19.11,4.405,890,0,1
ember_4f800d6c26d4.exe,2738640,1.89,2.99,90,0,1
ember_ea696b30c87c.exe,231926,5.82,5.62,157,0,1
ember_f90d0254fc04.exe,736256,12.24,5.124,78,1,1
ember_f3769d6c2602.exe,155648,18.89,6.131,104,0,1
ember_847558bbc3e6.exe,381168,4.45,6.31,11,0,1
ember_29da08373a51.exe,965044,5.67,4.053,2,0,1
ember_23949a8d0016.exe,503808,10.28,6.601,102,1,1
ember_f09f41380835.exe,441854,25.94,4.055,55,0,1
ember_97e8195dd3fa.exe,197632,33.21,4.867,3,0,1
ember_1007d25045b7.exe,287748,9.18,4.503,71,1,1
ember_3804d3cc0f67.exe,2061938,15.19,7.896,0,0,1
ember_5e6244c9db80.exe,139264,20.26,5.557,54,0,1
ember_9150515b05d0.exe,966644,5.66,4.053,2,0,1
ember_b7141becb937.exe,139264,20.26,5.557,54,0,1
ember_ab79f476d084.exe,489130,14.5,4.055,55,0,1
ember_c5be412f6a52.exe,653728,3.14,4.312,1,0,1
ember_8e74927cbe3b.exe,343390,6.08,5.037,61,0,1
ember_0e2278650e35.exe,57635,11.25,7.468,8,0,1
ember_96e2a0a2ef76.exe,3584,74.33,3.275,8,0,1
ember_28c3d62df4d8.exe,550304,51.2,3.124,166,1,1
ember_6b14b01e5a97.exe,144384,6.86,7.356,90,1,1
ember_eafa86b619e0.exe,1339392,43.83,5.659,0,0,1
ember_c69e4687597f.exe,343414,6.08,5.037,61,0,1
ember_ade992415e8f.exe,147456,22.46,5.273,79,0,1
ember_24d3f0d15394.exe,246053,3.77,5.634,91,1,1
ember_0363504383ed.exe,795952,34.36,4.371,252,2,1
ember_dc15560ab9f0.exe,966204,5.66,4.053,2,0,1
ember_4f5472f17c8a.exe,967994,5.65,4.053,2,0,1
ember_43668d8e9d51.exe,967174,5.66,4.053,2,0,1
ember_71199ca734ea.exe,965434,5.67,4.053,2,0,1
ember_fe1f44841992.exe,689664,3.23,4.258,1,0,1
ember_26b21f88f7bc.exe,2431680,13.75,6.588,274,0,1
ember_505ece1dd4dd.exe,965084,5.67,4.053,2,0,1
ember_5510552247ba.exe,197632,33.22,4.867,3,0,1
ember_d0364579c84f.exe,967294,5.66,4.053,2,0,1
ember_6f2831f6e1ba.exe,369152,24.39,5.593,108,2,1
ember_88105a0c64a4.exe,146979,78.57,3.101,6,0,1
ember_cb7d83b2f77f.exe,967784,5.66,4.053,2,0,1
ember_87d132eff74f.exe,293805,11.41,5.648,86,1,1
ember_4b7db16709b0.exe,278528,23.65,3.964,53,0,1
ember_4b9e708f4ab0.exe,139264,20.26,5.557,54,0,1
ember_1b5c597dbf8a.exe,222504,18.72,5.594,196,0,1
ember_9086c82babe3.exe,131200,20.92,6.117,25,0,1
ember_7cc8cf12be0d.exe,716808,1.62,4.842,2,0,1
ember_e9c0385035d6.exe,350209,4.63,4.971,91,0,1
ember_b8fcdd136df4.exe,110592,22.74,3.945,0,0,1
ember_7e7fb1ab87e1.exe,888868,14.82,4.47,467,4,1
ember_4204525775c4.exe,128643,21.48,4.055,55,0,1
ember_14f81499c14f.exe,609792,12.81,5.699,14,0,1
ember_ff37ba31dada.exe,139264,20.26,5.557,54,0,1
ember_76f16256f9ed.exe,1371904,86.26,3.949,67,2,1
ember_c2f9bfadbdfc.exe,1053696,10.93,5.709,81,1,1
ember_86d5aab055cc.exe,2628744,20.66,5.625,608,2,1
ember_a77c1e136cda.exe,421888,15.13,4.948,20,0,1
ember_ff914702e758.exe,30734,30.07,5.034,53,0,1
ember_5584e46b39fa.exe,201143,7.43,4.789,28,0,1
ember_63bf068a1552.exe,970804,5.64,4.053,2,0,1
ember_d431050df0a4.exe,336229,10.52,5.175,93,2,1
ember_80bdb49138f8.exe,888868,14.82,4.47,467,4,1
ember_31a282e8a9a9.exe,345144,19.99,5.43,317,1,1
ember_2f4d76bb70ae.exe,964804,5.67,4.053,2,0,1
ember_b396548b80ba.exe,416768,18.06,5.314,136,2,1
ember_7c7f314f671f.exe,964894,5.67,4.053,2,0,1
ember_695fda5a62af.exe,88576,2.59,4.878,1,0,1
ember_82131c6bd1a6.exe,3584,74.33,3.27,8,0,1
ember_a26b7e04d238.exe,343595,6.08,5.037,61,0,1
ember_2f7413776282.exe,88576,2.59,4.878,1,0,1
ember_6d72656071a5.exe,559848,12.14,5.847,185,2,1
ember_bf067dbbab5f.exe,273408,18.25,6.057,134,0,1
ember_c18eaaa5715d.exe,99952,13.8,7.824,1,0,1
ember_d0ddf462fe39.exe,246053,3.77,5.634,91,1,1
ember_3b54b049c771.exe,139264,20.26,5.557,54,0,1
ember_d69a3f1620bf.exe,151552,21.8,5.462,39,0,1
ember_1fb354c0db91.exe,500224,20.26,4.64,127,2,1
ember_2bfebab0c04e.exe,982528,0.76,4.798,29,1,1
ember_f4161d2f3c49.exe,131200,20.92,6.117,25,0,1
ember_88f4478c11ae.exe,135168,16.75,3.938,74,1,1
ember_972194901fd4.exe,1060864,23.45,4.857,91,1,1
ember_29f4b55e78bc.exe,965464,5.67,4.053,2,0,1
ember_5c2cc862b44f.exe,963874,5.68,4.053,2,0,1
ember_4a50b9ec6b24.exe,388571,13.68,5.499,123,4,1
ember_2ee46566ba57.exe,987648,15.54,5.606,425,2,1
ember_707d82bf8baf.exe,139264,20.26,5.557,54,0,1
ember_e10982afd746.exe,2607224,2.38,4.683,122,2,1
ember_293d0475cdc2.exe,155648,18.89,6.131,104,0,1
ember_34cffb873ec7.exe,374784,8.35,3.766,11,0,1
ember_eb9cc0fdf7d3.exe,3655712,5.85,5.043,86,1,1
ember_5841a98312e6.exe,965164,5.67,4.053,2,0,1
ember_0bb7c5902005.exe,951960,49.76,2.505,60,0,1
ember_23aef29b404c.exe,961904,5.69,4.053,2,0,1
ember_59fdfdda6133.exe,1438720,0.6,5.643,3,1,1
ember_d4227dc417ef.exe,2466816,63.81,4.012,77,2,1
ember_6dbd5f0d3b34.exe,965964,5.67,4.053,2,0,1
ember_7620ef001ee7.exe,126996,10.73,5.524,54,0,1
ember_f49de99f5124.exe,964164,5.68,4.053,2,0,1
ember_e87ae67ba4aa.exe,967344,5.66,4.053,2,0,1
ember_bdd918febc03.exe,538172,24.23,5.225,293,2,1
ember_9ffcc308a6fe.exe,343528,6.08,5.037,61,0,1
ember_3c12eac81439.exe,152136,1.72,5.818,5,0,1
ember_6092032b258a.exe,965724,5.67,4.053,2,0,1
ember_806926677cf7.exe,139264,20.26,5.557,54,0,1
ember_12681e8b53f0.exe,267592,15.73,4.055,55,0,1
ember_f746400c069d.exe,2061938,12.92,5.235,218,2,1
ember_59a54caf471e.exe,1313280,3.36,5.323,1,0,1
ember_1d8bfbe11ea4.exe,963904,5.68,4.053,2,0,1
ember_a3c073c66d56.exe,561664,7.28,3.765,11,0,1
ember_edb157556b7c.exe,983388,18.39,3.749,191,0,1
ember_e232caa772b9.exe,298496,3.22,3.96,38,0,1
ember_21af50df6ef3.exe,559824,12.15,5.847,185,2,1
ember_57841dbd9f8c.exe,964884,5.67,4.053,2,0,1
ember_6421f7b07d29.exe,503808,10.27,6.601,102,1,1
ember_1182752e4d4d.exe,904248,1.65,5.287,74,0,1
ember_b3f361fe201e.exe,2738575,1.85,2.99,90,0,1
ember_312db497bdc2.exe,123392,18.59,4.251,11,0,1
ember_f6aee95b98ce.exe,139264,20.26,5.557,54,0,1
ember_f13331322411.exe,966124,5.67,4.053,2,0,1
ember_a1238224928e.exe,135168,19.5,5.087,58,0,1
ember_0deeeb00f249.exe,478208,5.77,4.271,1,0,1
ember_015277ba487c.exe,2028832,33.47,5.007,16,0,1
ember_953e737257f9.exe,374616,5.88,6.23,125,0,1
ember_549dc500e947.exe,361472,51.0,4.903,68,1,1
ember_780e0347c588.exe,2855936,2.21,6.195,75,1,1
ember_eb719455663f.exe,961944,5.69,4.053,2,0,1
ember_0cab18a7bfc1.exe,155648,18.89,6.131,104,0,1
ember_2ae8c961c6fc.exe,963914,5.68,4.053,2,0,1
ember_cc587adcb09f.exe,964394,5.68,4.053,2,0,1
ember_20481d1b88aa.exe,460288,5.2,6.116,86,2,1
ember_5f54bdfc24e1.exe,966834,5.66,4.053,2,0,1
ember_ba90d3820fd7.exe,795136,1.77,5.222,15,0,1
ember_69cec02ac165.exe,222544,17.54,6.234,154,0,1
ember_bbb606258d5b.exe,327684,34.24,3.518,47,0,1
ember_e4f8b298b88b.exe,229376,15.39,6.034,103,1,1
ember_89603e333818.exe,2651136,64.65,5.107,81,1,1
ember_f53400813bb1.exe,964164,5.68,4.053,2,0,1
ember_244604a4f916.exe,1250816,6.76,6.766,114,1,1
ember_4cb81b6c1b89.exe,965424,5.67,4.053,2,0,1
ember_59a6154bb921.exe,964174,5.68,4.053,2,0,1
ember_8cb16f86e65c.exe,971004,5.64,4.053,2,0,1
ember_117193018b1b.exe,500224,20.26,4.64,127,2,1
ember_f8e2f7fa569c.exe,416768,18.06,5.314,136,2,1
ember_780b7311267c.exe,724992,8.41,5.805,161,1,1
ember_c9e4916c7944.exe,966294,5.66,4.053,2,0,1
ember_ccef86e5796d.exe,329728,2.76,5.149,20,0,1
ember_f0cefc6d20d8.exe,208896,30.46,4.792,14,0,1
ember_18f0dcac42fa.exe,139264,20.26,5.557,54,0,1
ember_7ced329b8e18.exe,246093,3.76,5.634,91,1,1
ember_648e76e196d8.exe,967054,5.66,4.053,2,0,1
ember_82535e655854.exe,612352,17.74,4.276,1,0,1
ember_a05e640f7fab.exe,3584,74.33,3.268,8,0,1
ember_c3d0c533e6e4.exe,236802,21.98,4.967,156,2,1
ember_07e42217d5e2.exe,964714,5.67,4.053,2,0,1
ember_1b7948b1441f.exe,964314,5.68,4.053,2,0,1
ember_4ed3a31e37da.exe,157660,58.54,4.055,55,0,1
ember_5e6afde6b455.exe,888868,14.82,4.47,467,4,1
ember_089e882bbbdb.exe,248160,4.78,7.115,19,0,1
ember_2ff42bf70826.exe,34156,6.99,5.721,31,0,1
ember_7cfcd3f73ee3.exe,741728,16.74,5.564,244,0,1
ember_5d7aeed34905.exe,963754,5.68,4.053,2,0,1
ember_a31644f1e8c5.exe,126464,30.81,4.287,44,0,1
ember_6518d03b2573.exe,559848,12.15,5.847,185,2,1
ember_0919cf2ea21c.exe,757760,16.96,4.418,20,0,1
ember_7d8ea9d2d56e.exe,226600,9.47,2.781,87,1,1
ember_1605008579be.exe,964484,5.67,4.053,2,0,1
ember_6c5553cc697a.exe,246125,3.76,5.634,91,1,1
ember_ff9232062d17.exe,1077032,23.08,4.831,88,1,1
ember_d11652de7061.exe,243491,3.42,7.578,10,0,1
ember_26192acca508.exe,963254,5.68,4.053,2,0,1
ember_81eeb47c0769.exe,965634,5.67,4.053,2,0,1
ember_4f3ab479b819.exe,880162,21.73,4.055,55,0,1
ember_4f44b3b34697.exe,91342,21.42,5.078,30,0,1
ember_4636243e51df.exe,82377,6.74,5.824,3,0,1
ember_d90a8c284ff4.exe,4447744,75.77,3.43,66,2,1
ember_d9924eb5d9f2.exe,442368,8.9,4.295,1,0,1
ember_5c910c216683.exe,343574,6.03,5.037,61,0,1
ember_bb9a398cb6ed.exe,139264,20.26,5.557,54,0,1
ember_b94c05740b6e.exe,963864,5.68,4.053,2,0,1
ember_7cc4ac09914e.exe,966294,5.66,4.053,2,0,1
ember_991a5f29314b.exe,1339392,43.83,5.657,0,0,1
ember_1d32617e4c3d.exe,966414,5.66,4.053,2,0,1
ember_d66bf4610796.exe,139264,20.26,5.557,54,0,1
ember_9f263a519e67.exe,180224,34.77,5.499,42,0,1
ember_809692ea5078.exe,343384,6.08,5.037,61,0,1
ember_8b1dbd3ef3a8.exe,962904,5.68,4.053,2,0,1
ember_89d74f4e03fc.exe,139264,20.26,5.557,54,0,1
ember_c86468412cac.exe,966404,5.66,4.053,2,0,1
ember_240ca9cb8abd.exe,591976,24.58,4.124,63,0,1
ember_96ce1da7032b.exe,139264,20.26,5.557,54,0,1
ember_11b39807852b.exe,323072,21.62,5.096,80,2,1
ember_5d8e847f46c4.exe,343452,6.08,5.037,61,0,1
ember_2637a13474ca.exe,525232,72.37,4.482,105,3,1
ember_11d68fdd3d50.exe,585728,17.8,4.539,198,2,1
ember_aa177ff65996.exe,960776,37.98,3.748,60,0,1
ember_24de36afd88f.exe,965684,5.67,4.053,2,0,1
ember_bc6d5999c28e.exe,94870,44.81,4.389,1,0,1
ember_62c13b8c4d05.exe,500224,20.26,4.64,127,2,1
ember_cb7ebcecb6aa.exe,862647,1.85,6.688,7,0,1
ember_a5dc5f37943e.exe,456704,16.26,4.218,43,1,1
ember_f4c6233a7b8b.exe,237568,18.19,5.264,106,1,1
ember_5c805fd70a66.exe,343472,6.04,5.037,61,0,1
ember_f3a30a45da32.exe,112758,72.16,3.751,28,1,1
ember_c6ce2e19596c.exe,155648,18.89,6.131,104,0,1
ember_1dde22f0311b.exe,2105344,62.86,5.59,73,1,1
ember_c958fb348fd9.exe,139264,20.26,5.557,54,0,1
ember_0514af260168.exe,126939,10.92,5.704,54,0,1
ember_c3e682f5383c.exe,503808,10.28,6.601,102,1,1
ember_a2abbc83a43e.exe,965024,5.67,4.053,2,0,1
ember_fc4d264d0320.exe,632008,39.4,3.323,58,0,1
ember_a9f41ef23036.exe,966634,5.66,4.053,2,0,1
ember_b7a53d32c15a.exe,3723264,90.09,4.568,78,0,1
ember_459f8d96d0c2.exe,180224,34.69,5.498,39,0,1
ember_ea1e01987faf.exe,1092614,19.64,5.142,469,4,1
ember_c5e3e37d8e4b.exe,183808,42.64,4.192,56,0,1
ember_db2df5a6a223.exe,525232,72.37,4.482,105,3,1
ember_49143e2a7e72.exe,2284021,16.04,5.673,594,2,1
ember_0fdde7f1bfbb.exe,965394,5.67,4.053,2,0,1
ember_f4790fd9c303.exe,966234,5.66,4.053,2,0,1
ember_1aeb8c0fdc56.exe,966854,5.66,4.053,2,0,1
ember_5e1e61a77ea5.exe,525195,72.38,4.482,105,3,1
ember_3763fe918033.exe,964494,5.67,4.053,2,0,1
ember_224a05fbfdd9.exe,1040831,23.0,3.938,95,0,1
ember_7b5929e1bd64.exe,139264,20.26,5.557,54,0,1
ember_18b16b19c4f3.exe,983040,0.82,3.645,24,1,1
ember_f00298eaadda.exe,303104,35.23,4.172,132,1,1
ember_9b6dca4d6ac8.exe,380416,13.65,5.972,164,1,1
ember_7ab88fb50468.exe,155648,18.89,6.131,104,0,1
ember_db18b7db506b.exe,1562624,49.02,5.113,73,1,1
ember_dd66289f2ab4.exe,4350464,54.99,4.23,64,2,1
ember_993382df514f.exe,289547,21.32,5.598,10,0,1
ember_3785cef7cc21.exe,3637248,1.37,3.928,2,0,1
ember_8d5658793657.exe,982528,0.79,4.68,29,1,1
ember_fa8a84be0fa2.exe,626768,40.36,3.322,58,0,1
ember_3b4e6a36e52a.exe,405504,13.81,5.037,24,0,1
ember_c2c1ba744e33.exe,924276,47.86,6.208,49,1,1
ember_a0a16920e5f1.exe,246784,14.64,4.484,85,0,1
ember_cda08d6f52dc.exe,126907,10.92,5.704,54,0,1
ember_fdc144d6ade1.exe,965454,5.67,4.053,2,0,1
ember_bbe3316a8ba8.exe,1003600,4.53,6.136,96,1,1
ember_7cdf4011953c.exe,1200936,16.52,5.911,433,2,1
ember_ffa575af6566.exe,88576,2.59,4.878,1,0,1
ember_ae3b6a0b00f4.exe,965334,5.67,4.053,2,0,1
ember_478608f56359.exe,256000,11.4,5.594,34,1,1
ember_cdc6fc24be43.exe,298486,60.81,3.658,105,3,1
ember_4ca1233f91da.exe,213504,1.44,5.155,15,1,1
ember_4e8eb80a356d.exe,1250816,6.77,6.766,114,1,1
ember_6ef848a07b2b.exe,81920,18.1,4.406,1,0,1
ember_b92ca33ec911.exe,972904,38.11,3.744,62,0,1
ember_353d7c8d2a07.exe,3584,74.33,3.274,8,0,1
ember_820c1adf0295.exe,139264,20.26,5.557,54,0,1
ember_50659cec9e51.exe,73728,11.13,3.653,3,0,1
ember_1d9996f77858.exe,155648,18.89,6.131,104,0,1
ember_c06930938fea.exe,559888,12.14,5.847,185,2,1
ember_cc2392721632.exe,876528,12.78,5.563,167,2,1
ember_29efaad9826c.exe,33792,2.82,4.61,3,0,1
ember_006a374f0bde.exe,274432,11.67,5.686,42,1,1
ember_ff27bacf22e2.exe,343436,6.04,5.037,61,0,1
ember_44629de590de.exe,2058752,31.78,5.463,114,2,1
ember_82d800065fb4.exe,346568,15.47,4.504,322,0,1
ember_bf5de5d40039.exe,1722880,49.15,5.182,114,1,1
ember_c0568df972d8.exe,151552,22.54,5.386,27,0,1
ember_4eea4ea6285b.exe,139107,28.9,4.055,55,0,1
ember_46d3fb3122d0.exe,139264,20.26,5.557,54,0,1
ember_faa691ea795d.exe,776192,3.28,4.611,1,0,1
ember_024a82b5d926.exe,966614,5.66,4.053,2,0,1
ember_3012cc9e550c.exe,967124,5.66,4.053,2,0,1
ember_356fa6c9a338.exe,966294,5.66,4.053,2,0,1
ember_d567d5789e4c.exe,116608,35.17,4.055,55,0,1
ember_eee08344ceb6.exe,964714,5.67,4.053,2,0,1
ember_94512ee003f7.exe,965724,5.67,4.053,2,0,1
ember_8a2eaad03dc1.exe,965164,5.67,4.053,2,0,1
ember_626b1c088764.exe,340482,12.06,4.737,239,1,1
ember_96920b82174a.exe,246061,3.77,5.634,91,1,1
ember_566b7a37258a.exe,982528,0.79,4.679,29,1,1
ember_4331c60ab78f.exe,139264,20.26,5.557,54,0,1
ember_31900420a552.exe,962054,5.69,4.053,2,0,1
ember_96033c6b303c.exe,804352,2.13,6.013,9,0,1
ember_d9f55ec7f46b.exe,139264,20.26,5.557,54,0,1
ember_88850687584a.exe,126877,10.92,5.704,54,0,1
ember_21c628ea7230.exe,542392,22.37,5.437,311,1,1
ember_8a25b2ab73a1.exe,967024,5.66,4.053,2,0,1
ember_d6542c306ce7.exe,1117696,1.93,4.596,2,0,1
ember_73e8e792b7e1.exe,2029058,16.01,5.533,0,0,1
ember_9124e6bb5ceb.exe,184320,17.54,4.538,107,1,1
ember_dde48eabcce6.exe,155648,18.89,6.131,104,0,1
ember_59b87ccafbce.exe,983040,4.93,6.234,7,0,1
ember_c72b1258e566.exe,180224,1.39,5.215,15,1,1
ember_6c2ef49a0517.exe,317952,3.28,5.31,15,1,1
ember_b268b3cd96ca.exe,559856,12.14,5.847,185,2,1
ember_a7073850c7db.exe,964964,5.67,4.053,2,0,1
ember_ef3317f0ec78.exe,139264,20.26,5.557,54,0,1
ember_911fe0a49997.exe,965504,5.67,4.053,2,0,1
ember_c4fcd8fa593b.exe,1154466,23.27,4.286,1,0,1
ember_576e4765410f.exe,966864,5.66,4.053,2,0,1
ember_b58520658814.exe,207360,10.16,5.516,1,0,1
ember_331aae290cff.exe,967454,5.66,4.053,2,0,1
ember_db451c4ed687.exe,155648,18.89,6.131,104,0,1
ember_c9bb294b3181.exe,343552,6.12,5.037,61,0,1
ember_7684b4fa427a.exe,135168,19.32,5.063,58,0,1
ember_4fd149d5fbc0.exe,175109,4.58,4.972,91,0,1
ember_3a659e1ebeec.exe,970094,5.64,4.053,2,0,1
ember_f336883a5e1c.exe,179712,1.39,5.223,15,1,1
ember_caa3778289b4.exe,356864,21.54,4.979,92,2,1
ember_6741e6e4234e.exe,196096,21.01,5.283,81,1,1
ember_e6002fe4008f.exe,965414,5.67,4.053,2,0,1
ember_96fda03379c8.exe,53200,28.31,5.074,92,1,1
ember_afff1abdd85b.exe,965474,5.67,4.053,2,0,1
ember_964e0f091712.exe,1053696,10.92,5.709,81,1,1
ember_1c28df707cac.exe,793096,5.16,3.993,2,0,1
ember_663e47ed0393.exe,343629,6.03,5.037,61,0,1
ember_6f39a2927967.exe,559832,12.14,5.847,185,2,1
ember_b2466914fac4.exe,401408,15.11,5.461,81,2,1
ember_e6f5075d73f4.exe,413235,12.84,6.213,146,1,1
ember_e495149ad616.exe,139264,20.26,5.557,54,0,1
ember_31769f926405.exe,1250816,6.76,6.766,114,1,1
ember_0e74d5644cfd.exe,968804,5.65,4.053,2,0,1
ember_e9935dbcf39c.exe,965104,5.67,4.053,2,0,1
ember_9471b7833474.exe,131086,5.59,4.373,103,1,1
ember_68f908ab7f32.exe,2730656,85.88,5.447,310,1,1
ember_be2368c763d1.exe,327680,18.08,5.078,35,0,1
ember_879ab69b4bd4.exe,1082880,29.8,4.725,89,1,1
ember_d2eb15ec709e.exe,963274,5.68,4.053,2,0,1
ember_0796d5e29d9e.exe,1802484,16.89,2.53,581,2,1
ember_9c1b9beb836a.exe,966524,5.66,4.053,2,0,1
ember_921e6a629584.exe,246053,3.77,5.634,91,1,1
ember_64d98638a23c.exe,964984,5.67,4.053,2,0,1
ember_45be5f047653.exe,155648,18.89,6.131,104,0,1
ember_ecdbc91ba2b6.exe,965744,5.67,4.053,2,0,1
ember_08e8d06bab3d.exe,372224,21.5,4.956,102,2,1
ember_a3e852d761fe.exe,102528,31.45,3.608,1,0,1
ember_0c53718a247c.exe,901034,37.0,3.005,90,1,1
ember_8b0f608aa3d2.exe,966104,5.67,4.053,2,0,1
ember_ff79ce86fecc.exe,966124,5.67,4.053,2,0,1
ember_4563ee97eef6.exe,139264,20.26,5.557,54,0,1
ember_6a7673e7343a.exe,965424,5.67,4.053,2,0,1
ember_938c9dccc96c.exe,86016,39.15,3.46,1,0,1
ember_2f2f265c0771.exe,139264,20.26,5.557,54,0,1
ember_d6c2f77a8870.exe,409600,24.08,5.003,60,2,1
ember_80fa8828550c.exe,409600,14.49,5.115,280,1,1
ember_1b5a8f00dd48.exe,100352,20.17,4.343,1,0,1
ember_a7ab966a45b7.exe,356864,21.54,4.979,92,2,1
ember_7f9ef2add76b.exe,384512,8.94,4.317,1,0,1
ember_8351ddc6da7f.exe,1032904,28.52,5.346,399,2,1
ember_146b706b3038.exe,965874,5.67,4.053,2,0,1
ember_83a52d0dc0bb.exe,3584,74.33,3.273,8,0,1
ember_4b9913352abf.exe,230636,5.84,5.62,157,0,1
ember_e8b83a2dd5a1.exe,964664,5.67,4.053,2,0,1
ember_2ccbf151a332.exe,135168,16.98,4.571,21,0,1
ember_a317890f82b9.exe,115712,11.24,7.988,3,0,1
ember_3efe38ec77c9.exe,32518,31.35,5.034,53,0,1
ember_8ba268c7dece.exe,109568,60.47,3.941,83,2,1
ember_8f7170d57f23.exe,503808,10.28,6.601,102,1,1
ember_078f3fe889b6.exe,208896,30.46,4.792,14,0,1
ember_6206f3f902eb.exe,691712,86.62,0.369,0,0,1
ember_847242662575.exe,246133,3.76,5.634,91,1,1
ember_6b1f8db0fa3d.exe,126933,10.91,5.704,54,0,1
ember_2eb5a0fb0f7e.exe,320377,14.78,5.499,105,2,1
ember_d89034d35496.exe,2376704,64.0,3.323,17,1,1
ember_b252d7a67ee1.exe,156745,77.35,3.071,6,0,1
ember_a65945eaeef8.exe,1036316,15.25,5.479,475,4,1
ember_7b2000787b8c.exe,963164,5.68,4.053,2,0,1
ember_48102244a206.exe,1605064,41.44,4.291,1,0,1
ember_fa16130e34a8.exe,375296,17.48,4.744,15,1,1
ember_d8c2a4f203c5.exe,444928,14.05,6.392,106,2,1
ember_4123e0e0e427.exe,966244,5.66,4.053,2,0,1
ember_f7acdb0a8400.exe,75734,18.49,5.318,16,0,1
ember_76f43df73768.exe,970184,5.64,4.053,2,0,1
ember_d9113f3d7413.exe,965534,5.67,4.053,2,0,1
ember_9b4c5465131f.exe,1119232,6.27,4.74,15,1,1
ember_ff3c4e5a0f2a.exe,965734,5.67,4.053,2,0,1
ember_a5449abeffc8.exe,966894,5.66,4.053,2,0,1
ember_77e9474f16cd.exe,350209,4.48,4.984,91,0,1
ember_dff97413d071.exe,965014,5.67,4.053,2,0,1
ember_69722cb9997f.exe,1482752,17.48,5.16,541,2,1
ember_c8a7a4bbdcdb.exe,266246,18.33,2.94,47,0,1
ember_1c51eea58264.exe,335223,3.42,5.225,165,0,1
ember_b88a725358ee.exe,970784,5.64,4.053,2,0,1
ember_1a96798d015d.exe,524288,7.41,5.209,83,1,1
ember_d3d648b7a02b.exe,1250816,6.76,6.766,114,1,1
ember_69730160b8fb.exe,3584,74.33,3.272,8,0,1
ember_bb654acb648a.exe,965594,5.67,4.053,2,0,1
ember_3de7a33e0bf9.exe,1353264,2.33,7.512,8,0,1
ember_30c54c28e06e.exe,964154,5.68,4.053,2,0,1
ember_43cb8249333c.exe,651614,13.85,5.408,149,1,1
ember_ba2e92a61f43.exe,881152,9.8,4.371,10,0,1
ember_8b9730e301e4.exe,246061,3.77,5.634,91,1,1
ember_a102b0146409.exe,343622,6.08,5.037,61,0,1
ember_25932ef5a1be.exe,94208,17.81,5.262,36,0,1
ember_008780cf8d2d.exe,720540,80.24,4.055,55,0,1
ember_18adaed5a6e5.exe,139264,20.26,5.557,54,0,1
ember_5fd71182e423.exe,86016,34.99,3.684,1,0,1
ember_f42f26979e44.exe,335872,27.47,3.877,96,1,1
ember_554f07bfb800.exe,1250816,6.76,6.766,114,1,1
ember_c8d96bdf24ed.exe,2178560,17.66,4.319,572,2,1
ember_88d4cc32cd12.exe,964084,5.68,4.053,2,0,1
ember_c9f828911890.exe,1053696,10.93,5.709,81,1,1
ember_ea748a300fbf.exe,962984,5.68,4.053,2,0,1
ember_c5fdcd1c7d60.exe,964594,5.67,4.053,2,0,1
ember_38deacb94650.exe,1440680,1.89,7.512,16,0,1
ember_d80f11e587a6.exe,1875968,67.15,5.779,17599,0,1
ember_8ee1b27e0b4c.exe,299517,15.3,4.973,57,0,1
ember_0682691a206c.exe,2164736,17.72,4.319,580,2,1
ember_72660fbe719f.exe,1995331,16.23,4.307,1,0,1
ember_cb291fd7589e.exe,671232,13.13,5.688,14,0,1
ember_da0152f3c471.exe,144896,33.34,3.231,1,0,1
ember_bf9a65feb29d.exe,1673216,3.26,6.007,72,1,1
ember_87c34c664187.exe,967334,5.66,4.053,2,0,1
ember_43188ae2f7f4.exe,967384,5.66,4.053,2,0,1
ember_07697fb0d20b.exe,968014,5.65,4.053,2,0,1
ember_5aa04837e5f3.exe,343437,6.04,5.037,61,0,1
ember_2794447d8fff.exe,4288512,68.39,4.78,113,2,1
ember_0634befc4740.exe,1560416,18.75,4.409,910,0,1
ember_68a5cea9daa5.exe,169888,14.34,5.413,112,2,1
ember_6498ad943ba4.exe,88576,2.59,4.878,1,0,1
ember_915ef9691ffc.exe,376832,19.1,6.291,114,0,1
ember_9849a7cfa8b2.exe,503808,10.29,6.601,102,1,1
ember_7c642e3a0e5d.exe,965474,5.67,4.053,2,0,1
ember_9d5dffe51180.exe,87314,8.52,6.687,5,0,1
ember_7770e3184b16.exe,1210368,30.97,3.982,70,2,1
ember_03060cc92799.exe,525289,72.36,4.482,105,3,1
ember_4b25733c1be9.exe,70240,38.65,4.914,58,0,1
ember_6e5e7968894c.exe,3584,74.33,3.274,8,0,1
ember_341e3bf48105.exe,961414,5.69,4.053,2,0,1
ember_dfe50f95b7c7.exe,305879,34.69,4.573,55,0,1
ember_bb8d0bfe8261.exe,963124,5.68,4.053,2,0,1
ember_3953529aefaf.exe,151552,26.33,5.143,106,1,1
ember_1d93e208e062.exe,965764,5.67,4.053,2,0,1
ember_52d1fa89b322.exe,315415,11.07,5.774,125,0,1
ember_5f42ff98a7f4.exe,246029,3.77,5.634,91,1,1
ember_f05a45abbd89.exe,88576,2.59,4.878,1,0,1
ember_3a0be0d03ab1.exe,966714,5.66,4.053,2,0,1
ember_2a74c16c3944.exe,964664,5.67,4.053,2,0,1
ember_4b85ad0097d7.exe,139264,20.26,5.557,54,0,1
ember_ebf7e07832c5.exe,126842,10.92,5.704,54,0,1
ember_a9da63300d4d.exe,1606424,1.28,4.697,8,0,1
ember_a5b09b22fe77.exe,965844,5.67,4.053,2,0,1
ember_026c80e117b9.exe,190448,6.48,7.797,2,0,1
ember_556c4bc79c3a.exe,962644,5.69,4.053,2,0,1
ember_8ad9634c966b.exe,525159,72.38,4.482,105,3,1
ember_00f9d43bdeb5.exe,439808,20.56,5.625,68,1,1
ember_575dfb4f3ddd.exe,965424,5.67,4.053,2,0,1
ember_fc40292df0ac.exe,1875920,1.8,5.304,213,1,1
ember_8bd03a72564d.exe,1144656,27.06,4.902,1,0,1
ember_6fac921c185f.exe,88576,2.59,4.878,1,0,1
ember_60e3b4d98d94.exe,847872,18.41,3.905,19,0,1
ember_99cdce1ba3f3.exe,970984,5.64,4.053,2,0,1
ember_a30c2b1ff0c0.exe,964894,5.67,4.053,2,0,1
ember_98bf2f9937fb.exe,813568,84.65,0.41,0,0,1
ember_0799b805e070.exe,628408,36.69,3.649,62,0,1
ember_5da22e2c703b.exe,88576,2.59,4.878,1,0,1
ember_a23f4cbf97ef.exe,1673216,3.26,6.007,72,1,1
ember_109bf1823c91.exe,1339392,43.83,5.66,0,0,1
ember_c4c4914beb77.exe,495616,11.8,5.083,7,0,1
ember_24870814fdac.exe,79058,21.31,5.222,52,0,1
ember_98b63b2d1265.exe,126943,10.91,5.704,54,0,1
ember_20a5a940f0d0.exe,1829888,27.02,6.056,65,1,1
ember_786ba0445d1c.exe,139264,20.26,5.557,54,0,1
ember_7e6b982e4354.exe,2855936,2.21,6.195,75,1,1
ember_e222458e9d5a.exe,213628,12.6,1.649,0,0,1
ember_61772eae66bf.exe,1673216,3.26,6.007,72,1,1
ember_7f123834545b.exe,965244,5.67,4.053,2,0,1
ember_aeb8b4c09a34.exe,444928,14.05,6.392,106,2,1
ember_c4d190d944a5.exe,152888,54.08,3.858,139,1,1
ember_f8cffefe79ff.exe,534016,13.0,4.722,15,1,1
ember_c15e32d4ca20.exe,965584,5.67,4.053,2,0,1
ember_e06e7982418e.exe,155648,18.89,6.131,104,0,1
ember_2ef8deaf47d4.exe,965064,5.67,4.053,2,0,1
ember_dccd3eafac46.exe,126977,10.91,5.704,54,0,1
ember_4b17413842f4.exe,972084,5.63,4.053,2,0,1
ember_8f9b71db6109.exe,145451,9.85,1.823,0,0,1
ember_714c23d99bab.exe,222544,17.56,6.233,154,0,1
ember_7d2608372ed7.exe,446468,29.86,4.949,109,1,1
ember_b4a84355fcf8.exe,964814,5.67,4.053,2,0,1
ember_6b18122aedb5.exe,5267459,34.76,3.399,13,0,1
ember_50af2889b2cd.exe,228352,1.36,5.152,15,1,1
ember_9a00e8855f3c.exe,110592,37.14,4.54,168,0,1
ember_b2c7f564ca9d.exe,188416,48.33,4.157,99,1,1
ember_b444b6675356.exe,135677,71.5,3.003,58,1,1
ember_f25909c0a644.exe,380928,17.17,4.739,15,1,1
ember_cff17b84ff9b.exe,258560,26.9,5.308,105,1,1
ember_4a8ead97e997.exe,757760,3.25,6.116,86,2,1
ember_ce51546b890f.exe,301160,10.09,5.73,147,1,1
ember_a43987c284a6.exe,964764,5.67,4.053,2,0,1
ember_5452580829fe.exe,969524,5.65,4.053,2,0,1
ember_5b722e60a70c.exe,271360,22.99,5.321,258,3,1
ember_ef6ce917b7ea.exe,965014,5.67,4.053,2,0,1
ember_f52c980e1169.exe,245837,3.77,5.634,91,1,1
ember_f1c4b5399bc4.exe,512000,5.82,5.708,69,1,1
ember_38f176b7ecd8.exe,966234,5.66,4.053,2,0,1
ember_50f2211135e2.exe,970454,5.64,4.053,2,0,1
ember_491bbd5eba86.exe,126985,10.91,5.704,54,0,1
ember_fb95edc81a41.exe,101888,25.38,4.917,67,1,1
ember_8cb6968373e7.exe,446464,20.41,5.266,105,1,1
ember_2b9ef783fcdf.exe,888868,14.82,4.47,467,4,1
ember_38ab2e31bbe6.exe,1507328,3.11,5.323,1,0,1
ember_e0b2472253e6.exe,462848,23.29,4.171,9,0,1
ember_cb50096c1d7b.exe,1242178,19.66,4.292,1,0,1
ember_ff4f6351b2e1.exe,246093,3.77,5.634,91,1,1
ember_e81c450485f0.exe,312832,56.21,4.24,91,2,1
ember_b73f6c13c3b8.exe,139264,20.26,5.557,54,0,1
ember_c87136a79cb4.exe,592896,7.94,4.62,1,0,1
ember_28b47d8546cf.exe,1626256,16.89,4.374,343,2,1
ember_8956121c28e3.exe,2105344,62.87,5.59,73,1,1
ember_545d751bacf7.exe,290720,9.12,5.623,83,1,1
ember_4c02a52a5f1a.exe,559816,12.15,5.847,185,2,1
ember_49b583b4a9fa.exe,361472,51.0,4.903,68,1,1
ember_7430949dea83.exe,559816,12.15,5.847,185,2,1
ember_4f90fda2954e.exe,1306408,1.42,5.129,154,0,1
ember_c351c9bc9ecc.exe,179712,1.39,5.223,15,1,1
ember_27d4ac570704.exe,283648,36.0,4.957,27,0,1
ember_140f6a34aad4.exe,968874,5.65,4.053,2,0,1
ember_1f7cab27662f.exe,180224,1.29,5.21,15,1,1
ember_e9f505ed67c1.exe,1650785,45.86,5.506,269,0,1
ember_03be3a791fd9.exe,965834,5.67,4.053,2,0,1
ember_cf1bc2f35759.exe,2403936,94.5,4.824,109,1,1
ember_1a7694d3f150.exe,199048,6.71,5.487,66,2,1
ember_88a0a62b312b.exe,966204,5.66,4.053,2,0,1
ember_301fefeb235c.exe,4521304,1.95,4.555,122,2,1
ember_0a9f2d5b8c3a.exe,3584,74.33,3.275,8,0,1
ember_55fc4f627b4e.exe,2051072,64.56,5.118,76,1,1
ember_8c0179c681d5.exe,964854,5.67,4.053,2,0,1
ember_259742720ee4.exe,139264,20.26,5.557,54,0,1
ember_18c252df257e.exe,99328,32.31,6.766,3,0,1
ember_e41061c0e5cd.exe,503808,10.29,6.601,102,1,1
ember_5ef4f5023ff8.exe,245973,3.77,5.634,91,1,1
ember_6444b78b0a18.exe,123392,1.07,7.721,0,0,1
ember_6295be11a00c.exe,755200,1.52,5.302,15,1,1
ember_686e24abd51a.exe,155648,18.89,6.131,104,0,1
ember_8b1ac608951d.exe,2187264,6.4,7.217,75,1,1
ember_856da1cb329f.exe,115712,7.27,7.987,3,0,1
ember_747fc1e17450.exe,965654,5.67,4.053,2,0,1
ember_47e768402867.exe,139264,20.26,5.557,54,0,1
ember_276903d7ff87.exe,343429,6.08,5.037,61,0,1
ember_6bd16835f36b.exe,88576,2.59,4.878,1,0,1
ember_82581247cfa9.exe,729460,11.96,4.055,55,0,1
ember_eba5affe2d02.exe,63809,19.99,4.487,171,0,1
ember_d906afbf9e14.exe,88576,2.59,4.878,1,0,1
ember_f150005807ad.exe,2186752,18.82,4.535,581,2,1
ember_eb5e769707f4.exe,367104,12.81,3.746,12,0,1
ember_7aca967b8903.exe,99328,9.79,7.988,3,0,1
ember_a9837b6fe466.exe,123392,13.64,4.389,11,0,1
ember_935957ba3f63.exe,33792,57.74,4.61,3,0,1
ember_4e9913eeb868.exe,277483,12.49,5.591,89,1,1
ember_cdafc3931890.exe,736438,13.22,3.251,113,1,1
ember_44fc2bcbacbf.exe,4099584,69.13,4.127,79,2,1
ember_42d1d8cd25db.exe,458752,23.54,4.149,17,0,1
ember_056dfd7423d4.exe,3723264,44.96,5.591,78,0,1
ember_d4a132f25127.exe,139264,20.26,5.557,54,0,1
ember_1829b408e9f2.exe,343401,6.04,5.037,61,0,1
ember_a1a81bb00037.exe,208896,30.46,4.792,14,0,1
ember_3b81e9b2ab86.exe,966564,5.66,4.053,2,0,1
ember_a00b72029833.exe,88576,2.59,4.878,1,0,1
ember_1c1858bce9d3.exe,836800,1.56,5.287,3,0,1
ember_c00cf11c6ba7.exe,123392,18.57,4.251,11,0,1
ember_ee97600b84f9.exe,2572800,66.22,3.619,50,1,1
ember_343e80561b71.exe,139264,19.74,5.984,14,0,1
ember_54342c010a1c.exe,1250816,6.77,6.766,114,1,1
ember_be86150876d1.exe,343518,6.04,5.037,61,0,1
ember_55dab7477d54.exe,1292288,6.93,6.192,114,1,1
ember_3efc3afaa3b4.exe,964694,5.67,4.053,2,0,1
ember_008014f7fbf3.exe,66561,1.85,7.985,3,0,1
ember_eb465f34b78a.exe,967034,5.66,4.053,2,0,1
ember_1df15769577e.exe,500224,20.26,4.64,127,2,1
ember_4d7a704da01d.exe,964764,5.67,4.053,2,0,1
ember_9cc0c810c4f7.exe,970844,5.64,4.053,2,0,1
ember_3320e4df8139.exe,207360,10.16,5.516,1,0,1
ember_25bf9b540015.exe,98308,35.91,4.108,135,0,1
ember_9495c670898b.exe,1135104,3.96,3.787,11,0,1
ember_23518639fcad.exe,965834,5.67,4.053,2,0,1
ember_f409fb91c571.exe,3584,74.33,3.275,8,0,1
ember_a8a5a6b68596.exe,150528,12.03,4.832,154,2,1
ember_5efdd85d95aa.exe,300528,51.08,3.98,2,0,1
ember_998cfec6563f.exe,652584,3.14,4.312,1,0,1
ember_6ba1222c7882.exe,959488,0.84,3.55,10,0,1
ember_0ba0da8dc119.exe,338632,18.61,5.462,154,2,1
ember_0c6e8e189249.exe,2022504,1.7,5.304,213,1,1
ember_e768e9556b0f.exe,964344,5.68,4.053,2,0,1
ember_2e6508597ec9.exe,139264,20.26,5.557,54,0,1
ember_41cf332cfc02.exe,963724,5.68,4.053,2,0,1
ember_9821370e2fe0.exe,80710,46.01,4.368,3,0,1
ember_874de1e52de6.exe,66561,1.93,7.983,3,0,1
ember_f14c33412d81.exe,2738552,1.85,2.99,90,0,1
ember_5976d9ae322c.exe,152056,1.72,5.818,5,0,1
ember_42a3d29a8fc7.exe,964534,5.67,4.053,2,0,1
ember_40e076b72e3c.exe,966284,5.66,4.053,2,0,1
ember_b2b962a381a5.exe,888868,14.82,4.47,467,4,1
ember_fa5452f299b0.exe,184534,29.77,5.066,10,0,1
ember_dabaa158ea07.exe,962334,5.69,4.053,2,0,1
ember_7667e5d9f12b.exe,155648,18.89,6.131,104,0,1
ember_d82b10a4d95d.exe,125440,20.31,3.903,1,0,1
ember_42093e4df2c1.exe,489984,16.05,5.155,107,1,1
ember_a16d2e2bcbe7.exe,804600,29.28,4.503,74,0,1
ember_a0833eb5219e.exe,421736,8.93,4.055,55,0,1
ember_18309f1cb2e7.exe,966614,5.66,4.053,2,0,1
ember_a8ec9b7d030b.exe,724480,86.02,0.381,0,0,1
ember_ecb6bd6e03bc.exe,352724,35.25,3.056,54,2,1
ember_30f75d7204b5.exe,151552,59.22,3.731,75,2,1
ember_d0d8baad7649.exe,147456,20.75,5.459,33,0,1
ember_20718069cf2c.exe,126844,10.75,5.525,54,0,1
ember_d8b3ec136f65.exe,544000,12.32,5.84,179,2,1
ember_e9d32ba33648.exe,81920,28.05,4.936,167,1,1
ember_e3dac8acff70.exe,155648,18.89,6.131,104,0,1
ember_87cc5b3e1227.exe,3584,74.33,3.272,8,0,1
ember_2e6e770c699c.exe,88576,2.59,4.878,1,0,1
ember_f0183b8a5627.exe,414720,7.12,5.916,87,0,1
ember_bc93798da6fc.exe,217621,16.36,5.251,222,1,1
ember_79d2dd1b5884.exe,525281,72.36,4.482,105,3,1
ember_52130dd63813.exe,1250816,6.77,6.766,114,1,1
ember_8796438abd2f.exe,1353457,2.33,7.512,8,0,1
ember_e2a170cdacf3.exe,596992,4.34,5.815,1,0,1
ember_caee19944466.exe,131200,20.92,6.117,25,0,1
ember_f352c54f8dfe.exe,139264,20.26,5.557,54,0,1
ember_78e447d20fcf.exe,966814,5.66,4.053,2,0,1
ember_0bee0004c0bb.exe,966514,5.66,4.053,2,0,1
ember_331cfd2cf846.exe,177664,6.61,3.916,30,0,1
ember_5395a7996c83.exe,966534,5.66,4.053,2,0,1
ember_246f3d042efd.exe,3584,74.33,3.277,8,0,1
ember_bed7731a97b0.exe,640434,14.23,4.553,379,1,1
ember_5c7bd71b1ca8.exe,963864,5.68,4.053,2,0,1
ember_c01a2f6c0369.exe,963314,5.68,4.053,2,0,1
ember_04fed33bc123.exe,204800,1.95,5.711,14,0,1
ember_92e78605988b.exe,1218560,1.8,6.274,133,0,1
ember_315e4c279054.exe,1339392,43.75,5.667,0,0,1
ember_53614264702c.exe,161792,66.67,5.362,3,0,1
ember_2071da0e2b86.exe,2061938,69.6,5.235,218,2,1
ember_e177cd3e91b4.exe,135168,17.71,5.032,44,0,1
ember_e01e6eacf555.exe,192512,20.01,4.695,57,0,1
ember_530a28ac7710.exe,452664,13.89,6.389,119,1,1
ember_2484502531c3.exe,3584,74.33,3.277,8,0,1
ember_97c9d3f1cdcf.exe,5267459,41.32,3.304,13,0,1
ember_de4c8778fb22.exe,126841,10.92,5.704,54,0,1
ember_cf0ecc69dc6f.exe,965014,5.67,4.053,2,0,1
ember_ce4195b40817.exe,965244,5.67,4.053,2,0,1
ember_9029776bdd7e.exe,223744,1.32,5.138,15,1,1
ember_52fc9862b60c.exe,2319872,61.68,3.639,73,2,1
ember_85b795b26dfb.exe,969094,5.65,4.053,2,0,1
ember_ac896edd4658.exe,180224,63.65,3.249,1,0,1
ember_f804f183c397.exe,967124,5.66,4.053,2,0,1
ember_5ae8ef71715d.exe,543960,12.32,5.84,179,2,1
ember_838022d891ed.exe,151996,16.92,4.901,43,1,1
ember_f32fa701c514.exe,1764968,1.85,4.61,8,0,1
ember_a982796ece9b.exe,888832,21.31,5.579,414,1,1
ember_76d1e9f32e90.exe,151967,16.93,4.901,43,1,1
ember_a5f5e6dc7518.exe,281640,8.45,4.605,437,1,1
ember_7dc4a0af483e.exe,533504,4.25,4.938,1,0,1
ember_5727acc0f004.exe,559840,12.14,5.847,185,2,1
ember_b70017d094db.exe,139264,20.26,5.557,54,0,1
ember_1ccd63bd6fa5.exe,964844,5.67,4.053,2,0,1
ember_8d150841ee63.exe,93623,15.05,5.958,34,0,1
ember_a68fef5d2a63.exe,2651136,64.65,5.112,81,1,1
ember_685a595fbcd4.exe,970034,5.64,4.053,2,0,1
ember_f7d09c8be0dd.exe,377431,20.93,4.573,55,0,1
ember_0228cc93d456.exe,74752,1.67,7.989,2,0,1
ember_261f476da3af.exe,3584,74.33,3.273,8,0,1
ember_2941b975522c.exe,471040,27.82,3.666,154,1,1
ember_1a7d4f427d8c.exe,483766,14.91,5.418,706,0,1
ember_3c6e614adfcf.exe,963674,5.68,4.053,2,0,1
ember_7f26eed7f2a9.exe,88576,2.59,4.878,1,0,1
ember_8b8137393ebf.exe,1319424,35.94,5.355,7,0,1
ember_1e3112bf4139.exe,479802,16.37,7.844,13,0,1
ember_cc2a22321051.exe,139264,20.26,5.557,54,0,1
ember_cb37b1e43373.exe,1311744,17.64,4.926,144,1,1
ember_42a2c093c2bd.exe,967834,5.66,4.053,2,0,1
ember_8b68660f02ee.exe,794224,46.55,4.055,55,0,1
ember_5c851b1a7c50.exe,245829,3.77,5.634,91,1,1
ember_d79dc382262a.exe,1250816,6.77,6.766,114,1,1
ember_3eccb44e541f.exe,1954266,7.59,5.355,83,0,1
ember_c96c5985a341.exe,964074,5.68,4.053,2,0,1
ember_60186d2f3a07.exe,963974,5.68,4.053,2,0,1
ember_2eb63f2ea2c5.exe,1339392,43.09,5.722,0,0,1
ember_c4aca0977202.exe,155993,12.52,4.527,101,1,1
ember_023350d764d9.exe,3584,74.33,3.277,8,0,1
ember_03216d28ca11.exe,63816,19.98,4.487,171,0,1
ember_70ed4bd4fdd7.exe,359400,7.61,3.787,11,0,1
ember_ad46abde30e6.exe,965114,5.67,4.053,2,0,1
ember_60009947996a.exe,88576,2.59,4.878,1,0,1
ember_7616d9b87bfd.exe,965664,5.67,4.053,2,0,1
ember_480ef2a4263d.exe,762861,2.62,6.88,90,1,1
ember_d4ce434894c6.exe,965394,5.67,4.053,2,0,1
ember_790e4c21ba3e.exe,126850,10.92,5.704,54,0,1
ember_7c84e1b8644a.exe,1353359,2.28,7.512,8,0,1
ember_146749c1c0da.exe,111117,70.63,3.807,58,1,1
ember_b521148f2e3f.exe,935265,4.57,6.106,12,0,1
ember_7647aafdb708.exe,356864,21.54,4.979,92,2,1
ember_108cd619b3bd.exe,965454,5.67,4.053,2,0,1
ember_ef8d37a63ca5.exe,967554,5.66,4.053,2,0,1
ember_9dc862dd0c2b.exe,237930,22.12,4.968,156,2,1
ember_9b922e519d8f.exe,246085,3.76,5.634,91,1,1
ember_7233f0ed522d.exe,2051072,64.56,5.118,76,1,1
ember_0770632c1685.exe,842752,18.98,5.472,413,3,1
ember_a2ab3622e010.exe,559872,12.14,5.847,185,2,1
ember_f6a4d626f90b.exe,180224,35.11,5.488,34,0,1
ember_856eab7b19fe.exe,962704,5.69,4.053,2,0,1
ember_b4c7df088ad1.exe,1182877,8.43,3.464,116,2,1
ember_7b43254e1a83.exe,15872,26.69,5.195,62,0,1
ember_374ebe3120de.exe,1053696,10.92,5.709,81,1,1
ember_f52c748bc253.exe,247808,70.84,4.919,2,0,1
ember_d0d2d99fee32.exe,964344,5.68,4.053,2,0,1
ember_6c3309d45f10.exe,965114,5.67,4.053,2,0,1
ember_8a80bdaab724.exe,965644,5.67,4.053,2,0,1
ember_33d89e317a05.exe,315392,11.58,5.736,184,2,1
ember_255c852bcbec.exe,229376,14.04,5.805,170,1,1
ember_5649ae103d9e.exe,224256,2.59,6.318,11,0,1
ember_91c0709d4d70.exe,2093568,63.11,5.563,73,1,1
ember_fb8ec25bc20a.exe,966664,5.66,4.053,2,0,1
ember_e9af5f1341db.exe,1219072,34.23,5.172,80,2,1
ember_e5bbed4fa34f.exe,824832,3.71,6.313,11,0,1
ember_75d57b220102.exe,961994,5.69,4.053,2,0,1
ember_703d6c656993.exe,967474,5.66,4.053,2,0,1
ember_4e7090511e64.exe,139264,20.26,5.557,54,0,1
ember_2c320a186163.exe,2826240,69.61,3.979,20,1,1
ember_d56c1ea1c4d2.exe,1482752,17.48,5.16,541,2,1
ember_31f94303e294.exe,525213,72.37,4.482,105,3,1
ember_dc3a9c1cdd77.exe,109056,21.82,5.411,73,1,1
ember_9ced0ffac6fc.exe,2460160,37.31,4.746,110,2,1
ember_acc1c6c0abd1.exe,964964,5.67,4.053,2,0,1
ember_9decd5e2bca1.exe,5960704,17.02,5.516,667,3,1
ember_cd4078bc82a8.exe,315904,2.99,4.648,9,0,1
ember_67ce5e23aee1.exe,313859,7.96,4.299,35,1,1
ember_427873a4a427.exe,1012188,26.77,4.055,55,0,1
ember_7597ea4d72a1.exe,123392,18.59,4.251,11,0,1
ember_8b9cd51d73a8.exe,3584,74.33,3.274,8,0,1
ember_bb70cd77318c.exe,559880,12.14,5.847,185,2,1
ember_24288b74dff4.exe,968254,5.65,4.053,2,0,1
ember_9412fe9cc3ee.exe,483327,27.04,4.307,1,0,1
ember_912d49e0e1a9.exe,131200,20.92,6.117,25,0,1
ember_8129fbc26471.exe,318848,12.51,4.684,12,0,1
ember_5b6c5c72ae9f.exe,966244,5.66,4.053,2,0,1
ember_37c9697a57e4.exe,88576,2.59,4.878,1,0,1
ember_3cadb5aa5764.exe,736360,14.33,5.754,286,2,1
ember_3fb5acf41629.exe,1073152,17.58,3.906,17,1,1
ember_cec826c7d9a6.exe,964444,5.68,4.053,2,0,1
ember_b57e57400f15.exe,126991,10.91,5.704,54,0,1
ember_fd2b51dd4aed.exe,88576,2.59,4.878,1,0,1
ember_291858f3cdb8.exe,965804,5.67,4.053,2,0,1
ember_f2686e955af5.exe,2105344,62.87,5.59,73,1,1
ember_6ea03cea97ad.exe,964764,5.67,4.053,2,0,1
ember_88e79c4495e7.exe,713728,31.92,5.104,238,2,1
ember_d4c44f123017.exe,59443,21.15,4.525,171,0,1
ember_04bc0c088bb8.exe,961494,5.69,4.053,2,0,1
ember_8a9bdafd72a3.exe,3478016,68.37,3.638,69,2,1
ember_a753234f8f7f.exe,543904,12.32,5.84,179,2,1
ember_d316fe9acafb.exe,884224,14.32,5.835,110,1,1
ember_771eb71b3e82.exe,794624,14.86,5.451,83,2,1
ember_44b74486bb7e.exe,967544,5.66,4.053,2,0,1
ember_76753f35e0a4.exe,645058,14.84,4.091,379,1,1
ember_de93351d226d.exe,139264,20.26,5.557,54,0,1
ember_5dda4b16ccd7.exe,474784,20.92,5.328,348,1,1
ember_7f7ec063d8bd.exe,338944,6.3,4.284,1,0,1
ember_3f25184b3cbd.exe,169664,19.45,5.286,190,0,1
ember_ce13c7300497.exe,964014,5.68,4.053,2,0,1
ember_bb9560cbce2f.exe,258047,10.33,5.655,373,1,1
ember_504533581918.exe,90112,9.68,5.974,51,2,1
ember_9427d5ded632.exe,966524,5.66,4.053,2,0,1
ember_babb6dcc1b52.exe,532480,39.2,5.064,180,2,1
ember_74e8adf51a58.exe,735232,34.02,4.087,1,0,1
ember_582e0912fee5.exe,458752,20.57,4.144,18,0,1
ember_8226d5678d2a.exe,694272,29.3,5.405,312,2,1
ember_3a80da27b627.exe,959488,0.84,3.548,10,0,1
ember_cb7f2d364762.exe,189460,3.19,6.924,8,0,1
ember_8306cdeb188f.exe,3533312,67.57,4.351,79,2,1
ember_c231c6ed808c.exe,1643520,31.89,5.316,7,0,1
ember_68881ddf8ff7.exe,56320,59.2,2.793,59,1,1
ember_5213fcb62245.exe,1339392,43.84,5.639,0,0,1
ember_6a4da0dce4bf.exe,418841,11.11,4.453,336,1,1
ember_47269c26485b.exe,1897984,50.62,5.442,82,1,1
ember_7a481a683bf2.exe,225952,8.56,3.892,42,1,1
ember_c1971fe9019f.exe,1339392,43.83,5.661,0,0,1
ember_591f81f074ed.exe,1339392,43.83,5.659,0,0,1
ember_854c1befcdaf.exe,962374,5.69,4.053,2,0,1
ember_24a4267c237f.exe,141679,7.73,5.178,49,0,1
ember_07d9fdfdc86c.exe,495616,28.54,4.974,388,2,1
ember_c8fd3fb1f9b0.exe,155648,18.89,6.131,104,0,1
ember_d5e1d226108b.exe,139264,20.26,5.557,54,0,1
ember_499deb52d5cf.exe,544032,12.32,5.84,179,2,1
ember_fd3f9f51b1a4.exe,525271,72.37,4.482,105,3,1
ember_9067bebccd82.exe,679868,1.67,6.731,20,0,1
ember_24263cea867a.exe,126919,10.92,5.704,54,0,1
ember_d1f23d4521e3.exe,1333640,21.24,5.491,235,2,1
ember_2776301c319b.exe,159744,42.55,4.791,3,0,1
ember_3f522c1ce3a9.exe,89770,6.87,7.865,3,0,1
ember_f46863e5b10d.exe,188942,48.16,4.095,120,1,1
ember_f381df619338.exe,62490,17.29,4.079,50,1,1
ember_00c134888d56.exe,2071208,1.67,5.304,213,1,1
ember_972c340a40f2.exe,1314816,86.75,6.33,0,0,1
ember_7b2d3c2a0e11.exe,155648,18.89,6.131,104,0,1
ember_0da74d240f2f.exe,139264,20.26,5.557,54,0,1
ember_e4d5f1cae47b.exe,561256,12.06,5.864,187,2,1
ember_5388275c4513.exe,964704,5.67,4.053,2,0,1
ember_f11d21e124c8.exe,372224,21.5,4.956,102,2,1
ember_1f0a779e0ced.exe,343607,6.08,5.037,61,0,1
ember_dfd1c845533c.exe,3584,74.33,3.274,8,0,1
ember_05939ed4afce.exe,172032,27.0,5.196,100,1,1
ember_8250ac149caa.exe,3584,74.33,3.269,8,0,1
ember_48442ed15b9f.exe,1250816,6.77,6.766,114,1,1
ember_f55b4a47c080.exe,123392,18.57,4.251,11,0,1
ember_e165add99280.exe,5632,49.27,4.005,17,4,1
ember_cc8c258faaed.exe,203817,10.86,2.996,85,0,1
ember_82e535946d67.exe,343525,6.04,5.037,61,0,1
ember_cbdb6af71d42.exe,3584,74.33,3.273,8,0,1
ember_b087818cb5ba.exe,279040,1.17,5.14,15,1,1
ember_478077ff13e6.exe,90112,82.19,3.519,42,1,1
ember_4057d472178b.exe,343517,6.04,5.037,61,0,1
ember_304ad6272e59.exe,208896,30.46,4.792,14,0,1
ember_cb55fa92c3df.exe,5010944,0.6,6.45,12,0,1
ember_9c8ffbf2522a.exe,525206,72.37,4.482,105,3,1
ember_c59b42b8a944.exe,155648,18.89,6.131,104,0,1
ember_cd3cb1fa4d40.exe,110592,72.6,3.734,55,1,1
ember_1e825bd1e91e.exe,503808,10.29,6.601,102,1,1
ember_383c4659137f.exe,965824,5.67,4.053,2,0,1
ember_54082f791a7f.exe,965854,5.67,4.053,2,0,1
ember_374e15987135.exe,79872,4.85,4.86,61,0,1
ember_02e96d275300.exe,155648,54.92,4.099,112,1,1
ember_4dfc039ccaf0.exe,343617,6.03,5.037,61,0,1
ember_577a35c13c3a.exe,3584,74.33,3.278,8,0,1
ember_c6efb6b13685.exe,503808,10.28,6.601,102,1,1
ember_9f7876454ef0.exe,8703488,3.47,5.681,475,4,1
ember_891a50f12378.exe,1054208,10.96,5.707,82,1,1
ember_7ba497914c96.exe,179712,1.54,5.214,15,1,1
ember_cd01b30fe98f.exe,356864,18.41,4.724,15,1,1
ember_8ddc1fb1a52f.exe,967344,5.66,4.053,2,0,1
ember_bfef5d8c192e.exe,155648,18.89,6.131,104,0,1
ember_03c9e47c40f7.exe,11264,47.22,3.608,1,0,1
ember_7ae5831ded75.exe,204804,28.96,5.083,25,0,1
ember_879c008c7cac.exe,1250816,6.76,6.766,114,1,1
ember_3aa38e982ffa.exe,1236480,6.14,4.58,1,0,1
ember_1a003bac58ab.exe,967234,5.66,4.053,2,0,1
ember_fc8e385f16a7.exe,93866,6.64,7.869,3,0,1
ember_ed94b2fc66ef.exe,139264,20.26,5.557,54,0,1
ember_b83f907cefed.exe,966964,5.66,4.053,2,0,1
ember_f1f837609735.exe,961374,5.69,4.053,2,0,1
ember_653cc257d997.exe,63815,19.98,4.491,171,0,1
ember_3f046a7a1cdc.exe,3584,74.33,3.276,8,0,1
ember_500892503876.exe,467977,5.07,5.908,42,0,1
ember_e90b5889c1d4.exe,841156,19.11,4.841,253,0,1
ember_1ab906a5b33e.exe,964974,5.67,4.053,2,0,1
ember_99a0a34c6dc3.exe,7685,52.99,3.493,24,0,1
ember_95b6461670a3.exe,155648,18.89,6.131,104,0,1
ember_227a11a8d093.exe,965984,5.67,4.053,2,0,1
ember_2c0e85e0e610.exe,2061938,52.49,7.884,0,0,1
ember_dbb24d4ccb92.exe,88576,2.59,4.878,1,0,1
ember_b65fa97bbe22.exe,965614,5.67,4.053,2,0,1
ember_45a2366027f7.exe,964964,5.67,4.053,2,0,1
ember_8b5fbfd4c96a.exe,2001920,30.21,5.601,109,2,1
ember_bf24f23fad2e.exe,965074,5.67,4.053,2,0,1
ember_153173eece52.exe,343392,6.08,5.037,61,0,1
ember_1c194879a3df.exe,336395,16.74,5.377,174,2,1
ember_94fbc22cd6f0.exe,618496,7.26,6.558,226,2,1
ember_33f83df518f9.exe,139264,20.26,5.557,54,0,1
ember_b670f1d47105.exe,357888,19.26,4.676,15,1,1
ember_962a263b75ef.exe,970354,5.64,4.053,2,0,1
ember_344fafaafa73.exe,966434,5.66,4.053,2,0,1
ember_19de791f4b80.exe,343549,6.03,5.037,61,0,1
ember_e52c41b4ff8b.exe,144384,22.87,5.48,27,0,1
ember_c5b4aca34265.exe,211024,16.38,5.241,1,0,1
ember_caf604e5bc9f.exe,439808,20.56,5.625,68,1,1
ember_952a8f4606b0.exe,967344,5.66,4.053,2,0,1
ember_e74008465105.exe,147456,58.21,3.759,78,1,1
ember_90e9622f54ca.exe,444928,14.05,6.392,106,2,1
ember_4725b164b7aa.exe,343428,6.04,5.037,61,0,1
ember_ccf628fc7280.exe,971164,5.64,4.053,2,0,1
ember_9cef0decc67a.exe,968554,5.65,4.053,2,0,1
ember_90a01d0ff7b3.exe,830079,14.32,4.055,55,0,1
ember_229c5fa2fbcd.exe,964764,5.67,4.053,2,0,1
ember_56517fae508a.exe,217628,6.4,5.61,157,0,1
ember_4b7443baa928.exe,215546,1.55,6.597,1,0,1
ember_fe837a2edd34.exe,259655,39.35,4.287,1,0,1
ember_39815dd0dfb5.exe,107520,10.77,6.347,3,0,1
ember_048abd577ffe.exe,972664,5.63,4.053,2,0,1
ember_64f0f124ad40.exe,155648,18.89,6.131,104,0,1
ember_a2ab6135b661.exe,965514,5.67,4.053,2,0,1
ember_37697eed39d1.exe,152096,1.72,5.818,5,0,1
ember_fc86b31ed372.exe,2105344,62.87,5.59,73,1,1
ember_b313219b7d2e.exe,1960448,1.5,7.515,16,0,1
ember_7e156122343c.exe,89016,19.4,3.565,168,0,1
ember_1f4c0461753d.exe,481280,15.98,5.648,182,2,1
ember_cee8ac80acc3.exe,1393531,21.85,3.749,191,0,1
ember_a62ddaa654ee.exe,3375104,72.86,2.939,63,1,1
ember_2c8aca20f76d.exe,967654,5.66,4.053,2,0,1
ember_b9e84582ec99.exe,1503744,37.42,5.602,82,1,1
ember_d7396c96cc71.exe,964854,5.67,4.053,2,0,1
ember_cad6d8cb552d.exe,389632,20.36,6.832,10,0,1
ember_47e0b42ea66b.exe,343602,6.08,5.037,61,0,1
ember_2080e370af3a.exe,7680,45.85,3.406,1,0,1
ember_bfe2269d5864.exe,1339392,43.09,5.714,0,0,1
ember_bb8e498d8a45.exe,410624,8.91,5.466,433,0,1
